id,query_type,strategy,question,chunks_before,chunks_after,unique_sources,original_context_tokens,context_tokens,removed_tokens,compression_ratio,relevant_source_retained,relevant_chunks,relevant_evidence_density_proxy,optimization_seconds,sources,source_fragments
qt001,DIRECT,full,How does PostgreSQL streaming replication work?,5,5,2,389,389,0,0.0,1,4,1.0282776349614395,0.0059674999210983515,datasets\raw\postgres-replication.md|datasets\raw\postgres-replication.md|datasets\raw\postgres-replication.md|datasets\raw\postgres-replication.md|datasets\raw\postgres-mvcc.md,"[{""source_id"":""datasets\\raw\\postgres-replication.md#0"",""selected_sentence_indices"":[0,1,2,3,4],""original_tokens"":83,""optimized_tokens"":83},{""source_id"":""datasets\\raw\\postgres-replication.md#1"",""selected_sentence_indices"":[0,1,2,3,4],""original_tokens"":87,""optimized_tokens"":87},{""source_id"":""datasets\\raw\\postgres-replication.md#3"",""selected_sentence_indices"":[0,1,2,3,4],""original_tokens"":92,""optimized_tokens"":92},{""source_id"":""datasets\\raw\\postgres-replication.md#4"",""selected_sentence_indices"":[0,1],""original_tokens"":34,""optimized_tokens"":34},{""source_id"":""datasets\\raw\\postgres-mvcc.md#2"",""selected_sentence_indices"":[0,1,2,3,4,5],""original_tokens"":93,""optimized_tokens"":93}]"
qt001,DIRECT,deduplicated,How does PostgreSQL streaming replication work?,5,5,2,389,389,0,0.0,1,4,1.0282776349614395,0.11242390004917979,datasets\raw\postgres-replication.md|datasets\raw\postgres-replication.md|datasets\raw\postgres-replication.md|datasets\raw\postgres-replication.md|datasets\raw\postgres-mvcc.md,"[{""source_id"":""datasets\\raw\\postgres-replication.md#0"",""selected_sentence_indices"":[0,1,2,3,4],""original_tokens"":83,""optimized_tokens"":83},{""source_id"":""datasets\\raw\\postgres-replication.md#1"",""selected_sentence_indices"":[0,1,2,3,4],""original_tokens"":87,""optimized_tokens"":87},{""source_id"":""datasets\\raw\\postgres-replication.md#3"",""selected_sentence_indices"":[0,1,2,3,4],""original_tokens"":92,""optimized_tokens"":92},{""source_id"":""datasets\\raw\\postgres-replication.md#4"",""selected_sentence_indices"":[0,1],""original_tokens"":34,""optimized_tokens"":34},{""source_id"":""datasets\\raw\\postgres-mvcc.md#2"",""selected_sentence_indices"":[0,1,2,3,4,5],""original_tokens"":93,""optimized_tokens"":93}]"
qt001,DIRECT,extractive,How does PostgreSQL streaming replication work?,5,5,2,389,258,131,0.33676092544987146,1,4,1.5503875968992247,0.3542983001098037,datasets\raw\postgres-replication.md|datasets\raw\postgres-replication.md|datasets\raw\postgres-replication.md|datasets\raw\postgres-replication.md|datasets\raw\postgres-mvcc.md,"[{""source_id"":""datasets\\raw\\postgres-replication.md#0"",""selected_sentence_indices"":[0,2,4],""original_tokens"":83,""optimized_tokens"":50},{""source_id"":""datasets\\raw\\postgres-replication.md#1"",""selected_sentence_indices"":[1,2,3],""original_tokens"":87,""optimized_tokens"":77},{""source_id"":""datasets\\raw\\postgres-replication.md#3"",""selected_sentence_indices"":[1,3,4],""original_tokens"":92,""optimized_tokens"":49},{""source_id"":""datasets\\raw\\postgres-replication.md#4"",""selected_sentence_indices"":[1],""original_tokens"":34,""optimized_tokens"":26},{""source_id"":""datasets\\raw\\postgres-mvcc.md#2"",""selected_sentence_indices"":[1,4,5],""original_tokens"":93,""optimized_tokens"":56}]"
qt001,DIRECT,budgeted,How does PostgreSQL streaming replication work?,5,5,2,389,236,153,0.39331619537275064,1,4,1.6949152542372883,0.30486899986863136,datasets\raw\postgres-replication.md|datasets\raw\postgres-replication.md|datasets\raw\postgres-replication.md|datasets\raw\postgres-replication.md|datasets\raw\postgres-mvcc.md,"[{""source_id"":""datasets\\raw\\postgres-replication.md#0"",""selected_sentence_indices"":[0,2,4],""original_tokens"":83,""optimized_tokens"":50},{""source_id"":""datasets\\raw\\postgres-replication.md#1"",""selected_sentence_indices"":[1,2,3],""original_tokens"":87,""optimized_tokens"":77},{""source_id"":""datasets\\raw\\postgres-replication.md#3"",""selected_sentence_indices"":[1,3,4],""original_tokens"":92,""optimized_tokens"":49},{""source_id"":""datasets\\raw\\postgres-replication.md#4"",""selected_sentence_indices"":[1],""original_tokens"":34,""optimized_tokens"":26},{""source_id"":""datasets\\raw\\postgres-mvcc.md#2"",""selected_sentence_indices"":[1,4],""original_tokens"":93,""optimized_tokens"":34}]"
qt002,DIRECT,full,How does PostgreSQL MVCC determine row visibility?,5,5,2,396,396,0,0.0,1,4,1.0101010101010102,0.006845999974757433,datasets\raw\postgres-mvcc.md|datasets\raw\postgres-mvcc.md|datasets\raw\postgres-mvcc.md|datasets\raw\postgres-mvcc.md|datasets\raw\postgres-replication.md,"[{""source_id"":""datasets\\raw\\postgres-mvcc.md#1"",""selected_sentence_indices"":[0,1,2,3,4,5],""original_tokens"":94,""optimized_tokens"":94},{""source_id"":""datasets\\raw\\postgres-mvcc.md#0"",""selected_sentence_indices"":[0,1,2,3,4],""original_tokens"":91,""optimized_tokens"":91},{""source_id"":""datasets\\raw\\postgres-mvcc.md#3"",""selected_sentence_indices"":[0],""original_tokens"":26,""optimized_tokens"":26},{""source_id"":""datasets\\raw\\postgres-mvcc.md#2"",""selected_sentence_indices"":[0,1,2,3,4,5],""original_tokens"":93,""optimized_tokens"":93},{""source_id"":""datasets\\raw\\postgres-replication.md#3"",""selected_sentence_indices"":[0,1,2,3,4],""original_tokens"":92,""optimized_tokens"":92}]"
qt002,DIRECT,deduplicated,How does PostgreSQL MVCC determine row visibility?,5,5,2,396,396,0,0.0,1,4,1.0101010101010102,0.08110839989967644,datasets\raw\postgres-mvcc.md|datasets\raw\postgres-mvcc.md|datasets\raw\postgres-mvcc.md|datasets\raw\postgres-mvcc.md|datasets\raw\postgres-replication.md,"[{""source_id"":""datasets\\raw\\postgres-mvcc.md#1"",""selected_sentence_indices"":[0,1,2,3,4,5],""original_tokens"":94,""optimized_tokens"":94},{""source_id"":""datasets\\raw\\postgres-mvcc.md#0"",""selected_sentence_indices"":[0,1,2,3,4],""original_tokens"":91,""optimized_tokens"":91},{""source_id"":""datasets\\raw\\postgres-mvcc.md#3"",""selected_sentence_indices"":[0],""original_tokens"":26,""optimized_tokens"":26},{""source_id"":""datasets\\raw\\postgres-mvcc.md#2"",""selected_sentence_indices"":[0,1,2,3,4,5],""original_tokens"":93,""optimized_tokens"":93},{""source_id"":""datasets\\raw\\postgres-replication.md#3"",""selected_sentence_indices"":[0,1,2,3,4],""original_tokens"":92,""optimized_tokens"":92}]"
qt002,DIRECT,extractive,How does PostgreSQL MVCC determine row visibility?,5,5,2,396,228,168,0.42424242424242425,1,4,1.7543859649122808,0.2543289000168443,datasets\raw\postgres-mvcc.md|datasets\raw\postgres-mvcc.md|datasets\raw\postgres-mvcc.md|datasets\raw\postgres-mvcc.md|datasets\raw\postgres-replication.md,"[{""source_id"":""datasets\\raw\\postgres-mvcc.md#1"",""selected_sentence_indices"":[0,3,5],""original_tokens"":94,""optimized_tokens"":37},{""source_id"":""datasets\\raw\\postgres-mvcc.md#0"",""selected_sentence_indices"":[0,2,3],""original_tokens"":91,""optimized_tokens"":60},{""source_id"":""datasets\\raw\\postgres-mvcc.md#3"",""selected_sentence_indices"":[0],""original_tokens"":26,""optimized_tokens"":26},{""source_id"":""datasets\\raw\\postgres-mvcc.md#2"",""selected_sentence_indices"":[1,4,5],""original_tokens"":93,""optimized_tokens"":56},{""source_id"":""datasets\\raw\\postgres-replication.md#3"",""selected_sentence_indices"":[1,3,4],""original_tokens"":92,""optimized_tokens"":49}]"
qt002,DIRECT,budgeted,How does PostgreSQL MVCC determine row visibility?,5,5,2,396,228,168,0.42424242424242425,1,4,1.7543859649122808,0.2671180998440832,datasets\raw\postgres-mvcc.md|datasets\raw\postgres-mvcc.md|datasets\raw\postgres-mvcc.md|datasets\raw\postgres-mvcc.md|datasets\raw\postgres-replication.md,"[{""source_id"":""datasets\\raw\\postgres-mvcc.md#1"",""selected_sentence_indices"":[0,3,5],""original_tokens"":94,""optimized_tokens"":37},{""source_id"":""datasets\\raw\\postgres-mvcc.md#0"",""selected_sentence_indices"":[0,2,3],""original_tokens"":91,""optimized_tokens"":60},{""source_id"":""datasets\\raw\\postgres-mvcc.md#3"",""selected_sentence_indices"":[0],""original_tokens"":26,""optimized_tokens"":26},{""source_id"":""datasets\\raw\\postgres-mvcc.md#2"",""selected_sentence_indices"":[1,4,5],""original_tokens"":93,""optimized_tokens"":56},{""source_id"":""datasets\\raw\\postgres-replication.md#3"",""selected_sentence_indices"":[1,3,4],""original_tokens"":92,""optimized_tokens"":49}]"
qt003,DIRECT,full,How does Kubernetes select a node for a Pod?,5,5,2,411,411,0,0.0,1,4,0.97323600973236,0.005882299970835447,datasets\raw\kubernetes-scheduling.md|datasets\raw\kubernetes-scheduling.md|datasets\raw\kubernetes-scheduling.md|datasets\raw\kubernetes-scheduling.md|datasets\raw\kafka-overview.md,"[{""source_id"":""datasets\\raw\\kubernetes-scheduling.md#0"",""selected_sentence_indices"":[0,1,2,3,4],""original_tokens"":91,""optimized_tokens"":91},{""source_id"":""datasets\\raw\\kubernetes-scheduling.md#2"",""selected_sentence_indices"":[0,1,2,3,4,5,6],""original_tokens"":96,""optimized_tokens"":96},{""source_id"":""datasets\\raw\\kubernetes-scheduling.md#3"",""selected_sentence_indices"":[0,1],""original_tokens"":37,""optimized_tokens"":37},{""source_id"":""datasets\\raw\\kubernetes-scheduling.md#1"",""selected_sentence_indices"":[0,1,2,3,4,5,6],""original_tokens"":94,""optimized_tokens"":94},{""source_id"":""datasets\\raw\\kafka-overview.md#1"",""selected_sentence_indices"":[0,1,2,3,4,5,6],""original_tokens"":93,""optimized_tokens"":93}]"
qt003,DIRECT,deduplicated,How does Kubernetes select a node for a Pod?,5,5,2,411,411,0,0.0,1,4,0.97323600973236,0.07531729992479086,datasets\raw\kubernetes-scheduling.md|datasets\raw\kubernetes-scheduling.md|datasets\raw\kubernetes-scheduling.md|datasets\raw\kubernetes-scheduling.md|datasets\raw\kafka-overview.md,"[{""source_id"":""datasets\\raw\\kubernetes-scheduling.md#0"",""selected_sentence_indices"":[0,1,2,3,4],""original_tokens"":91,""optimized_tokens"":91},{""source_id"":""datasets\\raw\\kubernetes-scheduling.md#2"",""selected_sentence_indices"":[0,1,2,3,4,5,6],""original_tokens"":96,""optimized_tokens"":96},{""source_id"":""datasets\\raw\\kubernetes-scheduling.md#3"",""selected_sentence_indices"":[0,1],""original_tokens"":37,""optimized_tokens"":37},{""source_id"":""datasets\\raw\\kubernetes-scheduling.md#1"",""selected_sentence_indices"":[0,1,2,3,4,5,6],""original_tokens"":94,""optimized_tokens"":94},{""source_id"":""datasets\\raw\\kafka-overview.md#1"",""selected_sentence_indices"":[0,1,2,3,4,5,6],""original_tokens"":93,""optimized_tokens"":93}]"
qt003,DIRECT,extractive,How does Kubernetes select a node for a Pod?,5,5,2,411,237,174,0.4233576642335766,1,4,1.6877637130801686,0.3260621998924762,datasets\raw\kubernetes-scheduling.md|datasets\raw\kubernetes-scheduling.md|datasets\raw\kubernetes-scheduling.md|datasets\raw\kubernetes-scheduling.md|datasets\raw\kafka-overview.md,"[{""source_id"":""datasets\\raw\\kubernetes-scheduling.md#0"",""selected_sentence_indices"":[0,1,2],""original_tokens"":91,""optimized_tokens"":49},{""source_id"":""datasets\\raw\\kubernetes-scheduling.md#2"",""selected_sentence_indices"":[2,3,4,6],""original_tokens"":96,""optimized_tokens"":60},{""source_id"":""datasets\\raw\\kubernetes-scheduling.md#3"",""selected_sentence_indices"":[1],""original_tokens"":37,""optimized_tokens"":26},{""source_id"":""datasets\\raw\\kubernetes-scheduling.md#1"",""selected_sentence_indices"":[1,3,4,5],""original_tokens"":94,""optimized_tokens"":42},{""source_id"":""datasets\\raw\\kafka-overview.md#1"",""selected_sentence_indices"":[1,2,3,6],""original_tokens"":93,""optimized_tokens"":60}]"
qt003,DIRECT,budgeted,How does Kubernetes select a node for a Pod?,5,5,2,411,237,174,0.4233576642335766,1,4,1.6877637130801686,0.31791949993930757,datasets\raw\kubernetes-scheduling.md|datasets\raw\kubernetes-scheduling.md|datasets\raw\kubernetes-scheduling.md|datasets\raw\kubernetes-scheduling.md|datasets\raw\kafka-overview.md,"[{""source_id"":""datasets\\raw\\kubernetes-scheduling.md#0"",""selected_sentence_indices"":[0,1,2],""original_tokens"":91,""optimized_tokens"":49},{""source_id"":""datasets\\raw\\kubernetes-scheduling.md#2"",""selected_sentence_indices"":[2,3,4,6],""original_tokens"":96,""optimized_tokens"":60},{""source_id"":""datasets\\raw\\kubernetes-scheduling.md#3"",""selected_sentence_indices"":[1],""original_tokens"":37,""optimized_tokens"":26},{""source_id"":""datasets\\raw\\kubernetes-scheduling.md#1"",""selected_sentence_indices"":[1,3,4,5],""original_tokens"":94,""optimized_tokens"":42},{""source_id"":""datasets\\raw\\kafka-overview.md#1"",""selected_sentence_indices"":[1,2,3,6],""original_tokens"":93,""optimized_tokens"":60}]"
qt004,DIRECT,full,What is Apache Kafka used for?,5,5,2,404,404,0,0.0,1,4,0.9900990099009901,0.006205000216141343,datasets\raw\kafka-overview.md|datasets\raw\kafka-overview.md|datasets\raw\kafka-overview.md|datasets\raw\kafka-overview.md|datasets\raw\postgres-mvcc.md,"[{""source_id"":""datasets\\raw\\kafka-overview.md#0"",""selected_sentence_indices"":[0,1,2,3,4,5],""original_tokens"":87,""optimized_tokens"":87},{""source_id"":""datasets\\raw\\kafka-overview.md#1"",""selected_sentence_indices"":[0,1,2,3,4,5,6],""original_tokens"":93,""optimized_tokens"":93},{""source_id"":""datasets\\raw\\kafka-overview.md#3"",""selected_sentence_indices"":[0,1],""original_tokens"":41,""optimized_tokens"":41},{""source_id"":""datasets\\raw\\kafka-overview.md#2"",""selected_sentence_indices"":[0,1,2,3,4,5],""original_tokens"":90,""optimized_tokens"":90},{""source_id"":""datasets\\raw\\postgres-mvcc.md#2"",""selected_sentence_indices"":[0,1,2,3,4,5],""original_tokens"":93,""optimized_tokens"":93}]"
qt004,DIRECT,deduplicated,What is Apache Kafka used for?,5,5,2,404,404,0,0.0,1,4,0.9900990099009901,0.07945810002274811,datasets\raw\kafka-overview.md|datasets\raw\kafka-overview.md|datasets\raw\kafka-overview.md|datasets\raw\kafka-overview.md|datasets\raw\postgres-mvcc.md,"[{""source_id"":""datasets\\raw\\kafka-overview.md#0"",""selected_sentence_indices"":[0,1,2,3,4,5],""original_tokens"":87,""optimized_tokens"":87},{""source_id"":""datasets\\raw\\kafka-overview.md#1"",""selected_sentence_indices"":[0,1,2,3,4,5,6],""original_tokens"":93,""optimized_tokens"":93},{""source_id"":""datasets\\raw\\kafka-overview.md#3"",""selected_sentence_indices"":[0,1],""original_tokens"":41,""optimized_tokens"":41},{""source_id"":""datasets\\raw\\kafka-overview.md#2"",""selected_sentence_indices"":[0,1,2,3,4,5],""original_tokens"":90,""optimized_tokens"":90},{""source_id"":""datasets\\raw\\postgres-mvcc.md#2"",""selected_sentence_indices"":[0,1,2,3,4,5],""original_tokens"":93,""optimized_tokens"":93}]"
qt004,DIRECT,extractive,What is Apache Kafka used for?,5,5,2,404,211,193,0.4777227722772277,1,4,1.8957345971563981,0.30377890006639063,datasets\raw\kafka-overview.md|datasets\raw\kafka-overview.md|datasets\raw\kafka-overview.md|datasets\raw\kafka-overview.md|datasets\raw\postgres-mvcc.md,"[{""source_id"":""datasets\\raw\\kafka-overview.md#0"",""selected_sentence_indices"":[0,4,5],""original_tokens"":87,""optimized_tokens"":53},{""source_id"":""datasets\\raw\\kafka-overview.md#1"",""selected_sentence_indices"":[0,1,2,6],""original_tokens"":93,""optimized_tokens"":51},{""source_id"":""datasets\\raw\\kafka-overview.md#3"",""selected_sentence_indices"":[0],""original_tokens"":41,""optimized_tokens"":8},{""source_id"":""datasets\\raw\\kafka-overview.md#2"",""selected_sentence_indices"":[2,4,5],""original_tokens"":90,""optimized_tokens"":44},{""source_id"":""datasets\\raw\\postgres-mvcc.md#2"",""selected_sentence_indices"":[2,3,5],""original_tokens"":93,""optimized_tokens"":55}]"
qt004,DIRECT,budgeted,What is Apache Kafka used for?,5,5,2,404,211,193,0.4777227722772277,1,4,1.8957345971563981,0.2871230999007821,datasets\raw\kafka-overview.md|datasets\raw\kafka-overview.md|datasets\raw\kafka-overview.md|datasets\raw\kafka-overview.md|datasets\raw\postgres-mvcc.md,"[{""source_id"":""datasets\\raw\\kafka-overview.md#0"",""selected_sentence_indices"":[0,4,5],""original_tokens"":87,""optimized_tokens"":53},{""source_id"":""datasets\\raw\\kafka-overview.md#1"",""selected_sentence_indices"":[0,1,2,6],""original_tokens"":93,""optimized_tokens"":51},{""source_id"":""datasets\\raw\\kafka-overview.md#3"",""selected_sentence_indices"":[0],""original_tokens"":41,""optimized_tokens"":8},{""source_id"":""datasets\\raw\\kafka-overview.md#2"",""selected_sentence_indices"":[2,4,5],""original_tokens"":90,""optimized_tokens"":44},{""source_id"":""datasets\\raw\\postgres-mvcc.md#2"",""selected_sentence_indices"":[2,3,5],""original_tokens"":93,""optimized_tokens"":55}]"
qt005,DIRECT,full,What trade-off does synchronous PostgreSQL replication make?,5,5,2,322,322,0,0.0,1,4,1.2422360248447204,0.0064922000747174025,datasets\raw\postgres-replication.md|datasets\raw\postgres-replication.md|datasets\raw\postgres-replication.md|datasets\raw\postgres-replication.md|datasets\raw\postgres-mvcc.md,"[{""source_id"":""datasets\\raw\\postgres-replication.md#3"",""selected_sentence_indices"":[0,1,2,3,4],""original_tokens"":92,""optimized_tokens"":92},{""source_id"":""datasets\\raw\\postgres-replication.md#0"",""selected_sentence_indices"":[0,1,2,3,4],""original_tokens"":83,""optimized_tokens"":83},{""source_id"":""datasets\\raw\\postgres-replication.md#1"",""selected_sentence_indices"":[0,1,2,3,4],""original_tokens"":87,""optimized_tokens"":87},{""source_id"":""datasets\\raw\\postgres-replication.md#4"",""selected_sentence_indices"":[0,1],""original_tokens"":34,""optimized_tokens"":34},{""source_id"":""datasets\\raw\\postgres-mvcc.md#3"",""selected_sentence_indices"":[0],""original_tokens"":26,""optimized_tokens"":26}]"
qt005,DIRECT,deduplicated,What trade-off does synchronous PostgreSQL replication make?,5,5,2,322,322,0,0.0,1,4,1.2422360248447204,0.07760549988597631,datasets\raw\postgres-replication.md|datasets\raw\postgres-replication.md|datasets\raw\postgres-replication.md|datasets\raw\postgres-replication.md|datasets\raw\postgres-mvcc.md,"[{""source_id"":""datasets\\raw\\postgres-replication.md#3"",""selected_sentence_indices"":[0,1,2,3,4],""original_tokens"":92,""optimized_tokens"":92},{""source_id"":""datasets\\raw\\postgres-replication.md#0"",""selected_sentence_indices"":[0,1,2,3,4],""original_tokens"":83,""optimized_tokens"":83},{""source_id"":""datasets\\raw\\postgres-replication.md#1"",""selected_sentence_indices"":[0,1,2,3,4],""original_tokens"":87,""optimized_tokens"":87},{""source_id"":""datasets\\raw\\postgres-replication.md#4"",""selected_sentence_indices"":[0,1],""original_tokens"":34,""optimized_tokens"":34},{""source_id"":""datasets\\raw\\postgres-mvcc.md#3"",""selected_sentence_indices"":[0],""original_tokens"":26,""optimized_tokens"":26}]"
qt005,DIRECT,extractive,What trade-off does synchronous PostgreSQL replication make?,5,5,2,322,228,94,0.2919254658385093,1,4,1.7543859649122808,0.24782650009728968,datasets\raw\postgres-replication.md|datasets\raw\postgres-replication.md|datasets\raw\postgres-replication.md|datasets\raw\postgres-replication.md|datasets\raw\postgres-mvcc.md,"[{""source_id"":""datasets\\raw\\postgres-replication.md#3"",""selected_sentence_indices"":[1,3,4],""original_tokens"":92,""optimized_tokens"":49},{""source_id"":""datasets\\raw\\postgres-replication.md#0"",""selected_sentence_indices"":[0,2,4],""original_tokens"":83,""optimized_tokens"":50},{""source_id"":""datasets\\raw\\postgres-replication.md#1"",""selected_sentence_indices"":[1,2,3],""original_tokens"":87,""optimized_tokens"":77},{""source_id"":""datasets\\raw\\postgres-replication.md#4"",""selected_sentence_indices"":[1],""original_tokens"":34,""optimized_tokens"":26},{""source_id"":""datasets\\raw\\postgres-mvcc.md#3"",""selected_sentence_indices"":[0],""original_tokens"":26,""optimized_tokens"":26}]"
qt005,DIRECT,budgeted,What trade-off does synchronous PostgreSQL replication make?,5,5,2,322,228,94,0.2919254658385093,1,4,1.7543859649122808,0.27012700005434453,datasets\raw\postgres-replication.md|datasets\raw\postgres-replication.md|datasets\raw\postgres-replication.md|datasets\raw\postgres-replication.md|datasets\raw\postgres-mvcc.md,"[{""source_id"":""datasets\\raw\\postgres-replication.md#3"",""selected_sentence_indices"":[1,3,4],""original_tokens"":92,""optimized_tokens"":49},{""source_id"":""datasets\\raw\\postgres-replication.md#0"",""selected_sentence_indices"":[0,2,4],""original_tokens"":83,""optimized_tokens"":50},{""source_id"":""datasets\\raw\\postgres-replication.md#1"",""selected_sentence_indices"":[1,2,3],""original_tokens"":87,""optimized_tokens"":77},{""source_id"":""datasets\\raw\\postgres-replication.md#4"",""selected_sentence_indices"":[1],""original_tokens"":34,""optimized_tokens"":26},{""source_id"":""datasets\\raw\\postgres-mvcc.md#3"",""selected_sentence_indices"":[0],""original_tokens"":26,""optimized_tokens"":26}]"
qt006,DIRECT,full,What does PostgreSQL VACUUM do?,5,5,2,385,385,0,0.0,1,3,0.7792207792207793,0.007531499955803156,datasets\raw\postgres-mvcc.md|datasets\raw\postgres-mvcc.md|datasets\raw\postgres-replication.md|datasets\raw\postgres-replication.md|datasets\raw\postgres-mvcc.md,"[{""source_id"":""datasets\\raw\\postgres-mvcc.md#2"",""selected_sentence_indices"":[0,1,2,3,4,5],""original_tokens"":93,""optimized_tokens"":93},{""source_id"":""datasets\\raw\\postgres-mvcc.md#0"",""selected_sentence_indices"":[0,1,2,3,4],""original_tokens"":91,""optimized_tokens"":91},{""source_id"":""datasets\\raw\\postgres-replication.md#3"",""selected_sentence_indices"":[0,1,2,3,4],""original_tokens"":92,""optimized_tokens"":92},{""source_id"":""datasets\\raw\\postgres-replication.md#0"",""selected_sentence_indices"":[0,1,2,3,4],""original_tokens"":83,""optimized_tokens"":83},{""source_id"":""datasets\\raw\\postgres-mvcc.md#3"",""selected_sentence_indices"":[0],""original_tokens"":26,""optimized_tokens"":26}]"
qt006,DIRECT,deduplicated,What does PostgreSQL VACUUM do?,5,5,2,385,385,0,0.0,1,3,0.7792207792207793,0.08592380001209676,datasets\raw\postgres-mvcc.md|datasets\raw\postgres-mvcc.md|datasets\raw\postgres-replication.md|datasets\raw\postgres-replication.md|datasets\raw\postgres-mvcc.md,"[{""source_id"":""datasets\\raw\\postgres-mvcc.md#2"",""selected_sentence_indices"":[0,1,2,3,4,5],""original_tokens"":93,""optimized_tokens"":93},{""source_id"":""datasets\\raw\\postgres-mvcc.md#0"",""selected_sentence_indices"":[0,1,2,3,4],""original_tokens"":91,""optimized_tokens"":91},{""source_id"":""datasets\\raw\\postgres-replication.md#3"",""selected_sentence_indices"":[0,1,2,3,4],""original_tokens"":92,""optimized_tokens"":92},{""source_id"":""datasets\\raw\\postgres-replication.md#0"",""selected_sentence_indices"":[0,1,2,3,4],""original_tokens"":83,""optimized_tokens"":83},{""source_id"":""datasets\\raw\\postgres-mvcc.md#3"",""selected_sentence_indices"":[0],""original_tokens"":26,""optimized_tokens"":26}]"
qt006,DIRECT,extractive,What does PostgreSQL VACUUM do?,5,5,2,385,250,135,0.35064935064935066,1,3,1.2,0.2709764000028372,datasets\raw\postgres-mvcc.md|datasets\raw\postgres-mvcc.md|datasets\raw\postgres-replication.md|datasets\raw\postgres-replication.md|datasets\raw\postgres-mvcc.md,"[{""source_id"":""datasets\\raw\\postgres-mvcc.md#2"",""selected_sentence_indices"":[1,2,3],""original_tokens"":93,""optimized_tokens"":52},{""source_id"":""datasets\\raw\\postgres-mvcc.md#0"",""selected_sentence_indices"":[0,3,4],""original_tokens"":91,""optimized_tokens"":58},{""source_id"":""datasets\\raw\\postgres-replication.md#3"",""selected_sentence_indices"":[1,2,3],""original_tokens"":92,""optimized_tokens"":56},{""source_id"":""datasets\\raw\\postgres-replication.md#0"",""selected_sentence_indices"":[0,1,2],""original_tokens"":83,""optimized_tokens"":58},{""source_id"":""datasets\\raw\\postgres-mvcc.md#3"",""selected_sentence_indices"":[0],""original_tokens"":26,""optimized_tokens"":26}]"
qt006,DIRECT,budgeted,What does PostgreSQL VACUUM do?,5,5,2,385,250,135,0.35064935064935066,1,3,1.2,0.2714273000601679,datasets\raw\postgres-mvcc.md|datasets\raw\postgres-mvcc.md|datasets\raw\postgres-replication.md|datasets\raw\postgres-replication.md|datasets\raw\postgres-mvcc.md,"[{""source_id"":""datasets\\raw\\postgres-mvcc.md#2"",""selected_sentence_indices"":[1,2,3],""original_tokens"":93,""optimized_tokens"":52},{""source_id"":""datasets\\raw\\postgres-mvcc.md#0"",""selected_sentence_indices"":[0,3,4],""original_tokens"":91,""optimized_tokens"":58},{""source_id"":""datasets\\raw\\postgres-replication.md#3"",""selected_sentence_indices"":[1,2,3],""original_tokens"":92,""optimized_tokens"":56},{""source_id"":""datasets\\raw\\postgres-replication.md#0"",""selected_sentence_indices"":[0,1,2],""original_tokens"":83,""optimized_tokens"":58},{""source_id"":""datasets\\raw\\postgres-mvcc.md#3"",""selected_sentence_indices"":[0],""original_tokens"":26,""optimized_tokens"":26}]"
qt007,DIRECT,full,How do Kubernetes taints and tolerations affect scheduling?,5,5,2,408,408,0,0.0,1,4,0.9803921568627451,0.006379600148648024,datasets\raw\kubernetes-scheduling.md|datasets\raw\kubernetes-scheduling.md|datasets\raw\kubernetes-scheduling.md|datasets\raw\kubernetes-scheduling.md|datasets\raw\kafka-overview.md,"[{""source_id"":""datasets\\raw\\kubernetes-scheduling.md#2"",""selected_sentence_indices"":[0,1,2,3,4,5,6],""original_tokens"":96,""optimized_tokens"":96},{""source_id"":""datasets\\raw\\kubernetes-scheduling.md#0"",""selected_sentence_indices"":[0,1,2,3,4],""original_tokens"":91,""optimized_tokens"":91},{""source_id"":""datasets\\raw\\kubernetes-scheduling.md#3"",""selected_sentence_indices"":[0,1],""original_tokens"":37,""optimized_tokens"":37},{""source_id"":""datasets\\raw\\kubernetes-scheduling.md#1"",""selected_sentence_indices"":[0,1,2,3,4,5,6],""original_tokens"":94,""optimized_tokens"":94},{""source_id"":""datasets\\raw\\kafka-overview.md#2"",""selected_sentence_indices"":[0,1,2,3,4,5],""original_tokens"":90,""optimized_tokens"":90}]"
qt007,DIRECT,deduplicated,How do Kubernetes taints and tolerations affect scheduling?,5,5,2,408,408,0,0.0,1,4,0.9803921568627451,0.08161160000599921,datasets\raw\kubernetes-scheduling.md|datasets\raw\kubernetes-scheduling.md|datasets\raw\kubernetes-scheduling.md|datasets\raw\kubernetes-scheduling.md|datasets\raw\kafka-overview.md,"[{""source_id"":""datasets\\raw\\kubernetes-scheduling.md#2"",""selected_sentence_indices"":[0,1,2,3,4,5,6],""original_tokens"":96,""optimized_tokens"":96},{""source_id"":""datasets\\raw\\kubernetes-scheduling.md#0"",""selected_sentence_indices"":[0,1,2,3,4],""original_tokens"":91,""optimized_tokens"":91},{""source_id"":""datasets\\raw\\kubernetes-scheduling.md#3"",""selected_sentence_indices"":[0,1],""original_tokens"":37,""optimized_tokens"":37},{""source_id"":""datasets\\raw\\kubernetes-scheduling.md#1"",""selected_sentence_indices"":[0,1,2,3,4,5,6],""original_tokens"":94,""optimized_tokens"":94},{""source_id"":""datasets\\raw\\kafka-overview.md#2"",""selected_sentence_indices"":[0,1,2,3,4,5],""original_tokens"":90,""optimized_tokens"":90}]"
qt007,DIRECT,extractive,How do Kubernetes taints and tolerations affect scheduling?,5,5,2,408,236,172,0.4215686274509804,1,4,1.6949152542372883,0.3082187999971211,datasets\raw\kubernetes-scheduling.md|datasets\raw\kubernetes-scheduling.md|datasets\raw\kubernetes-scheduling.md|datasets\raw\kubernetes-scheduling.md|datasets\raw\kafka-overview.md,"[{""source_id"":""datasets\\raw\\kubernetes-scheduling.md#2"",""selected_sentence_indices"":[1,2,4,6],""original_tokens"":96,""optimized_tokens"":70},{""source_id"":""datasets\\raw\\kubernetes-scheduling.md#0"",""selected_sentence_indices"":[0,1,2],""original_tokens"":91,""optimized_tokens"":49},{""source_id"":""datasets\\raw\\kubernetes-scheduling.md#3"",""selected_sentence_indices"":[1],""original_tokens"":37,""optimized_tokens"":26},{""source_id"":""datasets\\raw\\kubernetes-scheduling.md#1"",""selected_sentence_indices"":[1,4,5,6],""original_tokens"":94,""optimized_tokens"":47},{""source_id"":""datasets\\raw\\kafka-overview.md#2"",""selected_sentence_indices"":[2,4,5],""original_tokens"":90,""optimized_tokens"":44}]"
qt007,DIRECT,budgeted,How do Kubernetes taints and tolerations affect scheduling?,5,5,2,408,236,172,0.4215686274509804,1,4,1.6949152542372883,0.3164411000907421,datasets\raw\kubernetes-scheduling.md|datasets\raw\kubernetes-scheduling.md|datasets\raw\kubernetes-scheduling.md|datasets\raw\kubernetes-scheduling.md|datasets\raw\kafka-overview.md,"[{""source_id"":""datasets\\raw\\kubernetes-scheduling.md#2"",""selected_sentence_indices"":[1,2,4,6],""original_tokens"":96,""optimized_tokens"":70},{""source_id"":""datasets\\raw\\kubernetes-scheduling.md#0"",""selected_sentence_indices"":[0,1,2],""original_tokens"":91,""optimized_tokens"":49},{""source_id"":""datasets\\raw\\kubernetes-scheduling.md#3"",""selected_sentence_indices"":[1],""original_tokens"":37,""optimized_tokens"":26},{""source_id"":""datasets\\raw\\kubernetes-scheduling.md#1"",""selected_sentence_indices"":[1,4,5,6],""original_tokens"":94,""optimized_tokens"":47},{""source_id"":""datasets\\raw\\kafka-overview.md#2"",""selected_sentence_indices"":[2,4,5],""original_tokens"":90,""optimized_tokens"":44}]"
qt008,DIRECT,full,How do Kafka consumer groups divide work?,5,5,2,403,403,0,0.0,1,4,0.9925558312655086,0.006652300013229251,datasets\raw\kafka-overview.md|datasets\raw\kafka-overview.md|datasets\raw\kafka-overview.md|datasets\raw\kafka-overview.md|datasets\raw\postgres-replication.md,"[{""source_id"":""datasets\\raw\\kafka-overview.md#1"",""selected_sentence_indices"":[0,1,2,3,4,5,6],""original_tokens"":93,""optimized_tokens"":93},{""source_id"":""datasets\\raw\\kafka-overview.md#2"",""selected_sentence_indices"":[0,1,2,3,4,5],""original_tokens"":90,""optimized_tokens"":90},{""source_id"":""datasets\\raw\\kafka-overview.md#0"",""selected_sentence_indices"":[0,1,2,3,4,5],""original_tokens"":87,""optimized_tokens"":87},{""source_id"":""datasets\\raw\\kafka-overview.md#3"",""selected_sentence_indices"":[0,1],""original_tokens"":41,""optimized_tokens"":41},{""source_id"":""datasets\\raw\\postgres-replication.md#3"",""selected_sentence_indices"":[0,1,2,3,4],""original_tokens"":92,""optimized_tokens"":92}]"
qt008,DIRECT,deduplicated,How do Kafka consumer groups divide work?,5,5,2,403,403,0,0.0,1,4,0.9925558312655086,0.08041539997793734,datasets\raw\kafka-overview.md|datasets\raw\kafka-overview.md|datasets\raw\kafka-overview.md|datasets\raw\kafka-overview.md|datasets\raw\postgres-replication.md,"[{""source_id"":""datasets\\raw\\kafka-overview.md#1"",""selected_sentence_indices"":[0,1,2,3,4,5,6],""original_tokens"":93,""optimized_tokens"":93},{""source_id"":""datasets\\raw\\kafka-overview.md#2"",""selected_sentence_indices"":[0,1,2,3,4,5],""original_tokens"":90,""optimized_tokens"":90},{""source_id"":""datasets\\raw\\kafka-overview.md#0"",""selected_sentence_indices"":[0,1,2,3,4,5],""original_tokens"":87,""optimized_tokens"":87},{""source_id"":""datasets\\raw\\kafka-overview.md#3"",""selected_sentence_indices"":[0,1],""original_tokens"":41,""optimized_tokens"":41},{""source_id"":""datasets\\raw\\postgres-replication.md#3"",""selected_sentence_indices"":[0,1,2,3,4],""original_tokens"":92,""optimized_tokens"":92}]"
qt008,DIRECT,extractive,How do Kafka consumer groups divide work?,5,5,2,403,223,180,0.4466501240694789,1,4,1.7937219730941705,0.30474939988926053,datasets\raw\kafka-overview.md|datasets\raw\kafka-overview.md|datasets\raw\kafka-overview.md|datasets\raw\kafka-overview.md|datasets\raw\postgres-replication.md,"[{""source_id"":""datasets\\raw\\kafka-overview.md#1"",""selected_sentence_indices"":[1,2,5,6],""original_tokens"":93,""optimized_tokens"":48},{""source_id"":""datasets\\raw\\kafka-overview.md#2"",""selected_sentence_indices"":[0,2,4],""original_tokens"":90,""optimized_tokens"":58},{""source_id"":""datasets\\raw\\kafka-overview.md#0"",""selected_sentence_indices"":[0,4,5],""original_tokens"":87,""optimized_tokens"":53},{""source_id"":""datasets\\raw\\kafka-overview.md#3"",""selected_sentence_indices"":[0],""original_tokens"":41,""optimized_tokens"":8},{""source_id"":""datasets\\raw\\postgres-replication.md#3"",""selected_sentence_indices"":[1,2,3],""original_tokens"":92,""optimized_tokens"":56}]"
qt008,DIRECT,budgeted,How do Kafka consumer groups divide work?,5,5,2,403,223,180,0.4466501240694789,1,4,1.7937219730941705,0.29355029994621873,datasets\raw\kafka-overview.md|datasets\raw\kafka-overview.md|datasets\raw\kafka-overview.md|datasets\raw\kafka-overview.md|datasets\raw\postgres-replication.md,"[{""source_id"":""datasets\\raw\\kafka-overview.md#1"",""selected_sentence_indices"":[1,2,5,6],""original_tokens"":93,""optimized_tokens"":48},{""source_id"":""datasets\\raw\\kafka-overview.md#2"",""selected_sentence_indices"":[0,2,4],""original_tokens"":90,""optimized_tokens"":58},{""source_id"":""datasets\\raw\\kafka-overview.md#0"",""selected_sentence_indices"":[0,4,5],""original_tokens"":87,""optimized_tokens"":53},{""source_id"":""datasets\\raw\\kafka-overview.md#3"",""selected_sentence_indices"":[0],""original_tokens"":41,""optimized_tokens"":8},{""source_id"":""datasets\\raw\\postgres-replication.md#3"",""selected_sentence_indices"":[1,2,3],""original_tokens"":92,""optimized_tokens"":56}]"
qt009,DIRECT,full,Why can a PostgreSQL replication slot consume disk space?,5,5,2,389,389,0,0.0,1,4,1.0282776349614395,0.007164000067859888,datasets\raw\postgres-replication.md|datasets\raw\postgres-replication.md|datasets\raw\postgres-mvcc.md|datasets\raw\postgres-replication.md|datasets\raw\postgres-replication.md,"[{""source_id"":""datasets\\raw\\postgres-replication.md#3"",""selected_sentence_indices"":[0,1,2,3,4],""original_tokens"":92,""optimized_tokens"":92},{""source_id"":""datasets\\raw\\postgres-replication.md#4"",""selected_sentence_indices"":[0,1],""original_tokens"":34,""optimized_tokens"":34},{""source_id"":""datasets\\raw\\postgres-mvcc.md#2"",""selected_sentence_indices"":[0,1,2,3,4,5],""original_tokens"":93,""optimized_tokens"":93},{""source_id"":""datasets\\raw\\postgres-replication.md#0"",""selected_sentence_indices"":[0,1,2,3,4],""original_tokens"":83,""optimized_tokens"":83},{""source_id"":""datasets\\raw\\postgres-replication.md#1"",""selected_sentence_indices"":[0,1,2,3,4],""original_tokens"":87,""optimized_tokens"":87}]"
qt009,DIRECT,deduplicated,Why can a PostgreSQL replication slot consume disk space?,5,5,2,389,389,0,0.0,1,4,1.0282776349614395,0.08336250018328428,datasets\raw\postgres-replication.md|datasets\raw\postgres-replication.md|datasets\raw\postgres-mvcc.md|datasets\raw\postgres-replication.md|datasets\raw\postgres-replication.md,"[{""source_id"":""datasets\\raw\\postgres-replication.md#3"",""selected_sentence_indices"":[0,1,2,3,4],""original_tokens"":92,""optimized_tokens"":92},{""source_id"":""datasets\\raw\\postgres-replication.md#4"",""selected_sentence_indices"":[0,1],""original_tokens"":34,""optimized_tokens"":34},{""source_id"":""datasets\\raw\\postgres-mvcc.md#2"",""selected_sentence_indices"":[0,1,2,3,4,5],""original_tokens"":93,""optimized_tokens"":93},{""source_id"":""datasets\\raw\\postgres-replication.md#0"",""selected_sentence_indices"":[0,1,2,3,4],""original_tokens"":83,""optimized_tokens"":83},{""source_id"":""datasets\\raw\\postgres-replication.md#1"",""selected_sentence_indices"":[0,1,2,3,4],""original_tokens"":87,""optimized_tokens"":87}]"
qt009,DIRECT,extractive,Why can a PostgreSQL replication slot consume disk space?,5,5,2,389,258,131,0.33676092544987146,1,4,1.5503875968992247,0.2943446999415755,datasets\raw\postgres-replication.md|datasets\raw\postgres-replication.md|datasets\raw\postgres-mvcc.md|datasets\raw\postgres-replication.md|datasets\raw\postgres-replication.md,"[{""source_id"":""datasets\\raw\\postgres-replication.md#3"",""selected_sentence_indices"":[1,2,3],""original_tokens"":92,""optimized_tokens"":56},{""source_id"":""datasets\\raw\\postgres-replication.md#4"",""selected_sentence_indices"":[1],""original_tokens"":34,""optimized_tokens"":26},{""source_id"":""datasets\\raw\\postgres-mvcc.md#2"",""selected_sentence_indices"":[1,2,5],""original_tokens"":93,""optimized_tokens"":49},{""source_id"":""datasets\\raw\\postgres-replication.md#0"",""selected_sentence_indices"":[0,2,4],""original_tokens"":83,""optimized_tokens"":50},{""source_id"":""datasets\\raw\\postgres-replication.md#1"",""selected_sentence_indices"":[1,2,3],""original_tokens"":87,""optimized_tokens"":77}]"
qt009,DIRECT,budgeted,Why can a PostgreSQL replication slot consume disk space?,5,5,2,389,236,153,0.39331619537275064,1,4,1.6949152542372883,0.30564950010739267,datasets\raw\postgres-replication.md|datasets\raw\postgres-replication.md|datasets\raw\postgres-mvcc.md|datasets\raw\postgres-replication.md|datasets\raw\postgres-replication.md,"[{""source_id"":""datasets\\raw\\postgres-replication.md#3"",""selected_sentence_indices"":[1,2,3],""original_tokens"":92,""optimized_tokens"":56},{""source_id"":""datasets\\raw\\postgres-replication.md#4"",""selected_sentence_indices"":[1],""original_tokens"":34,""optimized_tokens"":26},{""source_id"":""datasets\\raw\\postgres-mvcc.md#2"",""selected_sentence_indices"":[1,2,5],""original_tokens"":93,""optimized_tokens"":49},{""source_id"":""datasets\\raw\\postgres-replication.md#0"",""selected_sentence_indices"":[0,2,4],""original_tokens"":83,""optimized_tokens"":50},{""source_id"":""datasets\\raw\\postgres-replication.md#1"",""selected_sentence_indices"":[1,2],""original_tokens"":87,""optimized_tokens"":55}]"
qt010,DIRECT,full,How does logical replication differ from physical streaming replication?,5,5,2,386,386,0,0.0,1,4,1.0362694300518136,0.005743199959397316,datasets\raw\postgres-replication.md|datasets\raw\postgres-replication.md|datasets\raw\postgres-replication.md|datasets\raw\postgres-replication.md|datasets\raw\kafka-overview.md,"[{""source_id"":""datasets\\raw\\postgres-replication.md#4"",""selected_sentence_indices"":[0,1],""original_tokens"":34,""optimized_tokens"":34},{""source_id"":""datasets\\raw\\postgres-replication.md#3"",""selected_sentence_indices"":[0,1,2,3,4],""original_tokens"":92,""optimized_tokens"":92},{""source_id"":""datasets\\raw\\postgres-replication.md#1"",""selected_sentence_indices"":[0,1,2,3,4],""original_tokens"":87,""optimized_tokens"":87},{""source_id"":""datasets\\raw\\postgres-replication.md#0"",""selected_sentence_indices"":[0,1,2,3,4],""original_tokens"":83,""optimized_tokens"":83},{""source_id"":""datasets\\raw\\kafka-overview.md#2"",""selected_sentence_indices"":[0,1,2,3,4,5],""original_tokens"":90,""optimized_tokens"":90}]"
qt010,DIRECT,deduplicated,How does logical replication differ from physical streaming replication?,5,5,2,386,386,0,0.0,1,4,1.0362694300518136,0.07539839996024966,datasets\raw\postgres-replication.md|datasets\raw\postgres-replication.md|datasets\raw\postgres-replication.md|datasets\raw\postgres-replication.md|datasets\raw\kafka-overview.md,"[{""source_id"":""datasets\\raw\\postgres-replication.md#4"",""selected_sentence_indices"":[0,1],""original_tokens"":34,""optimized_tokens"":34},{""source_id"":""datasets\\raw\\postgres-replication.md#3"",""selected_sentence_indices"":[0,1,2,3,4],""original_tokens"":92,""optimized_tokens"":92},{""source_id"":""datasets\\raw\\postgres-replication.md#1"",""selected_sentence_indices"":[0,1,2,3,4],""original_tokens"":87,""optimized_tokens"":87},{""source_id"":""datasets\\raw\\postgres-replication.md#0"",""selected_sentence_indices"":[0,1,2,3,4],""original_tokens"":83,""optimized_tokens"":83},{""source_id"":""datasets\\raw\\kafka-overview.md#2"",""selected_sentence_indices"":[0,1,2,3,4,5],""original_tokens"":90,""optimized_tokens"":90}]"
qt010,DIRECT,extractive,How does logical replication differ from physical streaming replication?,5,5,2,386,233,153,0.3963730569948187,1,4,1.7167381974248928,0.2832947999704629,datasets\raw\postgres-replication.md|datasets\raw\postgres-replication.md|datasets\raw\postgres-replication.md|datasets\raw\postgres-replication.md|datasets\raw\kafka-overview.md,"[{""source_id"":""datasets\\raw\\postgres-replication.md#4"",""selected_sentence_indices"":[1],""original_tokens"":34,""optimized_tokens"":26},{""source_id"":""datasets\\raw\\postgres-replication.md#3"",""selected_sentence_indices"":[1,3,4],""original_tokens"":92,""optimized_tokens"":49},{""source_id"":""datasets\\raw\\postgres-replication.md#1"",""selected_sentence_indices"":[1,2,3],""original_tokens"":87,""optimized_tokens"":77},{""source_id"":""datasets\\raw\\postgres-replication.md#0"",""selected_sentence_indices"":[0,2,4],""original_tokens"":83,""optimized_tokens"":50},{""source_id"":""datasets\\raw\\kafka-overview.md#2"",""selected_sentence_indices"":[3,4,5],""original_tokens"":90,""optimized_tokens"":31}]"
qt010,DIRECT,budgeted,How does logical replication differ from physical streaming replication?,5,5,2,386,233,153,0.3963730569948187,1,4,1.7167381974248928,0.2858454999513924,datasets\raw\postgres-replication.md|datasets\raw\postgres-replication.md|datasets\raw\postgres-replication.md|datasets\raw\postgres-replication.md|datasets\raw\kafka-overview.md,"[{""source_id"":""datasets\\raw\\postgres-replication.md#4"",""selected_sentence_indices"":[1],""original_tokens"":34,""optimized_tokens"":26},{""source_id"":""datasets\\raw\\postgres-replication.md#3"",""selected_sentence_indices"":[1,3,4],""original_tokens"":92,""optimized_tokens"":49},{""source_id"":""datasets\\raw\\postgres-replication.md#1"",""selected_sentence_indices"":[1,2,3],""original_tokens"":87,""optimized_tokens"":77},{""source_id"":""datasets\\raw\\postgres-replication.md#0"",""selected_sentence_indices"":[0,2,4],""original_tokens"":83,""optimized_tokens"":50},{""source_id"":""datasets\\raw\\kafka-overview.md#2"",""selected_sentence_indices"":[3,4,5],""original_tokens"":90,""optimized_tokens"":31}]"
qt011,PARAPHRASE,full,How can database readers see stable data without making writers wait?,5,5,2,447,447,0,0.0,1,2,0.447427293064877,0.013856400037184358,datasets\raw\postgres-mvcc.md|datasets\raw\postgres-mvcc.md|datasets\raw\postgres-replication.md|datasets\raw\postgres-replication.md|datasets\raw\postgres-replication.md,"[{""source_id"":""datasets\\raw\\postgres-mvcc.md#1"",""selected_sentence_indices"":[0,1,2,3,4,5],""original_tokens"":94,""optimized_tokens"":94},{""source_id"":""datasets\\raw\\postgres-mvcc.md#0"",""selected_sentence_indices"":[0,1,2,3,4],""original_tokens"":91,""optimized_tokens"":91},{""source_id"":""datasets\\raw\\postgres-replication.md#0"",""selected_sentence_indices"":[0,1,2,3,4],""original_tokens"":83,""optimized_tokens"":83},{""source_id"":""datasets\\raw\\postgres-replication.md#1"",""selected_sentence_indices"":[0,1,2,3,4],""original_tokens"":87,""optimized_tokens"":87},{""source_id"":""datasets\\raw\\postgres-replication.md#3"",""selected_sentence_indices"":[0,1,2,3,4],""original_tokens"":92,""optimized_tokens"":92}]"
qt011,PARAPHRASE,deduplicated,How can database readers see stable data without making writers wait?,5,5,2,447,447,0,0.0,1,2,0.447427293064877,0.11588080017827451,datasets\raw\postgres-mvcc.md|datasets\raw\postgres-mvcc.md|datasets\raw\postgres-replication.md|datasets\raw\postgres-replication.md|datasets\raw\postgres-replication.md,"[{""source_id"":""datasets\\raw\\postgres-mvcc.md#1"",""selected_sentence_indices"":[0,1,2,3,4,5],""original_tokens"":94,""optimized_tokens"":94},{""source_id"":""datasets\\raw\\postgres-mvcc.md#0"",""selected_sentence_indices"":[0,1,2,3,4],""original_tokens"":91,""optimized_tokens"":91},{""source_id"":""datasets\\raw\\postgres-replication.md#0"",""selected_sentence_indices"":[0,1,2,3,4],""original_tokens"":83,""optimized_tokens"":83},{""source_id"":""datasets\\raw\\postgres-replication.md#1"",""selected_sentence_indices"":[0,1,2,3,4],""original_tokens"":87,""optimized_tokens"":87},{""source_id"":""datasets\\raw\\postgres-replication.md#3"",""selected_sentence_indices"":[0,1,2,3,4],""original_tokens"":92,""optimized_tokens"":92}]"
qt011,PARAPHRASE,extractive,How can database readers see stable data without making writers wait?,5,5,2,447,285,162,0.3624161073825503,1,2,0.7017543859649122,0.35570310009643435,datasets\raw\postgres-mvcc.md|datasets\raw\postgres-mvcc.md|datasets\raw\postgres-replication.md|datasets\raw\postgres-replication.md|datasets\raw\postgres-replication.md,"[{""source_id"":""datasets\\raw\\postgres-mvcc.md#1"",""selected_sentence_indices"":[1,2,3],""original_tokens"":94,""optimized_tokens"":58},{""source_id"":""datasets\\raw\\postgres-mvcc.md#0"",""selected_sentence_indices"":[0,3,4],""original_tokens"":91,""optimized_tokens"":58},{""source_id"":""datasets\\raw\\postgres-replication.md#0"",""selected_sentence_indices"":[1,2,4],""original_tokens"":83,""optimized_tokens"":45},{""source_id"":""datasets\\raw\\postgres-replication.md#1"",""selected_sentence_indices"":[1,2,3],""original_tokens"":87,""optimized_tokens"":77},{""source_id"":""datasets\\raw\\postgres-replication.md#3"",""selected_sentence_indices"":[2,3,4],""original_tokens"":92,""optimized_tokens"":47}]"
qt011,PARAPHRASE,budgeted,How can database readers see stable data without making writers wait?,5,5,2,447,250,197,0.4407158836689038,1,2,0.8,0.3339589999523014,datasets\raw\postgres-mvcc.md|datasets\raw\postgres-mvcc.md|datasets\raw\postgres-replication.md|datasets\raw\postgres-replication.md|datasets\raw\postgres-replication.md,"[{""source_id"":""datasets\\raw\\postgres-mvcc.md#1"",""selected_sentence_indices"":[1,2,3],""original_tokens"":94,""optimized_tokens"":58},{""source_id"":""datasets\\raw\\postgres-mvcc.md#0"",""selected_sentence_indices"":[0,3,4],""original_tokens"":91,""optimized_tokens"":58},{""source_id"":""datasets\\raw\\postgres-replication.md#0"",""selected_sentence_indices"":[1,2,4],""original_tokens"":83,""optimized_tokens"":45},{""source_id"":""datasets\\raw\\postgres-replication.md#1"",""selected_sentence_indices"":[1,2,3],""original_tokens"":87,""optimized_tokens"":77},{""source_id"":""datasets\\raw\\postgres-replication.md#3"",""selected_sentence_indices"":[4],""original_tokens"":92,""optimized_tokens"":12}]"
qt012,PARAPHRASE,full,How are change records shipped and applied to a backup database?,5,5,2,385,385,0,0.0,1,2,0.5194805194805194,0.007245100103318691,datasets\raw\postgres-mvcc.md|datasets\raw\postgres-mvcc.md|datasets\raw\postgres-mvcc.md|datasets\raw\postgres-replication.md|datasets\raw\postgres-replication.md,"[{""source_id"":""datasets\\raw\\postgres-mvcc.md#0"",""selected_sentence_indices"":[0,1,2,3,4],""original_tokens"":91,""optimized_tokens"":91},{""source_id"":""datasets\\raw\\postgres-mvcc.md#3"",""selected_sentence_indices"":[0],""original_tokens"":26,""optimized_tokens"":26},{""source_id"":""datasets\\raw\\postgres-mvcc.md#2"",""selected_sentence_indices"":[0,1,2,3,4,5],""original_tokens"":93,""optimized_tokens"":93},{""source_id"":""datasets\\raw\\postgres-replication.md#0"",""selected_sentence_indices"":[0,1,2,3,4],""original_tokens"":83,""optimized_tokens"":83},{""source_id"":""datasets\\raw\\postgres-replication.md#3"",""selected_sentence_indices"":[0,1,2,3,4],""original_tokens"":92,""optimized_tokens"":92}]"
qt012,PARAPHRASE,deduplicated,How are change records shipped and applied to a backup database?,5,5,2,385,385,0,0.0,1,2,0.5194805194805194,0.08034159988164902,datasets\raw\postgres-mvcc.md|datasets\raw\postgres-mvcc.md|datasets\raw\postgres-mvcc.md|datasets\raw\postgres-replication.md|datasets\raw\postgres-replication.md,"[{""source_id"":""datasets\\raw\\postgres-mvcc.md#0"",""selected_sentence_indices"":[0,1,2,3,4],""original_tokens"":91,""optimized_tokens"":91},{""source_id"":""datasets\\raw\\postgres-mvcc.md#3"",""selected_sentence_indices"":[0],""original_tokens"":26,""optimized_tokens"":26},{""source_id"":""datasets\\raw\\postgres-mvcc.md#2"",""selected_sentence_indices"":[0,1,2,3,4,5],""original_tokens"":93,""optimized_tokens"":93},{""source_id"":""datasets\\raw\\postgres-replication.md#0"",""selected_sentence_indices"":[0,1,2,3,4],""original_tokens"":83,""optimized_tokens"":83},{""source_id"":""datasets\\raw\\postgres-replication.md#3"",""selected_sentence_indices"":[0,1,2,3,4],""original_tokens"":92,""optimized_tokens"":92}]"
qt012,PARAPHRASE,extractive,How are change records shipped and applied to a backup database?,5,5,2,385,244,141,0.36623376623376624,1,2,0.819672131147541,0.27248150017112494,datasets\raw\postgres-mvcc.md|datasets\raw\postgres-mvcc.md|datasets\raw\postgres-mvcc.md|datasets\raw\postgres-replication.md|datasets\raw\postgres-replication.md,"[{""source_id"":""datasets\\raw\\postgres-mvcc.md#0"",""selected_sentence_indices"":[1,2,4],""original_tokens"":91,""optimized_tokens"":47},{""source_id"":""datasets\\raw\\postgres-mvcc.md#3"",""selected_sentence_indices"":[0],""original_tokens"":26,""optimized_tokens"":26},{""source_id"":""datasets\\raw\\postgres-mvcc.md#2"",""selected_sentence_indices"":[1,3,5],""original_tokens"":93,""optimized_tokens"":66},{""source_id"":""datasets\\raw\\postgres-replication.md#0"",""selected_sentence_indices"":[1,2,3],""original_tokens"":83,""optimized_tokens"":52},{""source_id"":""datasets\\raw\\postgres-replication.md#3"",""selected_sentence_indices"":[0,3,4],""original_tokens"":92,""optimized_tokens"":53}]"
qt012,PARAPHRASE,budgeted,How are change records shipped and applied to a backup database?,5,5,2,385,244,141,0.36623376623376624,1,2,0.819672131147541,0.2746709999628365,datasets\raw\postgres-mvcc.md|datasets\raw\postgres-mvcc.md|datasets\raw\postgres-mvcc.md|datasets\raw\postgres-replication.md|datasets\raw\postgres-replication.md,"[{""source_id"":""datasets\\raw\\postgres-mvcc.md#0"",""selected_sentence_indices"":[1,2,4],""original_tokens"":91,""optimized_tokens"":47},{""source_id"":""datasets\\raw\\postgres-mvcc.md#3"",""selected_sentence_indices"":[0],""original_tokens"":26,""optimized_tokens"":26},{""source_id"":""datasets\\raw\\postgres-mvcc.md#2"",""selected_sentence_indices"":[1,3,5],""original_tokens"":93,""optimized_tokens"":66},{""source_id"":""datasets\\raw\\postgres-replication.md#0"",""selected_sentence_indices"":[1,2,3],""original_tokens"":83,""optimized_tokens"":52},{""source_id"":""datasets\\raw\\postgres-replication.md#3"",""selected_sentence_indices"":[0,3,4],""original_tokens"":92,""optimized_tokens"":53}]"
qt013,PARAPHRASE,full,What decides where a newly requested workload runs in a cluster?,5,5,2,410,410,0,0.0,1,4,0.9756097560975611,0.007014600094407797,datasets\raw\kubernetes-scheduling.md|datasets\raw\kubernetes-scheduling.md|datasets\raw\kubernetes-scheduling.md|datasets\raw\postgres-replication.md|datasets\raw\kubernetes-scheduling.md,"[{""source_id"":""datasets\\raw\\kubernetes-scheduling.md#2"",""selected_sentence_indices"":[0,1,2,3,4,5,6],""original_tokens"":96,""optimized_tokens"":96},{""source_id"":""datasets\\raw\\kubernetes-scheduling.md#1"",""selected_sentence_indices"":[0,1,2,3,4,5,6],""original_tokens"":94,""optimized_tokens"":94},{""source_id"":""datasets\\raw\\kubernetes-scheduling.md#0"",""selected_sentence_indices"":[0,1,2,3,4],""original_tokens"":91,""optimized_tokens"":91},{""source_id"":""datasets\\raw\\postgres-replication.md#3"",""selected_sentence_indices"":[0,1,2,3,4],""original_tokens"":92,""optimized_tokens"":92},{""source_id"":""datasets\\raw\\kubernetes-scheduling.md#3"",""selected_sentence_indices"":[0,1],""original_tokens"":37,""optimized_tokens"":37}]"
qt013,PARAPHRASE,deduplicated,What decides where a newly requested workload runs in a cluster?,5,5,2,410,410,0,0.0,1,4,0.9756097560975611,0.07587120006792247,datasets\raw\kubernetes-scheduling.md|datasets\raw\kubernetes-scheduling.md|datasets\raw\kubernetes-scheduling.md|datasets\raw\postgres-replication.md|datasets\raw\kubernetes-scheduling.md,"[{""source_id"":""datasets\\raw\\kubernetes-scheduling.md#2"",""selected_sentence_indices"":[0,1,2,3,4,5,6],""original_tokens"":96,""optimized_tokens"":96},{""source_id"":""datasets\\raw\\kubernetes-scheduling.md#1"",""selected_sentence_indices"":[0,1,2,3,4,5,6],""original_tokens"":94,""optimized_tokens"":94},{""source_id"":""datasets\\raw\\kubernetes-scheduling.md#0"",""selected_sentence_indices"":[0,1,2,3,4],""original_tokens"":91,""optimized_tokens"":91},{""source_id"":""datasets\\raw\\postgres-replication.md#3"",""selected_sentence_indices"":[0,1,2,3,4],""original_tokens"":92,""optimized_tokens"":92},{""source_id"":""datasets\\raw\\kubernetes-scheduling.md#3"",""selected_sentence_indices"":[0,1],""original_tokens"":37,""optimized_tokens"":37}]"
qt013,PARAPHRASE,extractive,What decides where a newly requested workload runs in a cluster?,5,5,2,410,241,169,0.4121951219512195,1,4,1.6597510373443982,0.31086499989032745,datasets\raw\kubernetes-scheduling.md|datasets\raw\kubernetes-scheduling.md|datasets\raw\kubernetes-scheduling.md|datasets\raw\postgres-replication.md|datasets\raw\kubernetes-scheduling.md,"[{""source_id"":""datasets\\raw\\kubernetes-scheduling.md#2"",""selected_sentence_indices"":[1,3,4,5],""original_tokens"":96,""optimized_tokens"":61},{""source_id"":""datasets\\raw\\kubernetes-scheduling.md#1"",""selected_sentence_indices"":[1,2,4,6],""original_tokens"":94,""optimized_tokens"":60},{""source_id"":""datasets\\raw\\kubernetes-scheduling.md#0"",""selected_sentence_indices"":[0,1,2],""original_tokens"":91,""optimized_tokens"":49},{""source_id"":""datasets\\raw\\postgres-replication.md#3"",""selected_sentence_indices"":[0,2,3],""original_tokens"":92,""optimized_tokens"":60},{""source_id"":""datasets\\raw\\kubernetes-scheduling.md#3"",""selected_sentence_indices"":[0],""original_tokens"":37,""optimized_tokens"":11}]"
qt013,PARAPHRASE,budgeted,What decides where a newly requested workload runs in a cluster?,5,5,2,410,241,169,0.4121951219512195,1,4,1.6597510373443982,0.30697369994595647,datasets\raw\kubernetes-scheduling.md|datasets\raw\kubernetes-scheduling.md|datasets\raw\kubernetes-scheduling.md|datasets\raw\postgres-replication.md|datasets\raw\kubernetes-scheduling.md,"[{""source_id"":""datasets\\raw\\kubernetes-scheduling.md#2"",""selected_sentence_indices"":[1,3,4,5],""original_tokens"":96,""optimized_tokens"":61},{""source_id"":""datasets\\raw\\kubernetes-scheduling.md#1"",""selected_sentence_indices"":[1,2,4,6],""original_tokens"":94,""optimized_tokens"":60},{""source_id"":""datasets\\raw\\kubernetes-scheduling.md#0"",""selected_sentence_indices"":[0,1,2],""original_tokens"":91,""optimized_tokens"":49},{""source_id"":""datasets\\raw\\postgres-replication.md#3"",""selected_sentence_indices"":[0,2,3],""original_tokens"":92,""optimized_tokens"":60},{""source_id"":""datasets\\raw\\kubernetes-scheduling.md#3"",""selected_sentence_indices"":[0],""original_tokens"":37,""optimized_tokens"":11}]"
qt014,PARAPHRASE,full,How can separate applications independently reread the same ordered events?,5,5,2,403,403,0,0.0,1,4,0.9925558312655086,0.006729499902576208,datasets\raw\kafka-overview.md|datasets\raw\kafka-overview.md|datasets\raw\kafka-overview.md|datasets\raw\postgres-replication.md|datasets\raw\kafka-overview.md,"[{""source_id"":""datasets\\raw\\kafka-overview.md#2"",""selected_sentence_indices"":[0,1,2,3,4,5],""original_tokens"":90,""optimized_tokens"":90},{""source_id"":""datasets\\raw\\kafka-overview.md#3"",""selected_sentence_indices"":[0,1],""original_tokens"":41,""optimized_tokens"":41},{""source_id"":""datasets\\raw\\kafka-overview.md#0"",""selected_sentence_indices"":[0,1,2,3,4,5],""original_tokens"":87,""optimized_tokens"":87},{""source_id"":""datasets\\raw\\postgres-replication.md#3"",""selected_sentence_indices"":[0,1,2,3,4],""original_tokens"":92,""optimized_tokens"":92},{""source_id"":""datasets\\raw\\kafka-overview.md#1"",""selected_sentence_indices"":[0,1,2,3,4,5,6],""original_tokens"":93,""optimized_tokens"":93}]"
qt014,PARAPHRASE,deduplicated,How can separate applications independently reread the same ordered events?,5,5,2,403,403,0,0.0,1,4,0.9925558312655086,0.08253720006905496,datasets\raw\kafka-overview.md|datasets\raw\kafka-overview.md|datasets\raw\kafka-overview.md|datasets\raw\postgres-replication.md|datasets\raw\kafka-overview.md,"[{""source_id"":""datasets\\raw\\kafka-overview.md#2"",""selected_sentence_indices"":[0,1,2,3,4,5],""original_tokens"":90,""optimized_tokens"":90},{""source_id"":""datasets\\raw\\kafka-overview.md#3"",""selected_sentence_indices"":[0,1],""original_tokens"":41,""optimized_tokens"":41},{""source_id"":""datasets\\raw\\kafka-overview.md#0"",""selected_sentence_indices"":[0,1,2,3,4,5],""original_tokens"":87,""optimized_tokens"":87},{""source_id"":""datasets\\raw\\postgres-replication.md#3"",""selected_sentence_indices"":[0,1,2,3,4],""original_tokens"":92,""optimized_tokens"":92},{""source_id"":""datasets\\raw\\kafka-overview.md#1"",""selected_sentence_indices"":[0,1,2,3,4,5,6],""original_tokens"":93,""optimized_tokens"":93}]"
qt014,PARAPHRASE,extractive,How can separate applications independently reread the same ordered events?,5,5,2,403,231,172,0.4267990074441687,1,4,1.7316017316017316,0.3005250000860542,datasets\raw\kafka-overview.md|datasets\raw\kafka-overview.md|datasets\raw\kafka-overview.md|datasets\raw\postgres-replication.md|datasets\raw\kafka-overview.md,"[{""source_id"":""datasets\\raw\\kafka-overview.md#2"",""selected_sentence_indices"":[1,2,4],""original_tokens"":90,""optimized_tokens"":48},{""source_id"":""datasets\\raw\\kafka-overview.md#3"",""selected_sentence_indices"":[0],""original_tokens"":41,""optimized_tokens"":8},{""source_id"":""datasets\\raw\\kafka-overview.md#0"",""selected_sentence_indices"":[0,1,3],""original_tokens"":87,""optimized_tokens"":53},{""source_id"":""datasets\\raw\\postgres-replication.md#3"",""selected_sentence_indices"":[0,1,4],""original_tokens"":92,""optimized_tokens"":57},{""source_id"":""datasets\\raw\\kafka-overview.md#1"",""selected_sentence_indices"":[0,2,3,6],""original_tokens"":93,""optimized_tokens"":65}]"
qt014,PARAPHRASE,budgeted,How can separate applications independently reread the same ordered events?,5,5,2,403,231,172,0.4267990074441687,1,4,1.7316017316017316,0.3429000999312848,datasets\raw\kafka-overview.md|datasets\raw\kafka-overview.md|datasets\raw\kafka-overview.md|datasets\raw\postgres-replication.md|datasets\raw\kafka-overview.md,"[{""source_id"":""datasets\\raw\\kafka-overview.md#2"",""selected_sentence_indices"":[1,2,4],""original_tokens"":90,""optimized_tokens"":48},{""source_id"":""datasets\\raw\\kafka-overview.md#3"",""selected_sentence_indices"":[0],""original_tokens"":41,""optimized_tokens"":8},{""source_id"":""datasets\\raw\\kafka-overview.md#0"",""selected_sentence_indices"":[0,1,3],""original_tokens"":87,""optimized_tokens"":53},{""source_id"":""datasets\\raw\\postgres-replication.md#3"",""selected_sentence_indices"":[0,1,4],""original_tokens"":92,""optimized_tokens"":57},{""source_id"":""datasets\\raw\\kafka-overview.md#1"",""selected_sentence_indices"":[0,2,3,6],""original_tokens"":93,""optimized_tokens"":65}]"
qt015,PARAPHRASE,full,Why might old copies of updated rows remain on disk?,5,5,2,404,404,0,0.0,1,3,0.7425742574257426,0.006884400034323335,datasets\raw\postgres-mvcc.md|datasets\raw\postgres-mvcc.md|datasets\raw\postgres-mvcc.md|datasets\raw\postgres-replication.md|datasets\raw\postgres-replication.md,"[{""source_id"":""datasets\\raw\\postgres-mvcc.md#0"",""selected_sentence_indices"":[0,1,2,3,4],""original_tokens"":91,""optimized_tokens"":91},{""source_id"":""datasets\\raw\\postgres-mvcc.md#1"",""selected_sentence_indices"":[0,1,2,3,4,5],""original_tokens"":94,""optimized_tokens"":94},{""source_id"":""datasets\\raw\\postgres-mvcc.md#2"",""selected_sentence_indices"":[0,1,2,3,4,5],""original_tokens"":93,""optimized_tokens"":93},{""source_id"":""datasets\\raw\\postgres-replication.md#3"",""selected_sentence_indices"":[0,1,2,3,4],""original_tokens"":92,""optimized_tokens"":92},{""source_id"":""datasets\\raw\\postgres-replication.md#4"",""selected_sentence_indices"":[0,1],""original_tokens"":34,""optimized_tokens"":34}]"
qt015,PARAPHRASE,deduplicated,Why might old copies of updated rows remain on disk?,5,5,2,404,404,0,0.0,1,3,0.7425742574257426,0.12811270006932318,datasets\raw\postgres-mvcc.md|datasets\raw\postgres-mvcc.md|datasets\raw\postgres-mvcc.md|datasets\raw\postgres-replication.md|datasets\raw\postgres-replication.md,"[{""source_id"":""datasets\\raw\\postgres-mvcc.md#0"",""selected_sentence_indices"":[0,1,2,3,4],""original_tokens"":91,""optimized_tokens"":91},{""source_id"":""datasets\\raw\\postgres-mvcc.md#1"",""selected_sentence_indices"":[0,1,2,3,4,5],""original_tokens"":94,""optimized_tokens"":94},{""source_id"":""datasets\\raw\\postgres-mvcc.md#2"",""selected_sentence_indices"":[0,1,2,3,4,5],""original_tokens"":93,""optimized_tokens"":93},{""source_id"":""datasets\\raw\\postgres-replication.md#3"",""selected_sentence_indices"":[0,1,2,3,4],""original_tokens"":92,""optimized_tokens"":92},{""source_id"":""datasets\\raw\\postgres-replication.md#4"",""selected_sentence_indices"":[0,1],""original_tokens"":34,""optimized_tokens"":34}]"
qt015,PARAPHRASE,extractive,Why might old copies of updated rows remain on disk?,5,5,2,404,210,194,0.4801980198019802,1,3,1.4285714285714286,0.3171436998527497,datasets\raw\postgres-mvcc.md|datasets\raw\postgres-mvcc.md|datasets\raw\postgres-mvcc.md|datasets\raw\postgres-replication.md|datasets\raw\postgres-replication.md,"[{""source_id"":""datasets\\raw\\postgres-mvcc.md#0"",""selected_sentence_indices"":[1,2,3],""original_tokens"":91,""optimized_tokens"":49},{""source_id"":""datasets\\raw\\postgres-mvcc.md#1"",""selected_sentence_indices"":[0,2,5],""original_tokens"":94,""optimized_tokens"":43},{""source_id"":""datasets\\raw\\postgres-mvcc.md#2"",""selected_sentence_indices"":[0,1,5],""original_tokens"":93,""optimized_tokens"":45},{""source_id"":""datasets\\raw\\postgres-replication.md#3"",""selected_sentence_indices"":[2,3,4],""original_tokens"":92,""optimized_tokens"":47},{""source_id"":""datasets\\raw\\postgres-replication.md#4"",""selected_sentence_indices"":[1],""original_tokens"":34,""optimized_tokens"":26}]"
qt015,PARAPHRASE,budgeted,Why might old copies of updated rows remain on disk?,5,5,2,404,210,194,0.4801980198019802,1,3,1.4285714285714286,0.28514469997026026,datasets\raw\postgres-mvcc.md|datasets\raw\postgres-mvcc.md|datasets\raw\postgres-mvcc.md|datasets\raw\postgres-replication.md|datasets\raw\postgres-replication.md,"[{""source_id"":""datasets\\raw\\postgres-mvcc.md#0"",""selected_sentence_indices"":[1,2,3],""original_tokens"":91,""optimized_tokens"":49},{""source_id"":""datasets\\raw\\postgres-mvcc.md#1"",""selected_sentence_indices"":[0,2,5],""original_tokens"":94,""optimized_tokens"":43},{""source_id"":""datasets\\raw\\postgres-mvcc.md#2"",""selected_sentence_indices"":[0,1,5],""original_tokens"":93,""optimized_tokens"":45},{""source_id"":""datasets\\raw\\postgres-replication.md#3"",""selected_sentence_indices"":[2,3,4],""original_tokens"":92,""optimized_tokens"":47},{""source_id"":""datasets\\raw\\postgres-replication.md#4"",""selected_sentence_indices"":[1],""original_tokens"":34,""optimized_tokens"":26}]"
qt016,PARAPHRASE,full,How does the cluster avoid placing a workload on an unsuitable machine?,5,5,3,466,466,0,0.0,1,3,0.6437768240343348,0.0058014001697301865,datasets\raw\kubernetes-scheduling.md|datasets\raw\kubernetes-scheduling.md|datasets\raw\kubernetes-scheduling.md|datasets\raw\postgres-replication.md|datasets\raw\kafka-overview.md,"[{""source_id"":""datasets\\raw\\kubernetes-scheduling.md#2"",""selected_sentence_indices"":[0,1,2,3,4,5,6],""original_tokens"":96,""optimized_tokens"":96},{""source_id"":""datasets\\raw\\kubernetes-scheduling.md#0"",""selected_sentence_indices"":[0,1,2,3,4],""original_tokens"":91,""optimized_tokens"":91},{""source_id"":""datasets\\raw\\kubernetes-scheduling.md#1"",""selected_sentence_indices"":[0,1,2,3,4,5,6],""original_tokens"":94,""optimized_tokens"":94},{""source_id"":""datasets\\raw\\postgres-replication.md#3"",""selected_sentence_indices"":[0,1,2,3,4],""original_tokens"":92,""optimized_tokens"":92},{""source_id"":""datasets\\raw\\kafka-overview.md#1"",""selected_sentence_indices"":[0,1,2,3,4,5,6],""original_tokens"":93,""optimized_tokens"":93}]"
qt016,PARAPHRASE,deduplicated,How does the cluster avoid placing a workload on an unsuitable machine?,5,5,3,466,466,0,0.0,1,3,0.6437768240343348,0.07884850003756583,datasets\raw\kubernetes-scheduling.md|datasets\raw\kubernetes-scheduling.md|datasets\raw\kubernetes-scheduling.md|datasets\raw\postgres-replication.md|datasets\raw\kafka-overview.md,"[{""source_id"":""datasets\\raw\\kubernetes-scheduling.md#2"",""selected_sentence_indices"":[0,1,2,3,4,5,6],""original_tokens"":96,""optimized_tokens"":96},{""source_id"":""datasets\\raw\\kubernetes-scheduling.md#0"",""selected_sentence_indices"":[0,1,2,3,4],""original_tokens"":91,""optimized_tokens"":91},{""source_id"":""datasets\\raw\\kubernetes-scheduling.md#1"",""selected_sentence_indices"":[0,1,2,3,4,5,6],""original_tokens"":94,""optimized_tokens"":94},{""source_id"":""datasets\\raw\\postgres-replication.md#3"",""selected_sentence_indices"":[0,1,2,3,4],""original_tokens"":92,""optimized_tokens"":92},{""source_id"":""datasets\\raw\\kafka-overview.md#1"",""selected_sentence_indices"":[0,1,2,3,4,5,6],""original_tokens"":93,""optimized_tokens"":93}]"
qt016,PARAPHRASE,extractive,How does the cluster avoid placing a workload on an unsuitable machine?,5,5,3,466,311,155,0.33261802575107297,1,3,0.9646302250803859,0.33455329993739724,datasets\raw\kubernetes-scheduling.md|datasets\raw\kubernetes-scheduling.md|datasets\raw\kubernetes-scheduling.md|datasets\raw\postgres-replication.md|datasets\raw\kafka-overview.md,"[{""source_id"":""datasets\\raw\\kubernetes-scheduling.md#2"",""selected_sentence_indices"":[1,2,4,5],""original_tokens"":96,""optimized_tokens"":74},{""source_id"":""datasets\\raw\\kubernetes-scheduling.md#0"",""selected_sentence_indices"":[0,2,3],""original_tokens"":91,""optimized_tokens"":67},{""source_id"":""datasets\\raw\\kubernetes-scheduling.md#1"",""selected_sentence_indices"":[1,2,5,6],""original_tokens"":94,""optimized_tokens"":56},{""source_id"":""datasets\\raw\\postgres-replication.md#3"",""selected_sentence_indices"":[0,1,2],""original_tokens"":92,""optimized_tokens"":64},{""source_id"":""datasets\\raw\\kafka-overview.md#1"",""selected_sentence_indices"":[0,1,2,3],""original_tokens"":93,""optimized_tokens"":50}]"
qt016,PARAPHRASE,budgeted,How does the cluster avoid placing a workload on an unsuitable machine?,5,5,3,466,249,217,0.4656652360515021,1,3,1.2048192771084336,0.3117136999499053,datasets\raw\kubernetes-scheduling.md|datasets\raw\kubernetes-scheduling.md|datasets\raw\kubernetes-scheduling.md|datasets\raw\postgres-replication.md|datasets\raw\kafka-overview.md,"[{""source_id"":""datasets\\raw\\kubernetes-scheduling.md#2"",""selected_sentence_indices"":[1,2,4,5],""original_tokens"":96,""optimized_tokens"":74},{""source_id"":""datasets\\raw\\kubernetes-scheduling.md#0"",""selected_sentence_indices"":[0,2,3],""original_tokens"":91,""optimized_tokens"":67},{""source_id"":""datasets\\raw\\kubernetes-scheduling.md#1"",""selected_sentence_indices"":[1,2,5,6],""original_tokens"":94,""optimized_tokens"":56},{""source_id"":""datasets\\raw\\postgres-replication.md#3"",""selected_sentence_indices"":[0,1],""original_tokens"":92,""optimized_tokens"":45},{""source_id"":""datasets\\raw\\kafka-overview.md#1"",""selected_sentence_indices"":[1],""original_tokens"":93,""optimized_tokens"":7}]"
qt017,PARAPHRASE,full,How is an event log spread across servers for parallelism and resilience?,5,5,2,393,393,0,0.0,1,3,0.7633587786259541,0.006676299963146448,datasets\raw\kafka-overview.md|datasets\raw\kafka-overview.md|datasets\raw\kafka-overview.md|datasets\raw\postgres-replication.md|datasets\raw\postgres-replication.md,"[{""source_id"":""datasets\\raw\\kafka-overview.md#3"",""selected_sentence_indices"":[0,1],""original_tokens"":41,""optimized_tokens"":41},{""source_id"":""datasets\\raw\\kafka-overview.md#2"",""selected_sentence_indices"":[0,1,2,3,4,5],""original_tokens"":90,""optimized_tokens"":90},{""source_id"":""datasets\\raw\\kafka-overview.md#0"",""selected_sentence_indices"":[0,1,2,3,4,5],""original_tokens"":87,""optimized_tokens"":87},{""source_id"":""datasets\\raw\\postgres-replication.md#0"",""selected_sentence_indices"":[0,1,2,3,4],""original_tokens"":83,""optimized_tokens"":83},{""source_id"":""datasets\\raw\\postgres-replication.md#3"",""selected_sentence_indices"":[0,1,2,3,4],""original_tokens"":92,""optimized_tokens"":92}]"
qt017,PARAPHRASE,deduplicated,How is an event log spread across servers for parallelism and resilience?,5,5,2,393,393,0,0.0,1,3,0.7633587786259541,0.08428449998609722,datasets\raw\kafka-overview.md|datasets\raw\kafka-overview.md|datasets\raw\kafka-overview.md|datasets\raw\postgres-replication.md|datasets\raw\postgres-replication.md,"[{""source_id"":""datasets\\raw\\kafka-overview.md#3"",""selected_sentence_indices"":[0,1],""original_tokens"":41,""optimized_tokens"":41},{""source_id"":""datasets\\raw\\kafka-overview.md#2"",""selected_sentence_indices"":[0,1,2,3,4,5],""original_tokens"":90,""optimized_tokens"":90},{""source_id"":""datasets\\raw\\kafka-overview.md#0"",""selected_sentence_indices"":[0,1,2,3,4,5],""original_tokens"":87,""optimized_tokens"":87},{""source_id"":""datasets\\raw\\postgres-replication.md#0"",""selected_sentence_indices"":[0,1,2,3,4],""original_tokens"":83,""optimized_tokens"":83},{""source_id"":""datasets\\raw\\postgres-replication.md#3"",""selected_sentence_indices"":[0,1,2,3,4],""original_tokens"":92,""optimized_tokens"":92}]"
qt017,PARAPHRASE,extractive,How is an event log spread across servers for parallelism and resilience?,5,5,2,393,209,184,0.4681933842239186,1,3,1.4354066985645935,0.3139241999015212,datasets\raw\kafka-overview.md|datasets\raw\kafka-overview.md|datasets\raw\kafka-overview.md|datasets\raw\postgres-replication.md|datasets\raw\postgres-replication.md,"[{""source_id"":""datasets\\raw\\kafka-overview.md#3"",""selected_sentence_indices"":[0],""original_tokens"":41,""optimized_tokens"":8},{""source_id"":""datasets\\raw\\kafka-overview.md#2"",""selected_sentence_indices"":[1,4,5],""original_tokens"":90,""optimized_tokens"":32},{""source_id"":""datasets\\raw\\kafka-overview.md#0"",""selected_sentence_indices"":[0,3,4],""original_tokens"":87,""optimized_tokens"":60},{""source_id"":""datasets\\raw\\postgres-replication.md#0"",""selected_sentence_indices"":[0,1,4],""original_tokens"":83,""optimized_tokens"":48},{""source_id"":""datasets\\raw\\postgres-replication.md#3"",""selected_sentence_indices"":[0,1,3],""original_tokens"":92,""optimized_tokens"":61}]"
qt017,PARAPHRASE,budgeted,How is an event log spread across servers for parallelism and resilience?,5,5,2,393,209,184,0.4681933842239186,1,3,1.4354066985645935,0.3349568999838084,datasets\raw\kafka-overview.md|datasets\raw\kafka-overview.md|datasets\raw\kafka-overview.md|datasets\raw\postgres-replication.md|datasets\raw\postgres-replication.md,"[{""source_id"":""datasets\\raw\\kafka-overview.md#3"",""selected_sentence_indices"":[0],""original_tokens"":41,""optimized_tokens"":8},{""source_id"":""datasets\\raw\\kafka-overview.md#2"",""selected_sentence_indices"":[1,4,5],""original_tokens"":90,""optimized_tokens"":32},{""source_id"":""datasets\\raw\\kafka-overview.md#0"",""selected_sentence_indices"":[0,3,4],""original_tokens"":87,""optimized_tokens"":60},{""source_id"":""datasets\\raw\\postgres-replication.md#0"",""selected_sentence_indices"":[0,1,4],""original_tokens"":83,""optimized_tokens"":48},{""source_id"":""datasets\\raw\\postgres-replication.md#3"",""selected_sentence_indices"":[0,1,3],""original_tokens"":92,""optimized_tokens"":61}]"
qt018,PARAPHRASE,full,What happens when the main database disappears and a copy must take writes?,5,5,2,450,450,0,0.0,1,3,0.6666666666666666,0.0092720000538975,datasets\raw\postgres-replication.md|datasets\raw\postgres-replication.md|datasets\raw\postgres-mvcc.md|datasets\raw\postgres-mvcc.md|datasets\raw\postgres-replication.md,"[{""source_id"":""datasets\\raw\\postgres-replication.md#3"",""selected_sentence_indices"":[0,1,2,3,4],""original_tokens"":92,""optimized_tokens"":92},{""source_id"":""datasets\\raw\\postgres-replication.md#2"",""selected_sentence_indices"":[0,1,2,3,4],""original_tokens"":91,""optimized_tokens"":91},{""source_id"":""datasets\\raw\\postgres-mvcc.md#2"",""selected_sentence_indices"":[0,1,2,3,4,5],""original_tokens"":93,""optimized_tokens"":93},{""source_id"":""datasets\\raw\\postgres-mvcc.md#0"",""selected_sentence_indices"":[0,1,2,3,4],""original_tokens"":91,""optimized_tokens"":91},{""source_id"":""datasets\\raw\\postgres-replication.md#0"",""selected_sentence_indices"":[0,1,2,3,4],""original_tokens"":83,""optimized_tokens"":83}]"
qt018,PARAPHRASE,deduplicated,What happens when the main database disappears and a copy must take writes?,5,5,2,450,450,0,0.0,1,3,0.6666666666666666,0.08786859991960227,datasets\raw\postgres-replication.md|datasets\raw\postgres-replication.md|datasets\raw\postgres-mvcc.md|datasets\raw\postgres-mvcc.md|datasets\raw\postgres-replication.md,"[{""source_id"":""datasets\\raw\\postgres-replication.md#3"",""selected_sentence_indices"":[0,1,2,3,4],""original_tokens"":92,""optimized_tokens"":92},{""source_id"":""datasets\\raw\\postgres-replication.md#2"",""selected_sentence_indices"":[0,1,2,3,4],""original_tokens"":91,""optimized_tokens"":91},{""source_id"":""datasets\\raw\\postgres-mvcc.md#2"",""selected_sentence_indices"":[0,1,2,3,4,5],""original_tokens"":93,""optimized_tokens"":93},{""source_id"":""datasets\\raw\\postgres-mvcc.md#0"",""selected_sentence_indices"":[0,1,2,3,4],""original_tokens"":91,""optimized_tokens"":91},{""source_id"":""datasets\\raw\\postgres-replication.md#0"",""selected_sentence_indices"":[0,1,2,3,4],""original_tokens"":83,""optimized_tokens"":83}]"
qt018,PARAPHRASE,extractive,What happens when the main database disappears and a copy must take writes?,5,5,2,450,286,164,0.36444444444444446,1,3,1.048951048951049,0.32788469991646707,datasets\raw\postgres-replication.md|datasets\raw\postgres-replication.md|datasets\raw\postgres-mvcc.md|datasets\raw\postgres-mvcc.md|datasets\raw\postgres-replication.md,"[{""source_id"":""datasets\\raw\\postgres-replication.md#3"",""selected_sentence_indices"":[1,2,3],""original_tokens"":92,""optimized_tokens"":56},{""source_id"":""datasets\\raw\\postgres-replication.md#2"",""selected_sentence_indices"":[2,3,4],""original_tokens"":91,""optimized_tokens"":58},{""source_id"":""datasets\\raw\\postgres-mvcc.md#2"",""selected_sentence_indices"":[1,4,5],""original_tokens"":93,""optimized_tokens"":56},{""source_id"":""datasets\\raw\\postgres-mvcc.md#0"",""selected_sentence_indices"":[0,2,4],""original_tokens"":91,""optimized_tokens"":58},{""source_id"":""datasets\\raw\\postgres-replication.md#0"",""selected_sentence_indices"":[0,1,2],""original_tokens"":83,""optimized_tokens"":58}]"
qt018,PARAPHRASE,budgeted,What happens when the main database disappears and a copy must take writes?,5,5,2,450,250,200,0.4444444444444444,1,3,1.2,0.3040744001045823,datasets\raw\postgres-replication.md|datasets\raw\postgres-replication.md|datasets\raw\postgres-mvcc.md|datasets\raw\postgres-mvcc.md|datasets\raw\postgres-replication.md,"[{""source_id"":""datasets\\raw\\postgres-replication.md#3"",""selected_sentence_indices"":[1,2,3],""original_tokens"":92,""optimized_tokens"":56},{""source_id"":""datasets\\raw\\postgres-replication.md#2"",""selected_sentence_indices"":[2,3,4],""original_tokens"":91,""optimized_tokens"":58},{""source_id"":""datasets\\raw\\postgres-mvcc.md#2"",""selected_sentence_indices"":[1,4,5],""original_tokens"":93,""optimized_tokens"":56},{""source_id"":""datasets\\raw\\postgres-mvcc.md#0"",""selected_sentence_indices"":[0,2,4],""original_tokens"":91,""optimized_tokens"":58},{""source_id"":""datasets\\raw\\postgres-replication.md#0"",""selected_sentence_indices"":[0],""original_tokens"":83,""optimized_tokens"":22}]"
qt019,PARAPHRASE,full,Why do declared resources matter more than momentary usage for workload placement?,5,5,3,466,466,0,0.0,1,3,0.6437768240343348,0.007153599988669157,datasets\raw\kubernetes-scheduling.md|datasets\raw\kubernetes-scheduling.md|datasets\raw\kubernetes-scheduling.md|datasets\raw\postgres-mvcc.md|datasets\raw\postgres-replication.md,"[{""source_id"":""datasets\\raw\\kubernetes-scheduling.md#1"",""selected_sentence_indices"":[0,1,2,3,4,5,6],""original_tokens"":94,""optimized_tokens"":94},{""source_id"":""datasets\\raw\\kubernetes-scheduling.md#2"",""selected_sentence_indices"":[0,1,2,3,4,5,6],""original_tokens"":96,""optimized_tokens"":96},{""source_id"":""datasets\\raw\\kubernetes-scheduling.md#0"",""selected_sentence_indices"":[0,1,2,3,4],""original_tokens"":91,""optimized_tokens"":91},{""source_id"":""datasets\\raw\\postgres-mvcc.md#2"",""selected_sentence_indices"":[0,1,2,3,4,5],""original_tokens"":93,""optimized_tokens"":93},{""source_id"":""datasets\\raw\\postgres-replication.md#3"",""selected_sentence_indices"":[0,1,2,3,4],""original_tokens"":92,""optimized_tokens"":92}]"
qt019,PARAPHRASE,deduplicated,Why do declared resources matter more than momentary usage for workload placement?,5,5,3,466,466,0,0.0,1,3,0.6437768240343348,0.08159690001048148,datasets\raw\kubernetes-scheduling.md|datasets\raw\kubernetes-scheduling.md|datasets\raw\kubernetes-scheduling.md|datasets\raw\postgres-mvcc.md|datasets\raw\postgres-replication.md,"[{""source_id"":""datasets\\raw\\kubernetes-scheduling.md#1"",""selected_sentence_indices"":[0,1,2,3,4,5,6],""original_tokens"":94,""optimized_tokens"":94},{""source_id"":""datasets\\raw\\kubernetes-scheduling.md#2"",""selected_sentence_indices"":[0,1,2,3,4,5,6],""original_tokens"":96,""optimized_tokens"":96},{""source_id"":""datasets\\raw\\kubernetes-scheduling.md#0"",""selected_sentence_indices"":[0,1,2,3,4],""original_tokens"":91,""optimized_tokens"":91},{""source_id"":""datasets\\raw\\postgres-mvcc.md#2"",""selected_sentence_indices"":[0,1,2,3,4,5],""original_tokens"":93,""optimized_tokens"":93},{""source_id"":""datasets\\raw\\postgres-replication.md#3"",""selected_sentence_indices"":[0,1,2,3,4],""original_tokens"":92,""optimized_tokens"":92}]"
qt019,PARAPHRASE,extractive,Why do declared resources matter more than momentary usage for workload placement?,5,5,3,466,299,167,0.3583690987124464,1,3,1.0033444816053512,0.3141630000900477,datasets\raw\kubernetes-scheduling.md|datasets\raw\kubernetes-scheduling.md|datasets\raw\kubernetes-scheduling.md|datasets\raw\postgres-mvcc.md|datasets\raw\postgres-replication.md,"[{""source_id"":""datasets\\raw\\kubernetes-scheduling.md#1"",""selected_sentence_indices"":[2,4,5,6],""original_tokens"":94,""optimized_tokens"":62},{""source_id"":""datasets\\raw\\kubernetes-scheduling.md#2"",""selected_sentence_indices"":[0,1,4,5],""original_tokens"":96,""optimized_tokens"":55},{""source_id"":""datasets\\raw\\kubernetes-scheduling.md#0"",""selected_sentence_indices"":[0,2,3],""original_tokens"":91,""optimized_tokens"":67},{""source_id"":""datasets\\raw\\postgres-mvcc.md#2"",""selected_sentence_indices"":[2,3,5],""original_tokens"":93,""optimized_tokens"":55},{""source_id"":""datasets\\raw\\postgres-replication.md#3"",""selected_sentence_indices"":[0,2,3],""original_tokens"":92,""optimized_tokens"":60}]"
qt019,PARAPHRASE,budgeted,Why do declared resources matter more than momentary usage for workload placement?,5,4,2,466,239,227,0.4871244635193133,1,3,1.2552301255230125,0.31079340004362166,datasets\raw\kubernetes-scheduling.md|datasets\raw\kubernetes-scheduling.md|datasets\raw\kubernetes-scheduling.md|datasets\raw\postgres-mvcc.md,"[{""source_id"":""datasets\\raw\\kubernetes-scheduling.md#1"",""selected_sentence_indices"":[2,4,5,6],""original_tokens"":94,""optimized_tokens"":62},{""source_id"":""datasets\\raw\\kubernetes-scheduling.md#2"",""selected_sentence_indices"":[0,1,4,5],""original_tokens"":96,""optimized_tokens"":55},{""source_id"":""datasets\\raw\\kubernetes-scheduling.md#0"",""selected_sentence_indices"":[0,2,3],""original_tokens"":91,""optimized_tokens"":67},{""source_id"":""datasets\\raw\\postgres-mvcc.md#2"",""selected_sentence_indices"":[2,3,5],""original_tokens"":93,""optimized_tokens"":55}]"
qt020,PARAPHRASE,full,How can a stream reader go back and process earlier records again?,5,5,3,445,445,0,0.0,1,1,0.2247191011235955,0.005589400185272098,datasets\raw\postgres-replication.md|datasets\raw\postgres-replication.md|datasets\raw\postgres-mvcc.md|datasets\raw\postgres-replication.md|datasets\raw\kafka-overview.md,"[{""source_id"":""datasets\\raw\\postgres-replication.md#1"",""selected_sentence_indices"":[0,1,2,3,4],""original_tokens"":87,""optimized_tokens"":87},{""source_id"":""datasets\\raw\\postgres-replication.md#0"",""selected_sentence_indices"":[0,1,2,3,4],""original_tokens"":83,""optimized_tokens"":83},{""source_id"":""datasets\\raw\\postgres-mvcc.md#2"",""selected_sentence_indices"":[0,1,2,3,4,5],""original_tokens"":93,""optimized_tokens"":93},{""source_id"":""datasets\\raw\\postgres-replication.md#3"",""selected_sentence_indices"":[0,1,2,3,4],""original_tokens"":92,""optimized_tokens"":92},{""source_id"":""datasets\\raw\\kafka-overview.md#2"",""selected_sentence_indices"":[0,1,2,3,4,5],""original_tokens"":90,""optimized_tokens"":90}]"
qt020,PARAPHRASE,deduplicated,How can a stream reader go back and process earlier records again?,5,5,3,445,445,0,0.0,1,1,0.2247191011235955,0.0782546999398619,datasets\raw\postgres-replication.md|datasets\raw\postgres-replication.md|datasets\raw\postgres-mvcc.md|datasets\raw\postgres-replication.md|datasets\raw\kafka-overview.md,"[{""source_id"":""datasets\\raw\\postgres-replication.md#1"",""selected_sentence_indices"":[0,1,2,3,4],""original_tokens"":87,""optimized_tokens"":87},{""source_id"":""datasets\\raw\\postgres-replication.md#0"",""selected_sentence_indices"":[0,1,2,3,4],""original_tokens"":83,""optimized_tokens"":83},{""source_id"":""datasets\\raw\\postgres-mvcc.md#2"",""selected_sentence_indices"":[0,1,2,3,4,5],""original_tokens"":93,""optimized_tokens"":93},{""source_id"":""datasets\\raw\\postgres-replication.md#3"",""selected_sentence_indices"":[0,1,2,3,4],""original_tokens"":92,""optimized_tokens"":92},{""source_id"":""datasets\\raw\\kafka-overview.md#2"",""selected_sentence_indices"":[0,1,2,3,4,5],""original_tokens"":90,""optimized_tokens"":90}]"
qt020,PARAPHRASE,extractive,How can a stream reader go back and process earlier records again?,5,5,3,445,294,151,0.3393258426966292,1,1,0.3401360544217687,0.30797720002010465,datasets\raw\postgres-replication.md|datasets\raw\postgres-replication.md|datasets\raw\postgres-mvcc.md|datasets\raw\postgres-replication.md|datasets\raw\kafka-overview.md,"[{""source_id"":""datasets\\raw\\postgres-replication.md#1"",""selected_sentence_indices"":[1,2,3],""original_tokens"":87,""optimized_tokens"":77},{""source_id"":""datasets\\raw\\postgres-replication.md#0"",""selected_sentence_indices"":[1,3,4],""original_tokens"":83,""optimized_tokens"":42},{""source_id"":""datasets\\raw\\postgres-mvcc.md#2"",""selected_sentence_indices"":[1,3,5],""original_tokens"":93,""optimized_tokens"":66},{""source_id"":""datasets\\raw\\postgres-replication.md#3"",""selected_sentence_indices"":[0,1,3],""original_tokens"":92,""optimized_tokens"":61},{""source_id"":""datasets\\raw\\kafka-overview.md#2"",""selected_sentence_indices"":[1,2,3],""original_tokens"":90,""optimized_tokens"":48}]"
qt020,PARAPHRASE,budgeted,How can a stream reader go back and process earlier records again?,5,4,2,445,246,199,0.44719101123595506,0,0,0.0,0.30849410011433065,datasets\raw\postgres-replication.md|datasets\raw\postgres-replication.md|datasets\raw\postgres-mvcc.md|datasets\raw\postgres-replication.md,"[{""source_id"":""datasets\\raw\\postgres-replication.md#1"",""selected_sentence_indices"":[1,2,3],""original_tokens"":87,""optimized_tokens"":77},{""source_id"":""datasets\\raw\\postgres-replication.md#0"",""selected_sentence_indices"":[1,3,4],""original_tokens"":83,""optimized_tokens"":42},{""source_id"":""datasets\\raw\\postgres-mvcc.md#2"",""selected_sentence_indices"":[1,3,5],""original_tokens"":93,""optimized_tokens"":66},{""source_id"":""datasets\\raw\\postgres-replication.md#3"",""selected_sentence_indices"":[0,1,3],""original_tokens"":92,""optimized_tokens"":61}]"
qt021,VAGUE,full,Why are old versions not getting cleaned up?,5,5,2,404,404,0,0.0,1,3,0.7425742574257426,0.005262099904939532,datasets\raw\postgres-mvcc.md|datasets\raw\postgres-mvcc.md|datasets\raw\postgres-mvcc.md|datasets\raw\postgres-replication.md|datasets\raw\postgres-replication.md,"[{""source_id"":""datasets\\raw\\postgres-mvcc.md#2"",""selected_sentence_indices"":[0,1,2,3,4,5],""original_tokens"":93,""optimized_tokens"":93},{""source_id"":""datasets\\raw\\postgres-mvcc.md#1"",""selected_sentence_indices"":[0,1,2,3,4,5],""original_tokens"":94,""optimized_tokens"":94},{""source_id"":""datasets\\raw\\postgres-mvcc.md#0"",""selected_sentence_indices"":[0,1,2,3,4],""original_tokens"":91,""optimized_tokens"":91},{""source_id"":""datasets\\raw\\postgres-replication.md#4"",""selected_sentence_indices"":[0,1],""original_tokens"":34,""optimized_tokens"":34},{""source_id"":""datasets\\raw\\postgres-replication.md#3"",""selected_sentence_indices"":[0,1,2,3,4],""original_tokens"":92,""optimized_tokens"":92}]"
qt021,VAGUE,deduplicated,Why are old versions not getting cleaned up?,5,5,2,404,404,0,0.0,1,3,0.7425742574257426,0.08112389990128577,datasets\raw\postgres-mvcc.md|datasets\raw\postgres-mvcc.md|datasets\raw\postgres-mvcc.md|datasets\raw\postgres-replication.md|datasets\raw\postgres-replication.md,"[{""source_id"":""datasets\\raw\\postgres-mvcc.md#2"",""selected_sentence_indices"":[0,1,2,3,4,5],""original_tokens"":93,""optimized_tokens"":93},{""source_id"":""datasets\\raw\\postgres-mvcc.md#1"",""selected_sentence_indices"":[0,1,2,3,4,5],""original_tokens"":94,""optimized_tokens"":94},{""source_id"":""datasets\\raw\\postgres-mvcc.md#0"",""selected_sentence_indices"":[0,1,2,3,4],""original_tokens"":91,""optimized_tokens"":91},{""source_id"":""datasets\\raw\\postgres-replication.md#4"",""selected_sentence_indices"":[0,1],""original_tokens"":34,""optimized_tokens"":34},{""source_id"":""datasets\\raw\\postgres-replication.md#3"",""selected_sentence_indices"":[0,1,2,3,4],""original_tokens"":92,""optimized_tokens"":92}]"
qt021,VAGUE,extractive,Why are old versions not getting cleaned up?,5,5,2,404,185,219,0.5420792079207921,1,3,1.6216216216216215,0.29241200000979006,datasets\raw\postgres-mvcc.md|datasets\raw\postgres-mvcc.md|datasets\raw\postgres-mvcc.md|datasets\raw\postgres-replication.md|datasets\raw\postgres-replication.md,"[{""source_id"":""datasets\\raw\\postgres-mvcc.md#2"",""selected_sentence_indices"":[0,1,2],""original_tokens"":93,""optimized_tokens"":31},{""source_id"":""datasets\\raw\\postgres-mvcc.md#1"",""selected_sentence_indices"":[0,1,5],""original_tokens"":94,""optimized_tokens"":32},{""source_id"":""datasets\\raw\\postgres-mvcc.md#0"",""selected_sentence_indices"":[1,2,3],""original_tokens"":91,""optimized_tokens"":49},{""source_id"":""datasets\\raw\\postgres-replication.md#4"",""selected_sentence_indices"":[1],""original_tokens"":34,""optimized_tokens"":26},{""source_id"":""datasets\\raw\\postgres-replication.md#3"",""selected_sentence_indices"":[2,3,4],""original_tokens"":92,""optimized_tokens"":47}]"
qt021,VAGUE,budgeted,Why are old versions not getting cleaned up?,5,5,2,404,185,219,0.5420792079207921,1,3,1.6216216216216215,0.2754658998455852,datasets\raw\postgres-mvcc.md|datasets\raw\postgres-mvcc.md|datasets\raw\postgres-mvcc.md|datasets\raw\postgres-replication.md|datasets\raw\postgres-replication.md,"[{""source_id"":""datasets\\raw\\postgres-mvcc.md#2"",""selected_sentence_indices"":[0,1,2],""original_tokens"":93,""optimized_tokens"":31},{""source_id"":""datasets\\raw\\postgres-mvcc.md#1"",""selected_sentence_indices"":[0,1,5],""original_tokens"":94,""optimized_tokens"":32},{""source_id"":""datasets\\raw\\postgres-mvcc.md#0"",""selected_sentence_indices"":[1,2,3],""original_tokens"":91,""optimized_tokens"":49},{""source_id"":""datasets\\raw\\postgres-replication.md#4"",""selected_sentence_indices"":[1],""original_tokens"":34,""optimized_tokens"":26},{""source_id"":""datasets\\raw\\postgres-replication.md#3"",""selected_sentence_indices"":[2,3,4],""original_tokens"":92,""optimized_tokens"":47}]"
qt022,VAGUE,full,Why is the replica falling behind?,5,5,2,386,386,0,0.0,1,4,1.0362694300518136,0.005599400028586388,datasets\raw\postgres-replication.md|datasets\raw\postgres-replication.md|datasets\raw\postgres-replication.md|datasets\raw\postgres-replication.md|datasets\raw\kafka-overview.md,"[{""source_id"":""datasets\\raw\\postgres-replication.md#1"",""selected_sentence_indices"":[0,1,2,3,4],""original_tokens"":87,""optimized_tokens"":87},{""source_id"":""datasets\\raw\\postgres-replication.md#3"",""selected_sentence_indices"":[0,1,2,3,4],""original_tokens"":92,""optimized_tokens"":92},{""source_id"":""datasets\\raw\\postgres-replication.md#0"",""selected_sentence_indices"":[0,1,2,3,4],""original_tokens"":83,""optimized_tokens"":83},{""source_id"":""datasets\\raw\\postgres-replication.md#4"",""selected_sentence_indices"":[0,1],""original_tokens"":34,""optimized_tokens"":34},{""source_id"":""datasets\\raw\\kafka-overview.md#2"",""selected_sentence_indices"":[0,1,2,3,4,5],""original_tokens"":90,""optimized_tokens"":90}]"
qt022,VAGUE,deduplicated,Why is the replica falling behind?,5,5,2,386,386,0,0.0,1,4,1.0362694300518136,0.08219889993779361,datasets\raw\postgres-replication.md|datasets\raw\postgres-replication.md|datasets\raw\postgres-replication.md|datasets\raw\postgres-replication.md|datasets\raw\kafka-overview.md,"[{""source_id"":""datasets\\raw\\postgres-replication.md#1"",""selected_sentence_indices"":[0,1,2,3,4],""original_tokens"":87,""optimized_tokens"":87},{""source_id"":""datasets\\raw\\postgres-replication.md#3"",""selected_sentence_indices"":[0,1,2,3,4],""original_tokens"":92,""optimized_tokens"":92},{""source_id"":""datasets\\raw\\postgres-replication.md#0"",""selected_sentence_indices"":[0,1,2,3,4],""original_tokens"":83,""optimized_tokens"":83},{""source_id"":""datasets\\raw\\postgres-replication.md#4"",""selected_sentence_indices"":[0,1],""original_tokens"":34,""optimized_tokens"":34},{""source_id"":""datasets\\raw\\kafka-overview.md#2"",""selected_sentence_indices"":[0,1,2,3,4,5],""original_tokens"":90,""optimized_tokens"":90}]"
qt022,VAGUE,extractive,Why is the replica falling behind?,5,5,2,386,192,194,0.5025906735751295,1,4,2.0833333333333335,0.2811038999352604,datasets\raw\postgres-replication.md|datasets\raw\postgres-replication.md|datasets\raw\postgres-replication.md|datasets\raw\postgres-replication.md|datasets\raw\kafka-overview.md,"[{""source_id"":""datasets\\raw\\postgres-replication.md#1"",""selected_sentence_indices"":[1,3,4],""original_tokens"":87,""optimized_tokens"":50},{""source_id"":""datasets\\raw\\postgres-replication.md#3"",""selected_sentence_indices"":[1,2,3],""original_tokens"":92,""optimized_tokens"":56},{""source_id"":""datasets\\raw\\postgres-replication.md#0"",""selected_sentence_indices"":[0,3,4],""original_tokens"":83,""optimized_tokens"":47},{""source_id"":""datasets\\raw\\postgres-replication.md#4"",""selected_sentence_indices"":[0],""original_tokens"":34,""optimized_tokens"":8},{""source_id"":""datasets\\raw\\kafka-overview.md#2"",""selected_sentence_indices"":[3,4,5],""original_tokens"":90,""optimized_tokens"":31}]"
qt022,VAGUE,budgeted,Why is the replica falling behind?,5,5,2,386,192,194,0.5025906735751295,1,4,2.0833333333333335,0.2982743000611663,datasets\raw\postgres-replication.md|datasets\raw\postgres-replication.md|datasets\raw\postgres-replication.md|datasets\raw\postgres-replication.md|datasets\raw\kafka-overview.md,"[{""source_id"":""datasets\\raw\\postgres-replication.md#1"",""selected_sentence_indices"":[1,3,4],""original_tokens"":87,""optimized_tokens"":50},{""source_id"":""datasets\\raw\\postgres-replication.md#3"",""selected_sentence_indices"":[1,2,3],""original_tokens"":92,""optimized_tokens"":56},{""source_id"":""datasets\\raw\\postgres-replication.md#0"",""selected_sentence_indices"":[0,3,4],""original_tokens"":83,""optimized_tokens"":47},{""source_id"":""datasets\\raw\\postgres-replication.md#4"",""selected_sentence_indices"":[0],""original_tokens"":34,""optimized_tokens"":8},{""source_id"":""datasets\\raw\\kafka-overview.md#2"",""selected_sentence_indices"":[3,4,5],""original_tokens"":90,""optimized_tokens"":31}]"
qt023,VAGUE,full,Why is my workload still pending?,5,5,2,405,405,0,0.0,1,4,0.9876543209876544,0.006199000170454383,datasets\raw\kubernetes-scheduling.md|datasets\raw\kubernetes-scheduling.md|datasets\raw\kubernetes-scheduling.md|datasets\raw\postgres-replication.md|datasets\raw\kubernetes-scheduling.md,"[{""source_id"":""datasets\\raw\\kubernetes-scheduling.md#0"",""selected_sentence_indices"":[0,1,2,3,4],""original_tokens"":91,""optimized_tokens"":91},{""source_id"":""datasets\\raw\\kubernetes-scheduling.md#1"",""selected_sentence_indices"":[0,1,2,3,4,5,6],""original_tokens"":94,""optimized_tokens"":94},{""source_id"":""datasets\\raw\\kubernetes-scheduling.md#2"",""selected_sentence_indices"":[0,1,2,3,4,5,6],""original_tokens"":96,""optimized_tokens"":96},{""source_id"":""datasets\\raw\\postgres-replication.md#1"",""selected_sentence_indices"":[0,1,2,3,4],""original_tokens"":87,""optimized_tokens"":87},{""source_id"":""datasets\\raw\\kubernetes-scheduling.md#3"",""selected_sentence_indices"":[0,1],""original_tokens"":37,""optimized_tokens"":37}]"
qt023,VAGUE,deduplicated,Why is my workload still pending?,5,5,2,405,405,0,0.0,1,4,0.9876543209876544,0.07746640010736883,datasets\raw\kubernetes-scheduling.md|datasets\raw\kubernetes-scheduling.md|datasets\raw\kubernetes-scheduling.md|datasets\raw\postgres-replication.md|datasets\raw\kubernetes-scheduling.md,"[{""source_id"":""datasets\\raw\\kubernetes-scheduling.md#0"",""selected_sentence_indices"":[0,1,2,3,4],""original_tokens"":91,""optimized_tokens"":91},{""source_id"":""datasets\\raw\\kubernetes-scheduling.md#1"",""selected_sentence_indices"":[0,1,2,3,4,5,6],""original_tokens"":94,""optimized_tokens"":94},{""source_id"":""datasets\\raw\\kubernetes-scheduling.md#2"",""selected_sentence_indices"":[0,1,2,3,4,5,6],""original_tokens"":96,""optimized_tokens"":96},{""source_id"":""datasets\\raw\\postgres-replication.md#1"",""selected_sentence_indices"":[0,1,2,3,4],""original_tokens"":87,""optimized_tokens"":87},{""source_id"":""datasets\\raw\\kubernetes-scheduling.md#3"",""selected_sentence_indices"":[0,1],""original_tokens"":37,""optimized_tokens"":37}]"
qt023,VAGUE,extractive,Why is my workload still pending?,5,5,2,405,237,168,0.4148148148148148,1,4,1.6877637130801686,0.32789219985716045,datasets\raw\kubernetes-scheduling.md|datasets\raw\kubernetes-scheduling.md|datasets\raw\kubernetes-scheduling.md|datasets\raw\postgres-replication.md|datasets\raw\kubernetes-scheduling.md,"[{""source_id"":""datasets\\raw\\kubernetes-scheduling.md#0"",""selected_sentence_indices"":[0,1,2],""original_tokens"":91,""optimized_tokens"":49},{""source_id"":""datasets\\raw\\kubernetes-scheduling.md#1"",""selected_sentence_indices"":[1,2,4,6],""original_tokens"":94,""optimized_tokens"":60},{""source_id"":""datasets\\raw\\kubernetes-scheduling.md#2"",""selected_sentence_indices"":[0,1,4,5],""original_tokens"":96,""optimized_tokens"":55},{""source_id"":""datasets\\raw\\postgres-replication.md#1"",""selected_sentence_indices"":[0,1,2],""original_tokens"":87,""optimized_tokens"":62},{""source_id"":""datasets\\raw\\kubernetes-scheduling.md#3"",""selected_sentence_indices"":[0],""original_tokens"":37,""optimized_tokens"":11}]"
qt023,VAGUE,budgeted,Why is my workload still pending?,5,5,2,405,237,168,0.4148148148148148,1,4,1.6877637130801686,0.30954749998636544,datasets\raw\kubernetes-scheduling.md|datasets\raw\kubernetes-scheduling.md|datasets\raw\kubernetes-scheduling.md|datasets\raw\postgres-replication.md|datasets\raw\kubernetes-scheduling.md,"[{""source_id"":""datasets\\raw\\kubernetes-scheduling.md#0"",""selected_sentence_indices"":[0,1,2],""original_tokens"":91,""optimized_tokens"":49},{""source_id"":""datasets\\raw\\kubernetes-scheduling.md#1"",""selected_sentence_indices"":[1,2,4,6],""original_tokens"":94,""optimized_tokens"":60},{""source_id"":""datasets\\raw\\kubernetes-scheduling.md#2"",""selected_sentence_indices"":[0,1,4,5],""original_tokens"":96,""optimized_tokens"":55},{""source_id"":""datasets\\raw\\postgres-replication.md#1"",""selected_sentence_indices"":[0,1,2],""original_tokens"":87,""optimized_tokens"":62},{""source_id"":""datasets\\raw\\kubernetes-scheduling.md#3"",""selected_sentence_indices"":[0],""original_tokens"":37,""optimized_tokens"":11}]"
qt024,VAGUE,full,How can I read the same messages again?,5,5,3,399,399,0,0.0,1,2,0.5012531328320802,0.007739499909803271,datasets\raw\kafka-overview.md|datasets\raw\postgres-mvcc.md|datasets\raw\kafka-overview.md|datasets\raw\postgres-mvcc.md|datasets\raw\postgres-replication.md,"[{""source_id"":""datasets\\raw\\kafka-overview.md#2"",""selected_sentence_indices"":[0,1,2,3,4,5],""original_tokens"":90,""optimized_tokens"":90},{""source_id"":""datasets\\raw\\postgres-mvcc.md#1"",""selected_sentence_indices"":[0,1,2,3,4,5],""original_tokens"":94,""optimized_tokens"":94},{""source_id"":""datasets\\raw\\kafka-overview.md#3"",""selected_sentence_indices"":[0,1],""original_tokens"":41,""optimized_tokens"":41},{""source_id"":""datasets\\raw\\postgres-mvcc.md#0"",""selected_sentence_indices"":[0,1,2,3,4],""original_tokens"":91,""optimized_tokens"":91},{""source_id"":""datasets\\raw\\postgres-replication.md#0"",""selected_sentence_indices"":[0,1,2,3,4],""original_tokens"":83,""optimized_tokens"":83}]"
qt024,VAGUE,deduplicated,How can I read the same messages again?,5,5,3,399,399,0,0.0,1,2,0.5012531328320802,0.08324989979155362,datasets\raw\kafka-overview.md|datasets\raw\postgres-mvcc.md|datasets\raw\kafka-overview.md|datasets\raw\postgres-mvcc.md|datasets\raw\postgres-replication.md,"[{""source_id"":""datasets\\raw\\kafka-overview.md#2"",""selected_sentence_indices"":[0,1,2,3,4,5],""original_tokens"":90,""optimized_tokens"":90},{""source_id"":""datasets\\raw\\postgres-mvcc.md#1"",""selected_sentence_indices"":[0,1,2,3,4,5],""original_tokens"":94,""optimized_tokens"":94},{""source_id"":""datasets\\raw\\kafka-overview.md#3"",""selected_sentence_indices"":[0,1],""original_tokens"":41,""optimized_tokens"":41},{""source_id"":""datasets\\raw\\postgres-mvcc.md#0"",""selected_sentence_indices"":[0,1,2,3,4],""original_tokens"":91,""optimized_tokens"":91},{""source_id"":""datasets\\raw\\postgres-replication.md#0"",""selected_sentence_indices"":[0,1,2,3,4],""original_tokens"":83,""optimized_tokens"":83}]"
qt024,VAGUE,extractive,How can I read the same messages again?,5,5,3,399,214,185,0.46365914786967416,1,2,0.9345794392523364,0.29736239998601377,datasets\raw\kafka-overview.md|datasets\raw\postgres-mvcc.md|datasets\raw\kafka-overview.md|datasets\raw\postgres-mvcc.md|datasets\raw\postgres-replication.md,"[{""source_id"":""datasets\\raw\\kafka-overview.md#2"",""selected_sentence_indices"":[1,2,3],""original_tokens"":90,""optimized_tokens"":48},{""source_id"":""datasets\\raw\\postgres-mvcc.md#1"",""selected_sentence_indices"":[1,2,3],""original_tokens"":94,""optimized_tokens"":58},{""source_id"":""datasets\\raw\\kafka-overview.md#3"",""selected_sentence_indices"":[0],""original_tokens"":41,""optimized_tokens"":8},{""source_id"":""datasets\\raw\\postgres-mvcc.md#0"",""selected_sentence_indices"":[0,2,4],""original_tokens"":91,""optimized_tokens"":58},{""source_id"":""datasets\\raw\\postgres-replication.md#0"",""selected_sentence_indices"":[1,3,4],""original_tokens"":83,""optimized_tokens"":42}]"
qt024,VAGUE,budgeted,How can I read the same messages again?,5,5,3,399,214,185,0.46365914786967416,1,2,0.9345794392523364,0.2982554999180138,datasets\raw\kafka-overview.md|datasets\raw\postgres-mvcc.md|datasets\raw\kafka-overview.md|datasets\raw\postgres-mvcc.md|datasets\raw\postgres-replication.md,"[{""source_id"":""datasets\\raw\\kafka-overview.md#2"",""selected_sentence_indices"":[1,2,3],""original_tokens"":90,""optimized_tokens"":48},{""source_id"":""datasets\\raw\\postgres-mvcc.md#1"",""selected_sentence_indices"":[1,2,3],""original_tokens"":94,""optimized_tokens"":58},{""source_id"":""datasets\\raw\\kafka-overview.md#3"",""selected_sentence_indices"":[0],""original_tokens"":41,""optimized_tokens"":8},{""source_id"":""datasets\\raw\\postgres-mvcc.md#0"",""selected_sentence_indices"":[0,2,4],""original_tokens"":91,""optimized_tokens"":58},{""source_id"":""datasets\\raw\\postgres-replication.md#0"",""selected_sentence_indices"":[1,3,4],""original_tokens"":83,""optimized_tokens"":42}]"
qt025,VAGUE,full,Why is commit slower now?,5,5,2,389,389,0,0.0,1,2,0.5141388174807198,0.0058397999964654446,datasets\raw\postgres-mvcc.md|datasets\raw\postgres-mvcc.md|datasets\raw\postgres-replication.md|datasets\raw\postgres-mvcc.md|datasets\raw\postgres-replication.md,"[{""source_id"":""datasets\\raw\\postgres-mvcc.md#1"",""selected_sentence_indices"":[0,1,2,3,4,5],""original_tokens"":94,""optimized_tokens"":94},{""source_id"":""datasets\\raw\\postgres-mvcc.md#0"",""selected_sentence_indices"":[0,1,2,3,4],""original_tokens"":91,""optimized_tokens"":91},{""source_id"":""datasets\\raw\\postgres-replication.md#1"",""selected_sentence_indices"":[0,1,2,3,4],""original_tokens"":87,""optimized_tokens"":87},{""source_id"":""datasets\\raw\\postgres-mvcc.md#3"",""selected_sentence_indices"":[0],""original_tokens"":26,""optimized_tokens"":26},{""source_id"":""datasets\\raw\\postgres-replication.md#2"",""selected_sentence_indices"":[0,1,2,3,4],""original_tokens"":91,""optimized_tokens"":91}]"
qt025,VAGUE,deduplicated,Why is commit slower now?,5,5,2,389,389,0,0.0,1,2,0.5141388174807198,0.08089720015414059,datasets\raw\postgres-mvcc.md|datasets\raw\postgres-mvcc.md|datasets\raw\postgres-replication.md|datasets\raw\postgres-mvcc.md|datasets\raw\postgres-replication.md,"[{""source_id"":""datasets\\raw\\postgres-mvcc.md#1"",""selected_sentence_indices"":[0,1,2,3,4,5],""original_tokens"":94,""optimized_tokens"":94},{""source_id"":""datasets\\raw\\postgres-mvcc.md#0"",""selected_sentence_indices"":[0,1,2,3,4],""original_tokens"":91,""optimized_tokens"":91},{""source_id"":""datasets\\raw\\postgres-replication.md#1"",""selected_sentence_indices"":[0,1,2,3,4],""original_tokens"":87,""optimized_tokens"":87},{""source_id"":""datasets\\raw\\postgres-mvcc.md#3"",""selected_sentence_indices"":[0],""original_tokens"":26,""optimized_tokens"":26},{""source_id"":""datasets\\raw\\postgres-replication.md#2"",""selected_sentence_indices"":[0,1,2,3,4],""original_tokens"":91,""optimized_tokens"":91}]"
qt025,VAGUE,extractive,Why is commit slower now?,5,5,2,389,249,140,0.35989717223650386,1,2,0.8032128514056224,0.2702917999122292,datasets\raw\postgres-mvcc.md|datasets\raw\postgres-mvcc.md|datasets\raw\postgres-replication.md|datasets\raw\postgres-mvcc.md|datasets\raw\postgres-replication.md,"[{""source_id"":""datasets\\raw\\postgres-mvcc.md#1"",""selected_sentence_indices"":[1,2,4],""original_tokens"":94,""optimized_tokens"":57},{""source_id"":""datasets\\raw\\postgres-mvcc.md#0"",""selected_sentence_indices"":[0,2,4],""original_tokens"":91,""optimized_tokens"":58},{""source_id"":""datasets\\raw\\postgres-replication.md#1"",""selected_sentence_indices"":[0,2,3],""original_tokens"":87,""optimized_tokens"":59},{""source_id"":""datasets\\raw\\postgres-mvcc.md#3"",""selected_sentence_indices"":[0],""original_tokens"":26,""optimized_tokens"":26},{""source_id"":""datasets\\raw\\postgres-replication.md#2"",""selected_sentence_indices"":[0,1,3],""original_tokens"":91,""optimized_tokens"":49}]"
qt025,VAGUE,budgeted,Why is commit slower now?,5,5,2,389,249,140,0.35989717223650386,1,2,0.8032128514056224,0.26326400018297136,datasets\raw\postgres-mvcc.md|datasets\raw\postgres-mvcc.md|datasets\raw\postgres-replication.md|datasets\raw\postgres-mvcc.md|datasets\raw\postgres-replication.md,"[{""source_id"":""datasets\\raw\\postgres-mvcc.md#1"",""selected_sentence_indices"":[1,2,4],""original_tokens"":94,""optimized_tokens"":57},{""source_id"":""datasets\\raw\\postgres-mvcc.md#0"",""selected_sentence_indices"":[0,2,4],""original_tokens"":91,""optimized_tokens"":58},{""source_id"":""datasets\\raw\\postgres-replication.md#1"",""selected_sentence_indices"":[0,2,3],""original_tokens"":87,""optimized_tokens"":59},{""source_id"":""datasets\\raw\\postgres-mvcc.md#3"",""selected_sentence_indices"":[0],""original_tokens"":26,""optimized_tokens"":26},{""source_id"":""datasets\\raw\\postgres-replication.md#2"",""selected_sentence_indices"":[0,1,3],""original_tokens"":91,""optimized_tokens"":49}]"
qt026,VAGUE,full,Why do reads keep changing between statements?,5,5,2,386,386,0,0.0,1,3,0.7772020725388601,0.006814299849793315,datasets\raw\postgres-mvcc.md|datasets\raw\postgres-mvcc.md|datasets\raw\postgres-mvcc.md|datasets\raw\postgres-replication.md|datasets\raw\postgres-replication.md,"[{""source_id"":""datasets\\raw\\postgres-mvcc.md#1"",""selected_sentence_indices"":[0,1,2,3,4,5],""original_tokens"":94,""optimized_tokens"":94},{""source_id"":""datasets\\raw\\postgres-mvcc.md#0"",""selected_sentence_indices"":[0,1,2,3,4],""original_tokens"":91,""optimized_tokens"":91},{""source_id"":""datasets\\raw\\postgres-mvcc.md#3"",""selected_sentence_indices"":[0],""original_tokens"":26,""optimized_tokens"":26},{""source_id"":""datasets\\raw\\postgres-replication.md#3"",""selected_sentence_indices"":[0,1,2,3,4],""original_tokens"":92,""optimized_tokens"":92},{""source_id"":""datasets\\raw\\postgres-replication.md#0"",""selected_sentence_indices"":[0,1,2,3,4],""original_tokens"":83,""optimized_tokens"":83}]"
qt026,VAGUE,deduplicated,Why do reads keep changing between statements?,5,5,2,386,386,0,0.0,1,3,0.7772020725388601,0.07471109996549785,datasets\raw\postgres-mvcc.md|datasets\raw\postgres-mvcc.md|datasets\raw\postgres-mvcc.md|datasets\raw\postgres-replication.md|datasets\raw\postgres-replication.md,"[{""source_id"":""datasets\\raw\\postgres-mvcc.md#1"",""selected_sentence_indices"":[0,1,2,3,4,5],""original_tokens"":94,""optimized_tokens"":94},{""source_id"":""datasets\\raw\\postgres-mvcc.md#0"",""selected_sentence_indices"":[0,1,2,3,4],""original_tokens"":91,""optimized_tokens"":91},{""source_id"":""datasets\\raw\\postgres-mvcc.md#3"",""selected_sentence_indices"":[0],""original_tokens"":26,""optimized_tokens"":26},{""source_id"":""datasets\\raw\\postgres-replication.md#3"",""selected_sentence_indices"":[0,1,2,3,4],""original_tokens"":92,""optimized_tokens"":92},{""source_id"":""datasets\\raw\\postgres-replication.md#0"",""selected_sentence_indices"":[0,1,2,3,4],""original_tokens"":83,""optimized_tokens"":83}]"
qt026,VAGUE,extractive,Why do reads keep changing between statements?,5,5,2,386,232,154,0.39896373056994816,1,3,1.293103448275862,0.2564695000182837,datasets\raw\postgres-mvcc.md|datasets\raw\postgres-mvcc.md|datasets\raw\postgres-mvcc.md|datasets\raw\postgres-replication.md|datasets\raw\postgres-replication.md,"[{""source_id"":""datasets\\raw\\postgres-mvcc.md#1"",""selected_sentence_indices"":[1,2,3],""original_tokens"":94,""optimized_tokens"":58},{""source_id"":""datasets\\raw\\postgres-mvcc.md#0"",""selected_sentence_indices"":[0,1,4],""original_tokens"":91,""optimized_tokens"":59},{""source_id"":""datasets\\raw\\postgres-mvcc.md#3"",""selected_sentence_indices"":[0],""original_tokens"":26,""optimized_tokens"":26},{""source_id"":""datasets\\raw\\postgres-replication.md#3"",""selected_sentence_indices"":[2,3,4],""original_tokens"":92,""optimized_tokens"":47},{""source_id"":""datasets\\raw\\postgres-replication.md#0"",""selected_sentence_indices"":[1,3,4],""original_tokens"":83,""optimized_tokens"":42}]"
qt026,VAGUE,budgeted,Why do reads keep changing between statements?,5,5,2,386,232,154,0.39896373056994816,1,3,1.293103448275862,0.24958980013616383,datasets\raw\postgres-mvcc.md|datasets\raw\postgres-mvcc.md|datasets\raw\postgres-mvcc.md|datasets\raw\postgres-replication.md|datasets\raw\postgres-replication.md,"[{""source_id"":""datasets\\raw\\postgres-mvcc.md#1"",""selected_sentence_indices"":[1,2,3],""original_tokens"":94,""optimized_tokens"":58},{""source_id"":""datasets\\raw\\postgres-mvcc.md#0"",""selected_sentence_indices"":[0,1,4],""original_tokens"":91,""optimized_tokens"":59},{""source_id"":""datasets\\raw\\postgres-mvcc.md#3"",""selected_sentence_indices"":[0],""original_tokens"":26,""optimized_tokens"":26},{""source_id"":""datasets\\raw\\postgres-replication.md#3"",""selected_sentence_indices"":[2,3,4],""original_tokens"":92,""optimized_tokens"":47},{""source_id"":""datasets\\raw\\postgres-replication.md#0"",""selected_sentence_indices"":[1,3,4],""original_tokens"":83,""optimized_tokens"":42}]"
qt027,VAGUE,full,Why won't this workload run on that machine?,5,5,2,405,405,0,0.0,1,4,0.9876543209876544,0.008168699918314815,datasets\raw\kubernetes-scheduling.md|datasets\raw\kubernetes-scheduling.md|datasets\raw\kubernetes-scheduling.md|datasets\raw\kubernetes-scheduling.md|datasets\raw\postgres-replication.md,"[{""source_id"":""datasets\\raw\\kubernetes-scheduling.md#0"",""selected_sentence_indices"":[0,1,2,3,4],""original_tokens"":91,""optimized_tokens"":91},{""source_id"":""datasets\\raw\\kubernetes-scheduling.md#3"",""selected_sentence_indices"":[0,1],""original_tokens"":37,""optimized_tokens"":37},{""source_id"":""datasets\\raw\\kubernetes-scheduling.md#1"",""selected_sentence_indices"":[0,1,2,3,4,5,6],""original_tokens"":94,""optimized_tokens"":94},{""source_id"":""datasets\\raw\\kubernetes-scheduling.md#2"",""selected_sentence_indices"":[0,1,2,3,4,5,6],""original_tokens"":96,""optimized_tokens"":96},{""source_id"":""datasets\\raw\\postgres-replication.md#1"",""selected_sentence_indices"":[0,1,2,3,4],""original_tokens"":87,""optimized_tokens"":87}]"
qt027,VAGUE,deduplicated,Why won't this workload run on that machine?,5,5,2,405,405,0,0.0,1,4,0.9876543209876544,0.08253460004925728,datasets\raw\kubernetes-scheduling.md|datasets\raw\kubernetes-scheduling.md|datasets\raw\kubernetes-scheduling.md|datasets\raw\kubernetes-scheduling.md|datasets\raw\postgres-replication.md,"[{""source_id"":""datasets\\raw\\kubernetes-scheduling.md#0"",""selected_sentence_indices"":[0,1,2,3,4],""original_tokens"":91,""optimized_tokens"":91},{""source_id"":""datasets\\raw\\kubernetes-scheduling.md#3"",""selected_sentence_indices"":[0,1],""original_tokens"":37,""optimized_tokens"":37},{""source_id"":""datasets\\raw\\kubernetes-scheduling.md#1"",""selected_sentence_indices"":[0,1,2,3,4,5,6],""original_tokens"":94,""optimized_tokens"":94},{""source_id"":""datasets\\raw\\kubernetes-scheduling.md#2"",""selected_sentence_indices"":[0,1,2,3,4,5,6],""original_tokens"":96,""optimized_tokens"":96},{""source_id"":""datasets\\raw\\postgres-replication.md#1"",""selected_sentence_indices"":[0,1,2,3,4],""original_tokens"":87,""optimized_tokens"":87}]"
qt027,VAGUE,extractive,Why won't this workload run on that machine?,5,5,2,405,243,162,0.4,1,4,1.6460905349794237,0.30119549995288253,datasets\raw\kubernetes-scheduling.md|datasets\raw\kubernetes-scheduling.md|datasets\raw\kubernetes-scheduling.md|datasets\raw\kubernetes-scheduling.md|datasets\raw\postgres-replication.md,"[{""source_id"":""datasets\\raw\\kubernetes-scheduling.md#0"",""selected_sentence_indices"":[0,2,3],""original_tokens"":91,""optimized_tokens"":67},{""source_id"":""datasets\\raw\\kubernetes-scheduling.md#3"",""selected_sentence_indices"":[0],""original_tokens"":37,""optimized_tokens"":11},{""source_id"":""datasets\\raw\\kubernetes-scheduling.md#1"",""selected_sentence_indices"":[0,1,4,5],""original_tokens"":94,""optimized_tokens"":48},{""source_id"":""datasets\\raw\\kubernetes-scheduling.md#2"",""selected_sentence_indices"":[0,1,4,5],""original_tokens"":96,""optimized_tokens"":55},{""source_id"":""datasets\\raw\\postgres-replication.md#1"",""selected_sentence_indices"":[0,1,2],""original_tokens"":87,""optimized_tokens"":62}]"
qt027,VAGUE,budgeted,Why won't this workload run on that machine?,5,5,2,405,243,162,0.4,1,4,1.6460905349794237,0.3545921000186354,datasets\raw\kubernetes-scheduling.md|datasets\raw\kubernetes-scheduling.md|datasets\raw\kubernetes-scheduling.md|datasets\raw\kubernetes-scheduling.md|datasets\raw\postgres-replication.md,"[{""source_id"":""datasets\\raw\\kubernetes-scheduling.md#0"",""selected_sentence_indices"":[0,2,3],""original_tokens"":91,""optimized_tokens"":67},{""source_id"":""datasets\\raw\\kubernetes-scheduling.md#3"",""selected_sentence_indices"":[0],""original_tokens"":37,""optimized_tokens"":11},{""source_id"":""datasets\\raw\\kubernetes-scheduling.md#1"",""selected_sentence_indices"":[0,1,4,5],""original_tokens"":94,""optimized_tokens"":48},{""source_id"":""datasets\\raw\\kubernetes-scheduling.md#2"",""selected_sentence_indices"":[0,1,4,5],""original_tokens"":96,""optimized_tokens"":55},{""source_id"":""datasets\\raw\\postgres-replication.md#1"",""selected_sentence_indices"":[0,1,2],""original_tokens"":87,""optimized_tokens"":62}]"
qt028,VAGUE,full,Why isn't one reader handling every partition?,5,5,2,405,405,0,0.0,1,4,0.9876543209876544,0.006324399961158633,datasets\raw\kafka-overview.md|datasets\raw\kafka-overview.md|datasets\raw\postgres-mvcc.md|datasets\raw\kafka-overview.md|datasets\raw\kafka-overview.md,"[{""source_id"":""datasets\\raw\\kafka-overview.md#2"",""selected_sentence_indices"":[0,1,2,3,4,5],""original_tokens"":90,""optimized_tokens"":90},{""source_id"":""datasets\\raw\\kafka-overview.md#1"",""selected_sentence_indices"":[0,1,2,3,4,5,6],""original_tokens"":93,""optimized_tokens"":93},{""source_id"":""datasets\\raw\\postgres-mvcc.md#1"",""selected_sentence_indices"":[0,1,2,3,4,5],""original_tokens"":94,""optimized_tokens"":94},{""source_id"":""datasets\\raw\\kafka-overview.md#3"",""selected_sentence_indices"":[0,1],""original_tokens"":41,""optimized_tokens"":41},{""source_id"":""datasets\\raw\\kafka-overview.md#0"",""selected_sentence_indices"":[0,1,2,3,4,5],""original_tokens"":87,""optimized_tokens"":87}]"
qt028,VAGUE,deduplicated,Why isn't one reader handling every partition?,5,5,2,405,405,0,0.0,1,4,0.9876543209876544,0.08975060004740953,datasets\raw\kafka-overview.md|datasets\raw\kafka-overview.md|datasets\raw\postgres-mvcc.md|datasets\raw\kafka-overview.md|datasets\raw\kafka-overview.md,"[{""source_id"":""datasets\\raw\\kafka-overview.md#2"",""selected_sentence_indices"":[0,1,2,3,4,5],""original_tokens"":90,""optimized_tokens"":90},{""source_id"":""datasets\\raw\\kafka-overview.md#1"",""selected_sentence_indices"":[0,1,2,3,4,5,6],""original_tokens"":93,""optimized_tokens"":93},{""source_id"":""datasets\\raw\\postgres-mvcc.md#1"",""selected_sentence_indices"":[0,1,2,3,4,5],""original_tokens"":94,""optimized_tokens"":94},{""source_id"":""datasets\\raw\\kafka-overview.md#3"",""selected_sentence_indices"":[0,1],""original_tokens"":41,""optimized_tokens"":41},{""source_id"":""datasets\\raw\\kafka-overview.md#0"",""selected_sentence_indices"":[0,1,2,3,4,5],""original_tokens"":87,""optimized_tokens"":87}]"
qt028,VAGUE,extractive,Why isn't one reader handling every partition?,5,5,2,405,232,173,0.4271604938271605,1,4,1.7241379310344829,0.3003008000086993,datasets\raw\kafka-overview.md|datasets\raw\kafka-overview.md|datasets\raw\postgres-mvcc.md|datasets\raw\kafka-overview.md|datasets\raw\kafka-overview.md,"[{""source_id"":""datasets\\raw\\kafka-overview.md#2"",""selected_sentence_indices"":[0,1,2],""original_tokens"":90,""optimized_tokens"":60},{""source_id"":""datasets\\raw\\kafka-overview.md#1"",""selected_sentence_indices"":[0,2,3,6],""original_tokens"":93,""optimized_tokens"":65},{""source_id"":""datasets\\raw\\postgres-mvcc.md#1"",""selected_sentence_indices"":[1,2,3],""original_tokens"":94,""optimized_tokens"":58},{""source_id"":""datasets\\raw\\kafka-overview.md#3"",""selected_sentence_indices"":[0],""original_tokens"":41,""optimized_tokens"":8},{""source_id"":""datasets\\raw\\kafka-overview.md#0"",""selected_sentence_indices"":[2,3,4],""original_tokens"":87,""optimized_tokens"":41}]"
qt028,VAGUE,budgeted,Why isn't one reader handling every partition?,5,5,2,405,232,173,0.4271604938271605,1,4,1.7241379310344829,0.31342019978910685,datasets\raw\kafka-overview.md|datasets\raw\kafka-overview.md|datasets\raw\postgres-mvcc.md|datasets\raw\kafka-overview.md|datasets\raw\kafka-overview.md,"[{""source_id"":""datasets\\raw\\kafka-overview.md#2"",""selected_sentence_indices"":[0,1,2],""original_tokens"":90,""optimized_tokens"":60},{""source_id"":""datasets\\raw\\kafka-overview.md#1"",""selected_sentence_indices"":[0,2,3,6],""original_tokens"":93,""optimized_tokens"":65},{""source_id"":""datasets\\raw\\postgres-mvcc.md#1"",""selected_sentence_indices"":[1,2,3],""original_tokens"":94,""optimized_tokens"":58},{""source_id"":""datasets\\raw\\kafka-overview.md#3"",""selected_sentence_indices"":[0],""original_tokens"":41,""optimized_tokens"":8},{""source_id"":""datasets\\raw\\kafka-overview.md#0"",""selected_sentence_indices"":[2,3,4],""original_tokens"":87,""optimized_tokens"":41}]"
qt029,VAGUE,full,Why is the log filling the disk?,5,5,3,399,399,0,0.0,1,2,0.5012531328320802,0.007655699970200658,datasets\raw\kafka-overview.md|datasets\raw\postgres-mvcc.md|datasets\raw\kafka-overview.md|datasets\raw\postgres-replication.md|datasets\raw\postgres-replication.md,"[{""source_id"":""datasets\\raw\\kafka-overview.md#3"",""selected_sentence_indices"":[0,1],""original_tokens"":41,""optimized_tokens"":41},{""source_id"":""datasets\\raw\\postgres-mvcc.md#2"",""selected_sentence_indices"":[0,1,2,3,4,5],""original_tokens"":93,""optimized_tokens"":93},{""source_id"":""datasets\\raw\\kafka-overview.md#2"",""selected_sentence_indices"":[0,1,2,3,4,5],""original_tokens"":90,""optimized_tokens"":90},{""source_id"":""datasets\\raw\\postgres-replication.md#0"",""selected_sentence_indices"":[0,1,2,3,4],""original_tokens"":83,""optimized_tokens"":83},{""source_id"":""datasets\\raw\\postgres-replication.md#3"",""selected_sentence_indices"":[0,1,2,3,4],""original_tokens"":92,""optimized_tokens"":92}]"
qt029,VAGUE,deduplicated,Why is the log filling the disk?,5,5,3,399,399,0,0.0,1,2,0.5012531328320802,0.09176800004206598,datasets\raw\kafka-overview.md|datasets\raw\postgres-mvcc.md|datasets\raw\kafka-overview.md|datasets\raw\postgres-replication.md|datasets\raw\postgres-replication.md,"[{""source_id"":""datasets\\raw\\kafka-overview.md#3"",""selected_sentence_indices"":[0,1],""original_tokens"":41,""optimized_tokens"":41},{""source_id"":""datasets\\raw\\postgres-mvcc.md#2"",""selected_sentence_indices"":[0,1,2,3,4,5],""original_tokens"":93,""optimized_tokens"":93},{""source_id"":""datasets\\raw\\kafka-overview.md#2"",""selected_sentence_indices"":[0,1,2,3,4,5],""original_tokens"":90,""optimized_tokens"":90},{""source_id"":""datasets\\raw\\postgres-replication.md#0"",""selected_sentence_indices"":[0,1,2,3,4],""original_tokens"":83,""optimized_tokens"":83},{""source_id"":""datasets\\raw\\postgres-replication.md#3"",""selected_sentence_indices"":[0,1,2,3,4],""original_tokens"":92,""optimized_tokens"":92}]"
qt029,VAGUE,extractive,Why is the log filling the disk?,5,5,3,399,179,220,0.5513784461152882,1,2,1.1173184357541899,0.3916468999814242,datasets\raw\kafka-overview.md|datasets\raw\postgres-mvcc.md|datasets\raw\kafka-overview.md|datasets\raw\postgres-replication.md|datasets\raw\postgres-replication.md,"[{""source_id"":""datasets\\raw\\kafka-overview.md#3"",""selected_sentence_indices"":[0],""original_tokens"":41,""optimized_tokens"":8},{""source_id"":""datasets\\raw\\postgres-mvcc.md#2"",""selected_sentence_indices"":[0,1,2],""original_tokens"":93,""optimized_tokens"":31},{""source_id"":""datasets\\raw\\kafka-overview.md#2"",""selected_sentence_indices"":[0,4,5],""original_tokens"":90,""optimized_tokens"":42},{""source_id"":""datasets\\raw\\postgres-replication.md#0"",""selected_sentence_indices"":[1,3,4],""original_tokens"":83,""optimized_tokens"":42},{""source_id"":""datasets\\raw\\postgres-replication.md#3"",""selected_sentence_indices"":[1,2,3],""original_tokens"":92,""optimized_tokens"":56}]"
qt029,VAGUE,budgeted,Why is the log filling the disk?,5,5,3,399,179,220,0.5513784461152882,1,2,1.1173184357541899,0.2961253998801112,datasets\raw\kafka-overview.md|datasets\raw\postgres-mvcc.md|datasets\raw\kafka-overview.md|datasets\raw\postgres-replication.md|datasets\raw\postgres-replication.md,"[{""source_id"":""datasets\\raw\\kafka-overview.md#3"",""selected_sentence_indices"":[0],""original_tokens"":41,""optimized_tokens"":8},{""source_id"":""datasets\\raw\\postgres-mvcc.md#2"",""selected_sentence_indices"":[0,1,2],""original_tokens"":93,""optimized_tokens"":31},{""source_id"":""datasets\\raw\\kafka-overview.md#2"",""selected_sentence_indices"":[0,4,5],""original_tokens"":90,""optimized_tokens"":42},{""source_id"":""datasets\\raw\\postgres-replication.md#0"",""selected_sentence_indices"":[1,3,4],""original_tokens"":83,""optimized_tokens"":42},{""source_id"":""datasets\\raw\\postgres-replication.md#3"",""selected_sentence_indices"":[1,2,3],""original_tokens"":92,""optimized_tokens"":56}]"
qt030,VAGUE,full,Who actually starts the containers?,5,5,2,411,411,0,0.0,1,4,0.97323600973236,0.0069565000012516975,datasets\raw\kubernetes-scheduling.md|datasets\raw\kubernetes-scheduling.md|datasets\raw\kubernetes-scheduling.md|datasets\raw\kubernetes-scheduling.md|datasets\raw\kafka-overview.md,"[{""source_id"":""datasets\\raw\\kubernetes-scheduling.md#3"",""selected_sentence_indices"":[0,1],""original_tokens"":37,""optimized_tokens"":37},{""source_id"":""datasets\\raw\\kubernetes-scheduling.md#2"",""selected_sentence_indices"":[0,1,2,3,4,5,6],""original_tokens"":96,""optimized_tokens"":96},{""source_id"":""datasets\\raw\\kubernetes-scheduling.md#0"",""selected_sentence_indices"":[0,1,2,3,4],""original_tokens"":91,""optimized_tokens"":91},{""source_id"":""datasets\\raw\\kubernetes-scheduling.md#1"",""selected_sentence_indices"":[0,1,2,3,4,5,6],""original_tokens"":94,""optimized_tokens"":94},{""source_id"":""datasets\\raw\\kafka-overview.md#1"",""selected_sentence_indices"":[0,1,2,3,4,5,6],""original_tokens"":93,""optimized_tokens"":93}]"
qt030,VAGUE,deduplicated,Who actually starts the containers?,5,5,2,411,411,0,0.0,1,4,0.97323600973236,0.0804055999033153,datasets\raw\kubernetes-scheduling.md|datasets\raw\kubernetes-scheduling.md|datasets\raw\kubernetes-scheduling.md|datasets\raw\kubernetes-scheduling.md|datasets\raw\kafka-overview.md,"[{""source_id"":""datasets\\raw\\kubernetes-scheduling.md#3"",""selected_sentence_indices"":[0,1],""original_tokens"":37,""optimized_tokens"":37},{""source_id"":""datasets\\raw\\kubernetes-scheduling.md#2"",""selected_sentence_indices"":[0,1,2,3,4,5,6],""original_tokens"":96,""optimized_tokens"":96},{""source_id"":""datasets\\raw\\kubernetes-scheduling.md#0"",""selected_sentence_indices"":[0,1,2,3,4],""original_tokens"":91,""optimized_tokens"":91},{""source_id"":""datasets\\raw\\kubernetes-scheduling.md#1"",""selected_sentence_indices"":[0,1,2,3,4,5,6],""original_tokens"":94,""optimized_tokens"":94},{""source_id"":""datasets\\raw\\kafka-overview.md#1"",""selected_sentence_indices"":[0,1,2,3,4,5,6],""original_tokens"":93,""optimized_tokens"":93}]"
qt030,VAGUE,extractive,Who actually starts the containers?,5,5,2,411,188,223,0.5425790754257908,1,4,2.127659574468085,0.30192080000415444,datasets\raw\kubernetes-scheduling.md|datasets\raw\kubernetes-scheduling.md|datasets\raw\kubernetes-scheduling.md|datasets\raw\kubernetes-scheduling.md|datasets\raw\kafka-overview.md,"[{""source_id"":""datasets\\raw\\kubernetes-scheduling.md#3"",""selected_sentence_indices"":[0],""original_tokens"":37,""optimized_tokens"":11},{""source_id"":""datasets\\raw\\kubernetes-scheduling.md#2"",""selected_sentence_indices"":[0,2,5,6],""original_tokens"":96,""optimized_tokens"":48},{""source_id"":""datasets\\raw\\kubernetes-scheduling.md#0"",""selected_sentence_indices"":[0,2,4],""original_tokens"":91,""optimized_tokens"":33},{""source_id"":""datasets\\raw\\kubernetes-scheduling.md#1"",""selected_sentence_indices"":[1,4,5,6],""original_tokens"":94,""optimized_tokens"":47},{""source_id"":""datasets\\raw\\kafka-overview.md#1"",""selected_sentence_indices"":[1,3,4,5],""original_tokens"":93,""optimized_tokens"":49}]"
qt030,VAGUE,budgeted,Who actually starts the containers?,5,5,2,411,188,223,0.5425790754257908,1,4,2.127659574468085,0.3144083998631686,datasets\raw\kubernetes-scheduling.md|datasets\raw\kubernetes-scheduling.md|datasets\raw\kubernetes-scheduling.md|datasets\raw\kubernetes-scheduling.md|datasets\raw\kafka-overview.md,"[{""source_id"":""datasets\\raw\\kubernetes-scheduling.md#3"",""selected_sentence_indices"":[0],""original_tokens"":37,""optimized_tokens"":11},{""source_id"":""datasets\\raw\\kubernetes-scheduling.md#2"",""selected_sentence_indices"":[0,2,5,6],""original_tokens"":96,""optimized_tokens"":48},{""source_id"":""datasets\\raw\\kubernetes-scheduling.md#0"",""selected_sentence_indices"":[0,2,4],""original_tokens"":91,""optimized_tokens"":33},{""source_id"":""datasets\\raw\\kubernetes-scheduling.md#1"",""selected_sentence_indices"":[1,4,5,6],""original_tokens"":94,""optimized_tokens"":47},{""source_id"":""datasets\\raw\\kafka-overview.md#1"",""selected_sentence_indices"":[1,3,4,5],""original_tokens"":93,""optimized_tokens"":49}]"
qt031,EXACT_IDENTIFIER,full,What does WAL do in PostgreSQL streaming replication?,5,5,2,381,381,0,0.0,1,3,0.7874015748031495,0.00671169999986887,datasets\raw\postgres-replication.md|datasets\raw\postgres-replication.md|datasets\raw\postgres-replication.md|datasets\raw\postgres-mvcc.md|datasets\raw\postgres-mvcc.md,"[{""source_id"":""datasets\\raw\\postgres-replication.md#0"",""selected_sentence_indices"":[0,1,2,3,4],""original_tokens"":83,""optimized_tokens"":83},{""source_id"":""datasets\\raw\\postgres-replication.md#1"",""selected_sentence_indices"":[0,1,2,3,4],""original_tokens"":87,""optimized_tokens"":87},{""source_id"":""datasets\\raw\\postgres-replication.md#3"",""selected_sentence_indices"":[0,1,2,3,4],""original_tokens"":92,""optimized_tokens"":92},{""source_id"":""datasets\\raw\\postgres-mvcc.md#3"",""selected_sentence_indices"":[0],""original_tokens"":26,""optimized_tokens"":26},{""source_id"":""datasets\\raw\\postgres-mvcc.md#2"",""selected_sentence_indices"":[0,1,2,3,4,5],""original_tokens"":93,""optimized_tokens"":93}]"
qt031,EXACT_IDENTIFIER,deduplicated,What does WAL do in PostgreSQL streaming replication?,5,5,2,381,381,0,0.0,1,3,0.7874015748031495,0.08140979986637831,datasets\raw\postgres-replication.md|datasets\raw\postgres-replication.md|datasets\raw\postgres-replication.md|datasets\raw\postgres-mvcc.md|datasets\raw\postgres-mvcc.md,"[{""source_id"":""datasets\\raw\\postgres-replication.md#0"",""selected_sentence_indices"":[0,1,2,3,4],""original_tokens"":83,""optimized_tokens"":83},{""source_id"":""datasets\\raw\\postgres-replication.md#1"",""selected_sentence_indices"":[0,1,2,3,4],""original_tokens"":87,""optimized_tokens"":87},{""source_id"":""datasets\\raw\\postgres-replication.md#3"",""selected_sentence_indices"":[0,1,2,3,4],""original_tokens"":92,""optimized_tokens"":92},{""source_id"":""datasets\\raw\\postgres-mvcc.md#3"",""selected_sentence_indices"":[0],""original_tokens"":26,""optimized_tokens"":26},{""source_id"":""datasets\\raw\\postgres-mvcc.md#2"",""selected_sentence_indices"":[0,1,2,3,4,5],""original_tokens"":93,""optimized_tokens"":93}]"
qt031,EXACT_IDENTIFIER,extractive,What does WAL do in PostgreSQL streaming replication?,5,5,2,381,265,116,0.30446194225721784,1,3,1.1320754716981132,0.25698360009118915,datasets\raw\postgres-replication.md|datasets\raw\postgres-replication.md|datasets\raw\postgres-replication.md|datasets\raw\postgres-mvcc.md|datasets\raw\postgres-mvcc.md,"[{""source_id"":""datasets\\raw\\postgres-replication.md#0"",""selected_sentence_indices"":[0,2,4],""original_tokens"":83,""optimized_tokens"":50},{""source_id"":""datasets\\raw\\postgres-replication.md#1"",""selected_sentence_indices"":[1,2,3],""original_tokens"":87,""optimized_tokens"":77},{""source_id"":""datasets\\raw\\postgres-replication.md#3"",""selected_sentence_indices"":[1,2,3],""original_tokens"":92,""optimized_tokens"":56},{""source_id"":""datasets\\raw\\postgres-mvcc.md#3"",""selected_sentence_indices"":[0],""original_tokens"":26,""optimized_tokens"":26},{""source_id"":""datasets\\raw\\postgres-mvcc.md#2"",""selected_sentence_indices"":[1,4,5],""original_tokens"":93,""optimized_tokens"":56}]"
qt031,EXACT_IDENTIFIER,budgeted,What does WAL do in PostgreSQL streaming replication?,5,5,2,381,243,138,0.36220472440944884,1,3,1.2345679012345678,0.2615497000515461,datasets\raw\postgres-replication.md|datasets\raw\postgres-replication.md|datasets\raw\postgres-replication.md|datasets\raw\postgres-mvcc.md|datasets\raw\postgres-mvcc.md,"[{""source_id"":""datasets\\raw\\postgres-replication.md#0"",""selected_sentence_indices"":[0,2,4],""original_tokens"":83,""optimized_tokens"":50},{""source_id"":""datasets\\raw\\postgres-replication.md#1"",""selected_sentence_indices"":[1,2,3],""original_tokens"":87,""optimized_tokens"":77},{""source_id"":""datasets\\raw\\postgres-replication.md#3"",""selected_sentence_indices"":[1,2,3],""original_tokens"":92,""optimized_tokens"":56},{""source_id"":""datasets\\raw\\postgres-mvcc.md#3"",""selected_sentence_indices"":[0],""original_tokens"":26,""optimized_tokens"":26},{""source_id"":""datasets\\raw\\postgres-mvcc.md#2"",""selected_sentence_indices"":[1,4],""original_tokens"":93,""optimized_tokens"":34}]"
qt032,EXACT_IDENTIFIER,full,What does MVCC provide in PostgreSQL?,5,5,2,387,387,0,0.0,1,4,1.0335917312661498,0.006602799985557795,datasets\raw\postgres-mvcc.md|datasets\raw\postgres-mvcc.md|datasets\raw\postgres-mvcc.md|datasets\raw\postgres-mvcc.md|datasets\raw\postgres-replication.md,"[{""source_id"":""datasets\\raw\\postgres-mvcc.md#3"",""selected_sentence_indices"":[0],""original_tokens"":26,""optimized_tokens"":26},{""source_id"":""datasets\\raw\\postgres-mvcc.md#0"",""selected_sentence_indices"":[0,1,2,3,4],""original_tokens"":91,""optimized_tokens"":91},{""source_id"":""datasets\\raw\\postgres-mvcc.md#1"",""selected_sentence_indices"":[0,1,2,3,4,5],""original_tokens"":94,""optimized_tokens"":94},{""source_id"":""datasets\\raw\\postgres-mvcc.md#2"",""selected_sentence_indices"":[0,1,2,3,4,5],""original_tokens"":93,""optimized_tokens"":93},{""source_id"":""datasets\\raw\\postgres-replication.md#0"",""selected_sentence_indices"":[0,1,2,3,4],""original_tokens"":83,""optimized_tokens"":83}]"
qt032,EXACT_IDENTIFIER,deduplicated,What does MVCC provide in PostgreSQL?,5,5,2,387,387,0,0.0,1,4,1.0335917312661498,0.07908769999630749,datasets\raw\postgres-mvcc.md|datasets\raw\postgres-mvcc.md|datasets\raw\postgres-mvcc.md|datasets\raw\postgres-mvcc.md|datasets\raw\postgres-replication.md,"[{""source_id"":""datasets\\raw\\postgres-mvcc.md#3"",""selected_sentence_indices"":[0],""original_tokens"":26,""optimized_tokens"":26},{""source_id"":""datasets\\raw\\postgres-mvcc.md#0"",""selected_sentence_indices"":[0,1,2,3,4],""original_tokens"":91,""optimized_tokens"":91},{""source_id"":""datasets\\raw\\postgres-mvcc.md#1"",""selected_sentence_indices"":[0,1,2,3,4,5],""original_tokens"":94,""optimized_tokens"":94},{""source_id"":""datasets\\raw\\postgres-mvcc.md#2"",""selected_sentence_indices"":[0,1,2,3,4,5],""original_tokens"":93,""optimized_tokens"":93},{""source_id"":""datasets\\raw\\postgres-replication.md#0"",""selected_sentence_indices"":[0,1,2,3,4],""original_tokens"":83,""optimized_tokens"":83}]"
qt032,EXACT_IDENTIFIER,extractive,What does MVCC provide in PostgreSQL?,5,5,2,387,255,132,0.34108527131782945,1,4,1.5686274509803924,0.28849759977310896,datasets\raw\postgres-mvcc.md|datasets\raw\postgres-mvcc.md|datasets\raw\postgres-mvcc.md|datasets\raw\postgres-mvcc.md|datasets\raw\postgres-replication.md,"[{""source_id"":""datasets\\raw\\postgres-mvcc.md#3"",""selected_sentence_indices"":[0],""original_tokens"":26,""optimized_tokens"":26},{""source_id"":""datasets\\raw\\postgres-mvcc.md#0"",""selected_sentence_indices"":[0,3,4],""original_tokens"":91,""optimized_tokens"":58},{""source_id"":""datasets\\raw\\postgres-mvcc.md#1"",""selected_sentence_indices"":[2,3,5],""original_tokens"":94,""optimized_tokens"":57},{""source_id"":""datasets\\raw\\postgres-mvcc.md#2"",""selected_sentence_indices"":[1,4,5],""original_tokens"":93,""optimized_tokens"":56},{""source_id"":""datasets\\raw\\postgres-replication.md#0"",""selected_sentence_indices"":[0,1,2],""original_tokens"":83,""optimized_tokens"":58}]"
qt032,EXACT_IDENTIFIER,budgeted,What does MVCC provide in PostgreSQL?,5,5,2,387,236,151,0.39018087855297157,1,4,1.6949152542372883,0.27675229986198246,datasets\raw\postgres-mvcc.md|datasets\raw\postgres-mvcc.md|datasets\raw\postgres-mvcc.md|datasets\raw\postgres-mvcc.md|datasets\raw\postgres-replication.md,"[{""source_id"":""datasets\\raw\\postgres-mvcc.md#3"",""selected_sentence_indices"":[0],""original_tokens"":26,""optimized_tokens"":26},{""source_id"":""datasets\\raw\\postgres-mvcc.md#0"",""selected_sentence_indices"":[0,3,4],""original_tokens"":91,""optimized_tokens"":58},{""source_id"":""datasets\\raw\\postgres-mvcc.md#1"",""selected_sentence_indices"":[2,3,5],""original_tokens"":94,""optimized_tokens"":57},{""source_id"":""datasets\\raw\\postgres-mvcc.md#2"",""selected_sentence_indices"":[1,4,5],""original_tokens"":93,""optimized_tokens"":56},{""source_id"":""datasets\\raw\\postgres-replication.md#0"",""selected_sentence_indices"":[0,1],""original_tokens"":83,""optimized_tokens"":39}]"
qt033,EXACT_IDENTIFIER,full,What does VACUUM do with obsolete row versions?,5,5,2,404,404,0,0.0,1,3,0.7425742574257426,0.005525700049474835,datasets\raw\postgres-mvcc.md|datasets\raw\postgres-mvcc.md|datasets\raw\postgres-mvcc.md|datasets\raw\postgres-replication.md|datasets\raw\postgres-replication.md,"[{""source_id"":""datasets\\raw\\postgres-mvcc.md#2"",""selected_sentence_indices"":[0,1,2,3,4,5],""original_tokens"":93,""optimized_tokens"":93},{""source_id"":""datasets\\raw\\postgres-mvcc.md#1"",""selected_sentence_indices"":[0,1,2,3,4,5],""original_tokens"":94,""optimized_tokens"":94},{""source_id"":""datasets\\raw\\postgres-mvcc.md#0"",""selected_sentence_indices"":[0,1,2,3,4],""original_tokens"":91,""optimized_tokens"":91},{""source_id"":""datasets\\raw\\postgres-replication.md#4"",""selected_sentence_indices"":[0,1],""original_tokens"":34,""optimized_tokens"":34},{""source_id"":""datasets\\raw\\postgres-replication.md#3"",""selected_sentence_indices"":[0,1,2,3,4],""original_tokens"":92,""optimized_tokens"":92}]"
qt033,EXACT_IDENTIFIER,deduplicated,What does VACUUM do with obsolete row versions?,5,5,2,404,404,0,0.0,1,3,0.7425742574257426,0.08050650008954108,datasets\raw\postgres-mvcc.md|datasets\raw\postgres-mvcc.md|datasets\raw\postgres-mvcc.md|datasets\raw\postgres-replication.md|datasets\raw\postgres-replication.md,"[{""source_id"":""datasets\\raw\\postgres-mvcc.md#2"",""selected_sentence_indices"":[0,1,2,3,4,5],""original_tokens"":93,""optimized_tokens"":93},{""source_id"":""datasets\\raw\\postgres-mvcc.md#1"",""selected_sentence_indices"":[0,1,2,3,4,5],""original_tokens"":94,""optimized_tokens"":94},{""source_id"":""datasets\\raw\\postgres-mvcc.md#0"",""selected_sentence_indices"":[0,1,2,3,4],""original_tokens"":91,""optimized_tokens"":91},{""source_id"":""datasets\\raw\\postgres-replication.md#4"",""selected_sentence_indices"":[0,1],""original_tokens"":34,""optimized_tokens"":34},{""source_id"":""datasets\\raw\\postgres-replication.md#3"",""selected_sentence_indices"":[0,1,2,3,4],""original_tokens"":92,""optimized_tokens"":92}]"
qt033,EXACT_IDENTIFIER,extractive,What does VACUUM do with obsolete row versions?,5,5,2,404,189,215,0.5321782178217822,1,3,1.5873015873015874,0.289793899981305,datasets\raw\postgres-mvcc.md|datasets\raw\postgres-mvcc.md|datasets\raw\postgres-mvcc.md|datasets\raw\postgres-replication.md|datasets\raw\postgres-replication.md,"[{""source_id"":""datasets\\raw\\postgres-mvcc.md#2"",""selected_sentence_indices"":[0,1,2],""original_tokens"":93,""optimized_tokens"":31},{""source_id"":""datasets\\raw\\postgres-mvcc.md#1"",""selected_sentence_indices"":[0,4,5],""original_tokens"":94,""optimized_tokens"":36},{""source_id"":""datasets\\raw\\postgres-mvcc.md#0"",""selected_sentence_indices"":[1,2,3],""original_tokens"":91,""optimized_tokens"":49},{""source_id"":""datasets\\raw\\postgres-replication.md#4"",""selected_sentence_indices"":[1],""original_tokens"":34,""optimized_tokens"":26},{""source_id"":""datasets\\raw\\postgres-replication.md#3"",""selected_sentence_indices"":[2,3,4],""original_tokens"":92,""optimized_tokens"":47}]"
qt033,EXACT_IDENTIFIER,budgeted,What does VACUUM do with obsolete row versions?,5,5,2,404,189,215,0.5321782178217822,1,3,1.5873015873015874,0.28315420006401837,datasets\raw\postgres-mvcc.md|datasets\raw\postgres-mvcc.md|datasets\raw\postgres-mvcc.md|datasets\raw\postgres-replication.md|datasets\raw\postgres-replication.md,"[{""source_id"":""datasets\\raw\\postgres-mvcc.md#2"",""selected_sentence_indices"":[0,1,2],""original_tokens"":93,""optimized_tokens"":31},{""source_id"":""datasets\\raw\\postgres-mvcc.md#1"",""selected_sentence_indices"":[0,4,5],""original_tokens"":94,""optimized_tokens"":36},{""source_id"":""datasets\\raw\\postgres-mvcc.md#0"",""selected_sentence_indices"":[1,2,3],""original_tokens"":91,""optimized_tokens"":49},{""source_id"":""datasets\\raw\\postgres-replication.md#4"",""selected_sentence_indices"":[1],""original_tokens"":34,""optimized_tokens"":26},{""source_id"":""datasets\\raw\\postgres-replication.md#3"",""selected_sentence_indices"":[2,3,4],""original_tokens"":92,""optimized_tokens"":47}]"
qt034,EXACT_IDENTIFIER,full,How does Read Committed choose snapshots?,5,5,3,445,445,0,0.0,1,2,0.449438202247191,0.007726400159299374,datasets\raw\postgres-mvcc.md|datasets\raw\postgres-mvcc.md|datasets\raw\postgres-replication.md|datasets\raw\kafka-overview.md|datasets\raw\postgres-replication.md,"[{""source_id"":""datasets\\raw\\postgres-mvcc.md#0"",""selected_sentence_indices"":[0,1,2,3,4],""original_tokens"":91,""optimized_tokens"":91},{""source_id"":""datasets\\raw\\postgres-mvcc.md#1"",""selected_sentence_indices"":[0,1,2,3,4,5],""original_tokens"":94,""optimized_tokens"":94},{""source_id"":""datasets\\raw\\postgres-replication.md#1"",""selected_sentence_indices"":[0,1,2,3,4],""original_tokens"":87,""optimized_tokens"":87},{""source_id"":""datasets\\raw\\kafka-overview.md#2"",""selected_sentence_indices"":[0,1,2,3,4,5],""original_tokens"":90,""optimized_tokens"":90},{""source_id"":""datasets\\raw\\postgres-replication.md#0"",""selected_sentence_indices"":[0,1,2,3,4],""original_tokens"":83,""optimized_tokens"":83}]"
qt034,EXACT_IDENTIFIER,deduplicated,How does Read Committed choose snapshots?,5,5,3,445,445,0,0.0,1,2,0.449438202247191,0.08110800012946129,datasets\raw\postgres-mvcc.md|datasets\raw\postgres-mvcc.md|datasets\raw\postgres-replication.md|datasets\raw\kafka-overview.md|datasets\raw\postgres-replication.md,"[{""source_id"":""datasets\\raw\\postgres-mvcc.md#0"",""selected_sentence_indices"":[0,1,2,3,4],""original_tokens"":91,""optimized_tokens"":91},{""source_id"":""datasets\\raw\\postgres-mvcc.md#1"",""selected_sentence_indices"":[0,1,2,3,4,5],""original_tokens"":94,""optimized_tokens"":94},{""source_id"":""datasets\\raw\\postgres-replication.md#1"",""selected_sentence_indices"":[0,1,2,3,4],""original_tokens"":87,""optimized_tokens"":87},{""source_id"":""datasets\\raw\\kafka-overview.md#2"",""selected_sentence_indices"":[0,1,2,3,4,5],""original_tokens"":90,""optimized_tokens"":90},{""source_id"":""datasets\\raw\\postgres-replication.md#0"",""selected_sentence_indices"":[0,1,2,3,4],""original_tokens"":83,""optimized_tokens"":83}]"
qt034,EXACT_IDENTIFIER,extractive,How does Read Committed choose snapshots?,5,5,3,445,270,175,0.39325842696629215,1,2,0.7407407407407407,0.30476019997149706,datasets\raw\postgres-mvcc.md|datasets\raw\postgres-mvcc.md|datasets\raw\postgres-replication.md|datasets\raw\kafka-overview.md|datasets\raw\postgres-replication.md,"[{""source_id"":""datasets\\raw\\postgres-mvcc.md#0"",""selected_sentence_indices"":[2,3,4],""original_tokens"":91,""optimized_tokens"":46},{""source_id"":""datasets\\raw\\postgres-mvcc.md#1"",""selected_sentence_indices"":[1,2,3],""original_tokens"":94,""optimized_tokens"":58},{""source_id"":""datasets\\raw\\postgres-replication.md#1"",""selected_sentence_indices"":[1,2,3],""original_tokens"":87,""optimized_tokens"":77},{""source_id"":""datasets\\raw\\kafka-overview.md#2"",""selected_sentence_indices"":[2,3,4],""original_tokens"":90,""optimized_tokens"":47},{""source_id"":""datasets\\raw\\postgres-replication.md#0"",""selected_sentence_indices"":[1,3,4],""original_tokens"":83,""optimized_tokens"":42}]"
qt034,EXACT_IDENTIFIER,budgeted,How does Read Committed choose snapshots?,5,5,3,445,245,200,0.449438202247191,1,2,0.8163265306122448,0.32684469991363585,datasets\raw\postgres-mvcc.md|datasets\raw\postgres-mvcc.md|datasets\raw\postgres-replication.md|datasets\raw\kafka-overview.md|datasets\raw\postgres-replication.md,"[{""source_id"":""datasets\\raw\\postgres-mvcc.md#0"",""selected_sentence_indices"":[2,3,4],""original_tokens"":91,""optimized_tokens"":46},{""source_id"":""datasets\\raw\\postgres-mvcc.md#1"",""selected_sentence_indices"":[1,2,3],""original_tokens"":94,""optimized_tokens"":58},{""source_id"":""datasets\\raw\\postgres-replication.md#1"",""selected_sentence_indices"":[1,2,3],""original_tokens"":87,""optimized_tokens"":77},{""source_id"":""datasets\\raw\\kafka-overview.md#2"",""selected_sentence_indices"":[2,3,4],""original_tokens"":90,""optimized_tokens"":47},{""source_id"":""datasets\\raw\\postgres-replication.md#0"",""selected_sentence_indices"":[1],""original_tokens"":83,""optimized_tokens"":17}]"
qt035,EXACT_IDENTIFIER,full,How does Repeatable Read use a snapshot?,5,5,3,450,450,0,0.0,1,2,0.4444444444444444,0.007097999798133969,datasets\raw\postgres-mvcc.md|datasets\raw\postgres-mvcc.md|datasets\raw\postgres-replication.md|datasets\raw\kafka-overview.md|datasets\raw\postgres-replication.md,"[{""source_id"":""datasets\\raw\\postgres-mvcc.md#1"",""selected_sentence_indices"":[0,1,2,3,4,5],""original_tokens"":94,""optimized_tokens"":94},{""source_id"":""datasets\\raw\\postgres-mvcc.md#0"",""selected_sentence_indices"":[0,1,2,3,4],""original_tokens"":91,""optimized_tokens"":91},{""source_id"":""datasets\\raw\\postgres-replication.md#0"",""selected_sentence_indices"":[0,1,2,3,4],""original_tokens"":83,""optimized_tokens"":83},{""source_id"":""datasets\\raw\\kafka-overview.md#2"",""selected_sentence_indices"":[0,1,2,3,4,5],""original_tokens"":90,""optimized_tokens"":90},{""source_id"":""datasets\\raw\\postgres-replication.md#3"",""selected_sentence_indices"":[0,1,2,3,4],""original_tokens"":92,""optimized_tokens"":92}]"
qt035,EXACT_IDENTIFIER,deduplicated,How does Repeatable Read use a snapshot?,5,5,3,450,450,0,0.0,1,2,0.4444444444444444,0.08165089995600283,datasets\raw\postgres-mvcc.md|datasets\raw\postgres-mvcc.md|datasets\raw\postgres-replication.md|datasets\raw\kafka-overview.md|datasets\raw\postgres-replication.md,"[{""source_id"":""datasets\\raw\\postgres-mvcc.md#1"",""selected_sentence_indices"":[0,1,2,3,4,5],""original_tokens"":94,""optimized_tokens"":94},{""source_id"":""datasets\\raw\\postgres-mvcc.md#0"",""selected_sentence_indices"":[0,1,2,3,4],""original_tokens"":91,""optimized_tokens"":91},{""source_id"":""datasets\\raw\\postgres-replication.md#0"",""selected_sentence_indices"":[0,1,2,3,4],""original_tokens"":83,""optimized_tokens"":83},{""source_id"":""datasets\\raw\\kafka-overview.md#2"",""selected_sentence_indices"":[0,1,2,3,4,5],""original_tokens"":90,""optimized_tokens"":90},{""source_id"":""datasets\\raw\\postgres-replication.md#3"",""selected_sentence_indices"":[0,1,2,3,4],""original_tokens"":92,""optimized_tokens"":92}]"
qt035,EXACT_IDENTIFIER,extractive,How does Repeatable Read use a snapshot?,5,5,3,450,243,207,0.46,1,2,0.8230452674897119,0.33544950000941753,datasets\raw\postgres-mvcc.md|datasets\raw\postgres-mvcc.md|datasets\raw\postgres-replication.md|datasets\raw\kafka-overview.md|datasets\raw\postgres-replication.md,"[{""source_id"":""datasets\\raw\\postgres-mvcc.md#1"",""selected_sentence_indices"":[1,2,3],""original_tokens"":94,""optimized_tokens"":58},{""source_id"":""datasets\\raw\\postgres-mvcc.md#0"",""selected_sentence_indices"":[2,3,4],""original_tokens"":91,""optimized_tokens"":46},{""source_id"":""datasets\\raw\\postgres-replication.md#0"",""selected_sentence_indices"":[1,3,4],""original_tokens"":83,""optimized_tokens"":42},{""source_id"":""datasets\\raw\\kafka-overview.md#2"",""selected_sentence_indices"":[1,2,3],""original_tokens"":90,""optimized_tokens"":48},{""source_id"":""datasets\\raw\\postgres-replication.md#3"",""selected_sentence_indices"":[1,3,4],""original_tokens"":92,""optimized_tokens"":49}]"
qt035,EXACT_IDENTIFIER,budgeted,How does Repeatable Read use a snapshot?,5,5,3,450,243,207,0.46,1,2,0.8230452674897119,0.3095939999911934,datasets\raw\postgres-mvcc.md|datasets\raw\postgres-mvcc.md|datasets\raw\postgres-replication.md|datasets\raw\kafka-overview.md|datasets\raw\postgres-replication.md,"[{""source_id"":""datasets\\raw\\postgres-mvcc.md#1"",""selected_sentence_indices"":[1,2,3],""original_tokens"":94,""optimized_tokens"":58},{""source_id"":""datasets\\raw\\postgres-mvcc.md#0"",""selected_sentence_indices"":[2,3,4],""original_tokens"":91,""optimized_tokens"":46},{""source_id"":""datasets\\raw\\postgres-replication.md#0"",""selected_sentence_indices"":[1,3,4],""original_tokens"":83,""optimized_tokens"":42},{""source_id"":""datasets\\raw\\kafka-overview.md#2"",""selected_sentence_indices"":[1,2,3],""original_tokens"":90,""optimized_tokens"":48},{""source_id"":""datasets\\raw\\postgres-replication.md#3"",""selected_sentence_indices"":[1,3,4],""original_tokens"":92,""optimized_tokens"":49}]"
qt036,EXACT_IDENTIFIER,full,What does node affinity do for a Pod?,5,5,2,411,411,0,0.0,1,4,0.97323600973236,0.005861500045284629,datasets\raw\kubernetes-scheduling.md|datasets\raw\kubernetes-scheduling.md|datasets\raw\kubernetes-scheduling.md|datasets\raw\kubernetes-scheduling.md|datasets\raw\kafka-overview.md,"[{""source_id"":""datasets\\raw\\kubernetes-scheduling.md#2"",""selected_sentence_indices"":[0,1,2,3,4,5,6],""original_tokens"":96,""optimized_tokens"":96},{""source_id"":""datasets\\raw\\kubernetes-scheduling.md#0"",""selected_sentence_indices"":[0,1,2,3,4],""original_tokens"":91,""optimized_tokens"":91},{""source_id"":""datasets\\raw\\kubernetes-scheduling.md#3"",""selected_sentence_indices"":[0,1],""original_tokens"":37,""optimized_tokens"":37},{""source_id"":""datasets\\raw\\kubernetes-scheduling.md#1"",""selected_sentence_indices"":[0,1,2,3,4,5,6],""original_tokens"":94,""optimized_tokens"":94},{""source_id"":""datasets\\raw\\kafka-overview.md#1"",""selected_sentence_indices"":[0,1,2,3,4,5,6],""original_tokens"":93,""optimized_tokens"":93}]"
qt036,EXACT_IDENTIFIER,deduplicated,What does node affinity do for a Pod?,5,5,2,411,411,0,0.0,1,4,0.97323600973236,0.07968840003013611,datasets\raw\kubernetes-scheduling.md|datasets\raw\kubernetes-scheduling.md|datasets\raw\kubernetes-scheduling.md|datasets\raw\kubernetes-scheduling.md|datasets\raw\kafka-overview.md,"[{""source_id"":""datasets\\raw\\kubernetes-scheduling.md#2"",""selected_sentence_indices"":[0,1,2,3,4,5,6],""original_tokens"":96,""optimized_tokens"":96},{""source_id"":""datasets\\raw\\kubernetes-scheduling.md#0"",""selected_sentence_indices"":[0,1,2,3,4],""original_tokens"":91,""optimized_tokens"":91},{""source_id"":""datasets\\raw\\kubernetes-scheduling.md#3"",""selected_sentence_indices"":[0,1],""original_tokens"":37,""optimized_tokens"":37},{""source_id"":""datasets\\raw\\kubernetes-scheduling.md#1"",""selected_sentence_indices"":[0,1,2,3,4,5,6],""original_tokens"":94,""optimized_tokens"":94},{""source_id"":""datasets\\raw\\kafka-overview.md#1"",""selected_sentence_indices"":[0,1,2,3,4,5,6],""original_tokens"":93,""optimized_tokens"":93}]"
qt036,EXACT_IDENTIFIER,extractive,What does node affinity do for a Pod?,5,5,2,411,237,174,0.4233576642335766,1,4,1.6877637130801686,0.3165742999408394,datasets\raw\kubernetes-scheduling.md|datasets\raw\kubernetes-scheduling.md|datasets\raw\kubernetes-scheduling.md|datasets\raw\kubernetes-scheduling.md|datasets\raw\kafka-overview.md,"[{""source_id"":""datasets\\raw\\kubernetes-scheduling.md#2"",""selected_sentence_indices"":[2,3,4,6],""original_tokens"":96,""optimized_tokens"":60},{""source_id"":""datasets\\raw\\kubernetes-scheduling.md#0"",""selected_sentence_indices"":[0,1,2],""original_tokens"":91,""optimized_tokens"":49},{""source_id"":""datasets\\raw\\kubernetes-scheduling.md#3"",""selected_sentence_indices"":[1],""original_tokens"":37,""optimized_tokens"":26},{""source_id"":""datasets\\raw\\kubernetes-scheduling.md#1"",""selected_sentence_indices"":[1,3,4,5],""original_tokens"":94,""optimized_tokens"":42},{""source_id"":""datasets\\raw\\kafka-overview.md#1"",""selected_sentence_indices"":[1,2,3,6],""original_tokens"":93,""optimized_tokens"":60}]"
qt036,EXACT_IDENTIFIER,budgeted,What does node affinity do for a Pod?,5,5,2,411,237,174,0.4233576642335766,1,4,1.6877637130801686,0.30367609998211265,datasets\raw\kubernetes-scheduling.md|datasets\raw\kubernetes-scheduling.md|datasets\raw\kubernetes-scheduling.md|datasets\raw\kubernetes-scheduling.md|datasets\raw\kafka-overview.md,"[{""source_id"":""datasets\\raw\\kubernetes-scheduling.md#2"",""selected_sentence_indices"":[2,3,4,6],""original_tokens"":96,""optimized_tokens"":60},{""source_id"":""datasets\\raw\\kubernetes-scheduling.md#0"",""selected_sentence_indices"":[0,1,2],""original_tokens"":91,""optimized_tokens"":49},{""source_id"":""datasets\\raw\\kubernetes-scheduling.md#3"",""selected_sentence_indices"":[1],""original_tokens"":37,""optimized_tokens"":26},{""source_id"":""datasets\\raw\\kubernetes-scheduling.md#1"",""selected_sentence_indices"":[1,3,4,5],""original_tokens"":94,""optimized_tokens"":42},{""source_id"":""datasets\\raw\\kafka-overview.md#1"",""selected_sentence_indices"":[1,2,3,6],""original_tokens"":93,""optimized_tokens"":60}]"
qt037,EXACT_IDENTIFIER,full,What does kubelet do after Pod binding?,5,5,2,355,355,0,0.0,1,3,0.8450704225352114,0.006022899877279997,datasets\raw\kubernetes-scheduling.md|datasets\raw\kubernetes-scheduling.md|datasets\raw\kubernetes-scheduling.md|datasets\raw\kafka-overview.md|datasets\raw\kafka-overview.md,"[{""source_id"":""datasets\\raw\\kubernetes-scheduling.md#2"",""selected_sentence_indices"":[0,1,2,3,4,5,6],""original_tokens"":96,""optimized_tokens"":96},{""source_id"":""datasets\\raw\\kubernetes-scheduling.md#3"",""selected_sentence_indices"":[0,1],""original_tokens"":37,""optimized_tokens"":37},{""source_id"":""datasets\\raw\\kubernetes-scheduling.md#0"",""selected_sentence_indices"":[0,1,2,3,4],""original_tokens"":91,""optimized_tokens"":91},{""source_id"":""datasets\\raw\\kafka-overview.md#3"",""selected_sentence_indices"":[0,1],""original_tokens"":41,""optimized_tokens"":41},{""source_id"":""datasets\\raw\\kafka-overview.md#2"",""selected_sentence_indices"":[0,1,2,3,4,5],""original_tokens"":90,""optimized_tokens"":90}]"
qt037,EXACT_IDENTIFIER,deduplicated,What does kubelet do after Pod binding?,5,5,2,355,355,0,0.0,1,3,0.8450704225352114,0.08053979999385774,datasets\raw\kubernetes-scheduling.md|datasets\raw\kubernetes-scheduling.md|datasets\raw\kubernetes-scheduling.md|datasets\raw\kafka-overview.md|datasets\raw\kafka-overview.md,"[{""source_id"":""datasets\\raw\\kubernetes-scheduling.md#2"",""selected_sentence_indices"":[0,1,2,3,4,5,6],""original_tokens"":96,""optimized_tokens"":96},{""source_id"":""datasets\\raw\\kubernetes-scheduling.md#3"",""selected_sentence_indices"":[0,1],""original_tokens"":37,""optimized_tokens"":37},{""source_id"":""datasets\\raw\\kubernetes-scheduling.md#0"",""selected_sentence_indices"":[0,1,2,3,4],""original_tokens"":91,""optimized_tokens"":91},{""source_id"":""datasets\\raw\\kafka-overview.md#3"",""selected_sentence_indices"":[0,1],""original_tokens"":41,""optimized_tokens"":41},{""source_id"":""datasets\\raw\\kafka-overview.md#2"",""selected_sentence_indices"":[0,1,2,3,4,5],""original_tokens"":90,""optimized_tokens"":90}]"
qt037,EXACT_IDENTIFIER,extractive,What does kubelet do after Pod binding?,5,5,2,355,187,168,0.4732394366197183,1,3,1.6042780748663101,0.28634019987657666,datasets\raw\kubernetes-scheduling.md|datasets\raw\kubernetes-scheduling.md|datasets\raw\kubernetes-scheduling.md|datasets\raw\kafka-overview.md|datasets\raw\kafka-overview.md,"[{""source_id"":""datasets\\raw\\kubernetes-scheduling.md#2"",""selected_sentence_indices"":[2,3,4,6],""original_tokens"":96,""optimized_tokens"":60},{""source_id"":""datasets\\raw\\kubernetes-scheduling.md#3"",""selected_sentence_indices"":[1],""original_tokens"":37,""optimized_tokens"":26},{""source_id"":""datasets\\raw\\kubernetes-scheduling.md#0"",""selected_sentence_indices"":[0,1,2],""original_tokens"":91,""optimized_tokens"":49},{""source_id"":""datasets\\raw\\kafka-overview.md#3"",""selected_sentence_indices"":[0],""original_tokens"":41,""optimized_tokens"":8},{""source_id"":""datasets\\raw\\kafka-overview.md#2"",""selected_sentence_indices"":[2,4,5],""original_tokens"":90,""optimized_tokens"":44}]"
qt037,EXACT_IDENTIFIER,budgeted,What does kubelet do after Pod binding?,5,5,2,355,187,168,0.4732394366197183,1,3,1.6042780748663101,0.2861365000717342,datasets\raw\kubernetes-scheduling.md|datasets\raw\kubernetes-scheduling.md|datasets\raw\kubernetes-scheduling.md|datasets\raw\kafka-overview.md|datasets\raw\kafka-overview.md,"[{""source_id"":""datasets\\raw\\kubernetes-scheduling.md#2"",""selected_sentence_indices"":[2,3,4,6],""original_tokens"":96,""optimized_tokens"":60},{""source_id"":""datasets\\raw\\kubernetes-scheduling.md#3"",""selected_sentence_indices"":[1],""original_tokens"":37,""optimized_tokens"":26},{""source_id"":""datasets\\raw\\kubernetes-scheduling.md#0"",""selected_sentence_indices"":[0,1,2],""original_tokens"":91,""optimized_tokens"":49},{""source_id"":""datasets\\raw\\kafka-overview.md#3"",""selected_sentence_indices"":[0],""original_tokens"":41,""optimized_tokens"":8},{""source_id"":""datasets\\raw\\kafka-overview.md#2"",""selected_sentence_indices"":[2,4,5],""original_tokens"":90,""optimized_tokens"":44}]"
qt038,EXACT_IDENTIFIER,full,What is a Kafka topic partition?,5,5,2,345,345,0,0.0,1,4,1.1594202898550725,0.005667600082233548,datasets\raw\kafka-overview.md|datasets\raw\kafka-overview.md|datasets\raw\kafka-overview.md|datasets\raw\kafka-overview.md|datasets\raw\postgres-replication.md,"[{""source_id"":""datasets\\raw\\kafka-overview.md#0"",""selected_sentence_indices"":[0,1,2,3,4,5],""original_tokens"":87,""optimized_tokens"":87},{""source_id"":""datasets\\raw\\kafka-overview.md#1"",""selected_sentence_indices"":[0,1,2,3,4,5,6],""original_tokens"":93,""optimized_tokens"":93},{""source_id"":""datasets\\raw\\kafka-overview.md#2"",""selected_sentence_indices"":[0,1,2,3,4,5],""original_tokens"":90,""optimized_tokens"":90},{""source_id"":""datasets\\raw\\kafka-overview.md#3"",""selected_sentence_indices"":[0,1],""original_tokens"":41,""optimized_tokens"":41},{""source_id"":""datasets\\raw\\postgres-replication.md#4"",""selected_sentence_indices"":[0,1],""original_tokens"":34,""optimized_tokens"":34}]"
qt038,EXACT_IDENTIFIER,deduplicated,What is a Kafka topic partition?,5,5,2,345,345,0,0.0,1,4,1.1594202898550725,0.0796326999552548,datasets\raw\kafka-overview.md|datasets\raw\kafka-overview.md|datasets\raw\kafka-overview.md|datasets\raw\kafka-overview.md|datasets\raw\postgres-replication.md,"[{""source_id"":""datasets\\raw\\kafka-overview.md#0"",""selected_sentence_indices"":[0,1,2,3,4,5],""original_tokens"":87,""optimized_tokens"":87},{""source_id"":""datasets\\raw\\kafka-overview.md#1"",""selected_sentence_indices"":[0,1,2,3,4,5,6],""original_tokens"":93,""optimized_tokens"":93},{""source_id"":""datasets\\raw\\kafka-overview.md#2"",""selected_sentence_indices"":[0,1,2,3,4,5],""original_tokens"":90,""optimized_tokens"":90},{""source_id"":""datasets\\raw\\kafka-overview.md#3"",""selected_sentence_indices"":[0,1],""original_tokens"":41,""optimized_tokens"":41},{""source_id"":""datasets\\raw\\postgres-replication.md#4"",""selected_sentence_indices"":[0,1],""original_tokens"":34,""optimized_tokens"":34}]"
qt038,EXACT_IDENTIFIER,extractive,What is a Kafka topic partition?,5,5,2,345,168,177,0.5130434782608696,1,4,2.380952380952381,0.2813433001283556,datasets\raw\kafka-overview.md|datasets\raw\kafka-overview.md|datasets\raw\kafka-overview.md|datasets\raw\kafka-overview.md|datasets\raw\postgres-replication.md,"[{""source_id"":""datasets\\raw\\kafka-overview.md#0"",""selected_sentence_indices"":[2,4,5],""original_tokens"":87,""optimized_tokens"":34},{""source_id"":""datasets\\raw\\kafka-overview.md#1"",""selected_sentence_indices"":[1,2,3,6],""original_tokens"":93,""optimized_tokens"":60},{""source_id"":""datasets\\raw\\kafka-overview.md#2"",""selected_sentence_indices"":[0,2,4],""original_tokens"":90,""optimized_tokens"":58},{""source_id"":""datasets\\raw\\kafka-overview.md#3"",""selected_sentence_indices"":[0],""original_tokens"":41,""optimized_tokens"":8},{""source_id"":""datasets\\raw\\postgres-replication.md#4"",""selected_sentence_indices"":[0],""original_tokens"":34,""optimized_tokens"":8}]"
qt038,EXACT_IDENTIFIER,budgeted,What is a Kafka topic partition?,5,5,2,345,168,177,0.5130434782608696,1,4,2.380952380952381,0.28199389996007085,datasets\raw\kafka-overview.md|datasets\raw\kafka-overview.md|datasets\raw\kafka-overview.md|datasets\raw\kafka-overview.md|datasets\raw\postgres-replication.md,"[{""source_id"":""datasets\\raw\\kafka-overview.md#0"",""selected_sentence_indices"":[2,4,5],""original_tokens"":87,""optimized_tokens"":34},{""source_id"":""datasets\\raw\\kafka-overview.md#1"",""selected_sentence_indices"":[1,2,3,6],""original_tokens"":93,""optimized_tokens"":60},{""source_id"":""datasets\\raw\\kafka-overview.md#2"",""selected_sentence_indices"":[0,2,4],""original_tokens"":90,""optimized_tokens"":58},{""source_id"":""datasets\\raw\\kafka-overview.md#3"",""selected_sentence_indices"":[0],""original_tokens"":41,""optimized_tokens"":8},{""source_id"":""datasets\\raw\\postgres-replication.md#4"",""selected_sentence_indices"":[0],""original_tokens"":34,""optimized_tokens"":8}]"
qt039,EXACT_IDENTIFIER,full,What does a Kafka consumer group do?,5,5,2,404,404,0,0.0,1,4,0.9900990099009901,0.005782699910923839,datasets\raw\kafka-overview.md|datasets\raw\kafka-overview.md|datasets\raw\kafka-overview.md|datasets\raw\kafka-overview.md|datasets\raw\postgres-mvcc.md,"[{""source_id"":""datasets\\raw\\kafka-overview.md#1"",""selected_sentence_indices"":[0,1,2,3,4,5,6],""original_tokens"":93,""optimized_tokens"":93},{""source_id"":""datasets\\raw\\kafka-overview.md#2"",""selected_sentence_indices"":[0,1,2,3,4,5],""original_tokens"":90,""optimized_tokens"":90},{""source_id"":""datasets\\raw\\kafka-overview.md#0"",""selected_sentence_indices"":[0,1,2,3,4,5],""original_tokens"":87,""optimized_tokens"":87},{""source_id"":""datasets\\raw\\kafka-overview.md#3"",""selected_sentence_indices"":[0,1],""original_tokens"":41,""optimized_tokens"":41},{""source_id"":""datasets\\raw\\postgres-mvcc.md#2"",""selected_sentence_indices"":[0,1,2,3,4,5],""original_tokens"":93,""optimized_tokens"":93}]"
qt039,EXACT_IDENTIFIER,deduplicated,What does a Kafka consumer group do?,5,5,2,404,404,0,0.0,1,4,0.9900990099009901,0.07950329990126193,datasets\raw\kafka-overview.md|datasets\raw\kafka-overview.md|datasets\raw\kafka-overview.md|datasets\raw\kafka-overview.md|datasets\raw\postgres-mvcc.md,"[{""source_id"":""datasets\\raw\\kafka-overview.md#1"",""selected_sentence_indices"":[0,1,2,3,4,5,6],""original_tokens"":93,""optimized_tokens"":93},{""source_id"":""datasets\\raw\\kafka-overview.md#2"",""selected_sentence_indices"":[0,1,2,3,4,5],""original_tokens"":90,""optimized_tokens"":90},{""source_id"":""datasets\\raw\\kafka-overview.md#0"",""selected_sentence_indices"":[0,1,2,3,4,5],""original_tokens"":87,""optimized_tokens"":87},{""source_id"":""datasets\\raw\\kafka-overview.md#3"",""selected_sentence_indices"":[0,1],""original_tokens"":41,""optimized_tokens"":41},{""source_id"":""datasets\\raw\\postgres-mvcc.md#2"",""selected_sentence_indices"":[0,1,2,3,4,5],""original_tokens"":93,""optimized_tokens"":93}]"
qt039,EXACT_IDENTIFIER,extractive,What does a Kafka consumer group do?,5,5,2,404,222,182,0.4504950495049505,1,4,1.8018018018018016,0.30175719992257655,datasets\raw\kafka-overview.md|datasets\raw\kafka-overview.md|datasets\raw\kafka-overview.md|datasets\raw\kafka-overview.md|datasets\raw\postgres-mvcc.md,"[{""source_id"":""datasets\\raw\\kafka-overview.md#1"",""selected_sentence_indices"":[1,2,5,6],""original_tokens"":93,""optimized_tokens"":48},{""source_id"":""datasets\\raw\\kafka-overview.md#2"",""selected_sentence_indices"":[0,2,4],""original_tokens"":90,""optimized_tokens"":58},{""source_id"":""datasets\\raw\\kafka-overview.md#0"",""selected_sentence_indices"":[0,4,5],""original_tokens"":87,""optimized_tokens"":53},{""source_id"":""datasets\\raw\\kafka-overview.md#3"",""selected_sentence_indices"":[0],""original_tokens"":41,""optimized_tokens"":8},{""source_id"":""datasets\\raw\\postgres-mvcc.md#2"",""selected_sentence_indices"":[2,3,5],""original_tokens"":93,""optimized_tokens"":55}]"
qt039,EXACT_IDENTIFIER,budgeted,What does a Kafka consumer group do?,5,5,2,404,222,182,0.4504950495049505,1,4,1.8018018018018016,0.2922874998766929,datasets\raw\kafka-overview.md|datasets\raw\kafka-overview.md|datasets\raw\kafka-overview.md|datasets\raw\kafka-overview.md|datasets\raw\postgres-mvcc.md,"[{""source_id"":""datasets\\raw\\kafka-overview.md#1"",""selected_sentence_indices"":[1,2,5,6],""original_tokens"":93,""optimized_tokens"":48},{""source_id"":""datasets\\raw\\kafka-overview.md#2"",""selected_sentence_indices"":[0,2,4],""original_tokens"":90,""optimized_tokens"":58},{""source_id"":""datasets\\raw\\kafka-overview.md#0"",""selected_sentence_indices"":[0,4,5],""original_tokens"":87,""optimized_tokens"":53},{""source_id"":""datasets\\raw\\kafka-overview.md#3"",""selected_sentence_indices"":[0],""original_tokens"":41,""optimized_tokens"":8},{""source_id"":""datasets\\raw\\postgres-mvcc.md#2"",""selected_sentence_indices"":[2,3,5],""original_tokens"":93,""optimized_tokens"":55}]"
qt040,EXACT_IDENTIFIER,full,What is a replication slot?,5,5,2,386,386,0,0.0,1,4,1.0362694300518136,0.005684599978849292,datasets\raw\postgres-replication.md|datasets\raw\postgres-replication.md|datasets\raw\postgres-replication.md|datasets\raw\postgres-replication.md|datasets\raw\kafka-overview.md,"[{""source_id"":""datasets\\raw\\postgres-replication.md#3"",""selected_sentence_indices"":[0,1,2,3,4],""original_tokens"":92,""optimized_tokens"":92},{""source_id"":""datasets\\raw\\postgres-replication.md#0"",""selected_sentence_indices"":[0,1,2,3,4],""original_tokens"":83,""optimized_tokens"":83},{""source_id"":""datasets\\raw\\postgres-replication.md#4"",""selected_sentence_indices"":[0,1],""original_tokens"":34,""optimized_tokens"":34},{""source_id"":""datasets\\raw\\postgres-replication.md#1"",""selected_sentence_indices"":[0,1,2,3,4],""original_tokens"":87,""optimized_tokens"":87},{""source_id"":""datasets\\raw\\kafka-overview.md#2"",""selected_sentence_indices"":[0,1,2,3,4,5],""original_tokens"":90,""optimized_tokens"":90}]"
qt040,EXACT_IDENTIFIER,deduplicated,What is a replication slot?,5,5,2,386,386,0,0.0,1,4,1.0362694300518136,0.07981920009478927,datasets\raw\postgres-replication.md|datasets\raw\postgres-replication.md|datasets\raw\postgres-replication.md|datasets\raw\postgres-replication.md|datasets\raw\kafka-overview.md,"[{""source_id"":""datasets\\raw\\postgres-replication.md#3"",""selected_sentence_indices"":[0,1,2,3,4],""original_tokens"":92,""optimized_tokens"":92},{""source_id"":""datasets\\raw\\postgres-replication.md#0"",""selected_sentence_indices"":[0,1,2,3,4],""original_tokens"":83,""optimized_tokens"":83},{""source_id"":""datasets\\raw\\postgres-replication.md#4"",""selected_sentence_indices"":[0,1],""original_tokens"":34,""optimized_tokens"":34},{""source_id"":""datasets\\raw\\postgres-replication.md#1"",""selected_sentence_indices"":[0,1,2,3,4],""original_tokens"":87,""optimized_tokens"":87},{""source_id"":""datasets\\raw\\kafka-overview.md#2"",""selected_sentence_indices"":[0,1,2,3,4,5],""original_tokens"":90,""optimized_tokens"":90}]"
qt040,EXACT_IDENTIFIER,extractive,What is a replication slot?,5,5,2,386,240,146,0.37823834196891193,1,4,1.6666666666666667,0.2951164999976754,datasets\raw\postgres-replication.md|datasets\raw\postgres-replication.md|datasets\raw\postgres-replication.md|datasets\raw\postgres-replication.md|datasets\raw\kafka-overview.md,"[{""source_id"":""datasets\\raw\\postgres-replication.md#3"",""selected_sentence_indices"":[1,2,3],""original_tokens"":92,""optimized_tokens"":56},{""source_id"":""datasets\\raw\\postgres-replication.md#0"",""selected_sentence_indices"":[0,2,4],""original_tokens"":83,""optimized_tokens"":50},{""source_id"":""datasets\\raw\\postgres-replication.md#4"",""selected_sentence_indices"":[1],""original_tokens"":34,""optimized_tokens"":26},{""source_id"":""datasets\\raw\\postgres-replication.md#1"",""selected_sentence_indices"":[1,2,3],""original_tokens"":87,""optimized_tokens"":77},{""source_id"":""datasets\\raw\\kafka-overview.md#2"",""selected_sentence_indices"":[3,4,5],""original_tokens"":90,""optimized_tokens"":31}]"
qt040,EXACT_IDENTIFIER,budgeted,What is a replication slot?,5,5,2,386,240,146,0.37823834196891193,1,4,1.6666666666666667,0.30050989985466003,datasets\raw\postgres-replication.md|datasets\raw\postgres-replication.md|datasets\raw\postgres-replication.md|datasets\raw\postgres-replication.md|datasets\raw\kafka-overview.md,"[{""source_id"":""datasets\\raw\\postgres-replication.md#3"",""selected_sentence_indices"":[1,2,3],""original_tokens"":92,""optimized_tokens"":56},{""source_id"":""datasets\\raw\\postgres-replication.md#0"",""selected_sentence_indices"":[0,2,4],""original_tokens"":83,""optimized_tokens"":50},{""source_id"":""datasets\\raw\\postgres-replication.md#4"",""selected_sentence_indices"":[1],""original_tokens"":34,""optimized_tokens"":26},{""source_id"":""datasets\\raw\\postgres-replication.md#1"",""selected_sentence_indices"":[1,2,3],""original_tokens"":87,""optimized_tokens"":77},{""source_id"":""datasets\\raw\\kafka-overview.md#2"",""selected_sentence_indices"":[3,4,5],""original_tokens"":90,""optimized_tokens"":31}]"
qt041,MULTI_PART,full,"How does streaming replication work, and what can happen if an asynchronous standby has not received the latest WAL?",5,5,2,379,379,0,0.0,1,4,1.0554089709762533,0.0076356998179107904,datasets\raw\postgres-replication.md|datasets\raw\postgres-replication.md|datasets\raw\postgres-replication.md|datasets\raw\postgres-mvcc.md|datasets\raw\postgres-replication.md,"[{""source_id"":""datasets\\raw\\postgres-replication.md#1"",""selected_sentence_indices"":[0,1,2,3,4],""original_tokens"":87,""optimized_tokens"":87},{""source_id"":""datasets\\raw\\postgres-replication.md#0"",""selected_sentence_indices"":[0,1,2,3,4],""original_tokens"":83,""optimized_tokens"":83},{""source_id"":""datasets\\raw\\postgres-replication.md#3"",""selected_sentence_indices"":[0,1,2,3,4],""original_tokens"":92,""optimized_tokens"":92},{""source_id"":""datasets\\raw\\postgres-mvcc.md#3"",""selected_sentence_indices"":[0],""original_tokens"":26,""optimized_tokens"":26},{""source_id"":""datasets\\raw\\postgres-replication.md#2"",""selected_sentence_indices"":[0,1,2,3,4],""original_tokens"":91,""optimized_tokens"":91}]"
qt041,MULTI_PART,deduplicated,"How does streaming replication work, and what can happen if an asynchronous standby has not received the latest WAL?",5,5,2,379,379,0,0.0,1,4,1.0554089709762533,0.08104990003630519,datasets\raw\postgres-replication.md|datasets\raw\postgres-replication.md|datasets\raw\postgres-replication.md|datasets\raw\postgres-mvcc.md|datasets\raw\postgres-replication.md,"[{""source_id"":""datasets\\raw\\postgres-replication.md#1"",""selected_sentence_indices"":[0,1,2,3,4],""original_tokens"":87,""optimized_tokens"":87},{""source_id"":""datasets\\raw\\postgres-replication.md#0"",""selected_sentence_indices"":[0,1,2,3,4],""original_tokens"":83,""optimized_tokens"":83},{""source_id"":""datasets\\raw\\postgres-replication.md#3"",""selected_sentence_indices"":[0,1,2,3,4],""original_tokens"":92,""optimized_tokens"":92},{""source_id"":""datasets\\raw\\postgres-mvcc.md#3"",""selected_sentence_indices"":[0],""original_tokens"":26,""optimized_tokens"":26},{""source_id"":""datasets\\raw\\postgres-replication.md#2"",""selected_sentence_indices"":[0,1,2,3,4],""original_tokens"":91,""optimized_tokens"":91}]"
qt041,MULTI_PART,extractive,"How does streaming replication work, and what can happen if an asynchronous standby has not received the latest WAL?",5,5,2,379,267,112,0.2955145118733509,1,4,1.4981273408239701,0.2759175000246614,datasets\raw\postgres-replication.md|datasets\raw\postgres-replication.md|datasets\raw\postgres-replication.md|datasets\raw\postgres-mvcc.md|datasets\raw\postgres-replication.md,"[{""source_id"":""datasets\\raw\\postgres-replication.md#1"",""selected_sentence_indices"":[1,2,3],""original_tokens"":87,""optimized_tokens"":77},{""source_id"":""datasets\\raw\\postgres-replication.md#0"",""selected_sentence_indices"":[0,2,4],""original_tokens"":83,""optimized_tokens"":50},{""source_id"":""datasets\\raw\\postgres-replication.md#3"",""selected_sentence_indices"":[1,2,3],""original_tokens"":92,""optimized_tokens"":56},{""source_id"":""datasets\\raw\\postgres-mvcc.md#3"",""selected_sentence_indices"":[0],""original_tokens"":26,""optimized_tokens"":26},{""source_id"":""datasets\\raw\\postgres-replication.md#2"",""selected_sentence_indices"":[2,3,4],""original_tokens"":91,""optimized_tokens"":58}]"
qt041,MULTI_PART,budgeted,"How does streaming replication work, and what can happen if an asynchronous standby has not received the latest WAL?",5,5,2,379,236,143,0.37730870712401055,1,4,1.6949152542372883,0.2823311001993716,datasets\raw\postgres-replication.md|datasets\raw\postgres-replication.md|datasets\raw\postgres-replication.md|datasets\raw\postgres-mvcc.md|datasets\raw\postgres-replication.md,"[{""source_id"":""datasets\\raw\\postgres-replication.md#1"",""selected_sentence_indices"":[1,2,3],""original_tokens"":87,""optimized_tokens"":77},{""source_id"":""datasets\\raw\\postgres-replication.md#0"",""selected_sentence_indices"":[0,2,4],""original_tokens"":83,""optimized_tokens"":50},{""source_id"":""datasets\\raw\\postgres-replication.md#3"",""selected_sentence_indices"":[1,2,3],""original_tokens"":92,""optimized_tokens"":56},{""source_id"":""datasets\\raw\\postgres-mvcc.md#3"",""selected_sentence_indices"":[0],""original_tokens"":26,""optimized_tokens"":26},{""source_id"":""datasets\\raw\\postgres-replication.md#2"",""selected_sentence_indices"":[2,3],""original_tokens"":91,""optimized_tokens"":27}]"
qt042,MULTI_PART,full,"How do snapshots provide MVCC visibility, and how does VACUUM reclaim obsolete versions?",5,5,2,396,396,0,0.0,1,4,1.0101010101010102,0.004790900042280555,datasets\raw\postgres-mvcc.md|datasets\raw\postgres-mvcc.md|datasets\raw\postgres-mvcc.md|datasets\raw\postgres-mvcc.md|datasets\raw\postgres-replication.md,"[{""source_id"":""datasets\\raw\\postgres-mvcc.md#2"",""selected_sentence_indices"":[0,1,2,3,4,5],""original_tokens"":93,""optimized_tokens"":93},{""source_id"":""datasets\\raw\\postgres-mvcc.md#0"",""selected_sentence_indices"":[0,1,2,3,4],""original_tokens"":91,""optimized_tokens"":91},{""source_id"":""datasets\\raw\\postgres-mvcc.md#1"",""selected_sentence_indices"":[0,1,2,3,4,5],""original_tokens"":94,""optimized_tokens"":94},{""source_id"":""datasets\\raw\\postgres-mvcc.md#3"",""selected_sentence_indices"":[0],""original_tokens"":26,""optimized_tokens"":26},{""source_id"":""datasets\\raw\\postgres-replication.md#3"",""selected_sentence_indices"":[0,1,2,3,4],""original_tokens"":92,""optimized_tokens"":92}]"
qt042,MULTI_PART,deduplicated,"How do snapshots provide MVCC visibility, and how does VACUUM reclaim obsolete versions?",5,5,2,396,396,0,0.0,1,4,1.0101010101010102,0.07804599986411631,datasets\raw\postgres-mvcc.md|datasets\raw\postgres-mvcc.md|datasets\raw\postgres-mvcc.md|datasets\raw\postgres-mvcc.md|datasets\raw\postgres-replication.md,"[{""source_id"":""datasets\\raw\\postgres-mvcc.md#2"",""selected_sentence_indices"":[0,1,2,3,4,5],""original_tokens"":93,""optimized_tokens"":93},{""source_id"":""datasets\\raw\\postgres-mvcc.md#0"",""selected_sentence_indices"":[0,1,2,3,4],""original_tokens"":91,""optimized_tokens"":91},{""source_id"":""datasets\\raw\\postgres-mvcc.md#1"",""selected_sentence_indices"":[0,1,2,3,4,5],""original_tokens"":94,""optimized_tokens"":94},{""source_id"":""datasets\\raw\\postgres-mvcc.md#3"",""selected_sentence_indices"":[0],""original_tokens"":26,""optimized_tokens"":26},{""source_id"":""datasets\\raw\\postgres-replication.md#3"",""selected_sentence_indices"":[0,1,2,3,4],""original_tokens"":92,""optimized_tokens"":92}]"
qt042,MULTI_PART,extractive,"How do snapshots provide MVCC visibility, and how does VACUUM reclaim obsolete versions?",5,5,2,396,195,201,0.5075757575757576,1,4,2.0512820512820515,0.26411170000210404,datasets\raw\postgres-mvcc.md|datasets\raw\postgres-mvcc.md|datasets\raw\postgres-mvcc.md|datasets\raw\postgres-mvcc.md|datasets\raw\postgres-replication.md,"[{""source_id"":""datasets\\raw\\postgres-mvcc.md#2"",""selected_sentence_indices"":[1,2,4],""original_tokens"":93,""optimized_tokens"":42},{""source_id"":""datasets\\raw\\postgres-mvcc.md#0"",""selected_sentence_indices"":[2,3,4],""original_tokens"":91,""optimized_tokens"":46},{""source_id"":""datasets\\raw\\postgres-mvcc.md#1"",""selected_sentence_indices"":[0,1,5],""original_tokens"":94,""optimized_tokens"":32},{""source_id"":""datasets\\raw\\postgres-mvcc.md#3"",""selected_sentence_indices"":[0],""original_tokens"":26,""optimized_tokens"":26},{""source_id"":""datasets\\raw\\postgres-replication.md#3"",""selected_sentence_indices"":[1,3,4],""original_tokens"":92,""optimized_tokens"":49}]"
qt042,MULTI_PART,budgeted,"How do snapshots provide MVCC visibility, and how does VACUUM reclaim obsolete versions?",5,5,2,396,195,201,0.5075757575757576,1,4,2.0512820512820515,0.2669400000013411,datasets\raw\postgres-mvcc.md|datasets\raw\postgres-mvcc.md|datasets\raw\postgres-mvcc.md|datasets\raw\postgres-mvcc.md|datasets\raw\postgres-replication.md,"[{""source_id"":""datasets\\raw\\postgres-mvcc.md#2"",""selected_sentence_indices"":[1,2,4],""original_tokens"":93,""optimized_tokens"":42},{""source_id"":""datasets\\raw\\postgres-mvcc.md#0"",""selected_sentence_indices"":[2,3,4],""original_tokens"":91,""optimized_tokens"":46},{""source_id"":""datasets\\raw\\postgres-mvcc.md#1"",""selected_sentence_indices"":[0,1,5],""original_tokens"":94,""optimized_tokens"":32},{""source_id"":""datasets\\raw\\postgres-mvcc.md#3"",""selected_sentence_indices"":[0],""original_tokens"":26,""optimized_tokens"":26},{""source_id"":""datasets\\raw\\postgres-replication.md#3"",""selected_sentence_indices"":[1,3,4],""original_tokens"":92,""optimized_tokens"":49}]"
qt043,MULTI_PART,full,"How does Kubernetes filter and score nodes, and what happens after a Pod is bound?",5,5,2,411,411,0,0.0,1,4,0.97323600973236,0.005390399834141135,datasets\raw\kubernetes-scheduling.md|datasets\raw\kubernetes-scheduling.md|datasets\raw\kubernetes-scheduling.md|datasets\raw\kubernetes-scheduling.md|datasets\raw\kafka-overview.md,"[{""source_id"":""datasets\\raw\\kubernetes-scheduling.md#0"",""selected_sentence_indices"":[0,1,2,3,4],""original_tokens"":91,""optimized_tokens"":91},{""source_id"":""datasets\\raw\\kubernetes-scheduling.md#2"",""selected_sentence_indices"":[0,1,2,3,4,5,6],""original_tokens"":96,""optimized_tokens"":96},{""source_id"":""datasets\\raw\\kubernetes-scheduling.md#3"",""selected_sentence_indices"":[0,1],""original_tokens"":37,""optimized_tokens"":37},{""source_id"":""datasets\\raw\\kubernetes-scheduling.md#1"",""selected_sentence_indices"":[0,1,2,3,4,5,6],""original_tokens"":94,""optimized_tokens"":94},{""source_id"":""datasets\\raw\\kafka-overview.md#1"",""selected_sentence_indices"":[0,1,2,3,4,5,6],""original_tokens"":93,""optimized_tokens"":93}]"
qt043,MULTI_PART,deduplicated,"How does Kubernetes filter and score nodes, and what happens after a Pod is bound?",5,5,2,411,411,0,0.0,1,4,0.97323600973236,0.0821817999240011,datasets\raw\kubernetes-scheduling.md|datasets\raw\kubernetes-scheduling.md|datasets\raw\kubernetes-scheduling.md|datasets\raw\kubernetes-scheduling.md|datasets\raw\kafka-overview.md,"[{""source_id"":""datasets\\raw\\kubernetes-scheduling.md#0"",""selected_sentence_indices"":[0,1,2,3,4],""original_tokens"":91,""optimized_tokens"":91},{""source_id"":""datasets\\raw\\kubernetes-scheduling.md#2"",""selected_sentence_indices"":[0,1,2,3,4,5,6],""original_tokens"":96,""optimized_tokens"":96},{""source_id"":""datasets\\raw\\kubernetes-scheduling.md#3"",""selected_sentence_indices"":[0,1],""original_tokens"":37,""optimized_tokens"":37},{""source_id"":""datasets\\raw\\kubernetes-scheduling.md#1"",""selected_sentence_indices"":[0,1,2,3,4,5,6],""original_tokens"":94,""optimized_tokens"":94},{""source_id"":""datasets\\raw\\kafka-overview.md#1"",""selected_sentence_indices"":[0,1,2,3,4,5,6],""original_tokens"":93,""optimized_tokens"":93}]"
qt043,MULTI_PART,extractive,"How does Kubernetes filter and score nodes, and what happens after a Pod is bound?",5,5,2,411,250,161,0.39172749391727496,1,4,1.6,0.316566500114277,datasets\raw\kubernetes-scheduling.md|datasets\raw\kubernetes-scheduling.md|datasets\raw\kubernetes-scheduling.md|datasets\raw\kubernetes-scheduling.md|datasets\raw\kafka-overview.md,"[{""source_id"":""datasets\\raw\\kubernetes-scheduling.md#0"",""selected_sentence_indices"":[0,1,2],""original_tokens"":91,""optimized_tokens"":49},{""source_id"":""datasets\\raw\\kubernetes-scheduling.md#2"",""selected_sentence_indices"":[2,3,4,6],""original_tokens"":96,""optimized_tokens"":60},{""source_id"":""datasets\\raw\\kubernetes-scheduling.md#3"",""selected_sentence_indices"":[1],""original_tokens"":37,""optimized_tokens"":26},{""source_id"":""datasets\\raw\\kubernetes-scheduling.md#1"",""selected_sentence_indices"":[1,2,3,4],""original_tokens"":94,""optimized_tokens"":55},{""source_id"":""datasets\\raw\\kafka-overview.md#1"",""selected_sentence_indices"":[1,2,3,6],""original_tokens"":93,""optimized_tokens"":60}]"
qt043,MULTI_PART,budgeted,"How does Kubernetes filter and score nodes, and what happens after a Pod is bound?",5,5,2,411,250,161,0.39172749391727496,1,4,1.6,0.35613019997254014,datasets\raw\kubernetes-scheduling.md|datasets\raw\kubernetes-scheduling.md|datasets\raw\kubernetes-scheduling.md|datasets\raw\kubernetes-scheduling.md|datasets\raw\kafka-overview.md,"[{""source_id"":""datasets\\raw\\kubernetes-scheduling.md#0"",""selected_sentence_indices"":[0,1,2],""original_tokens"":91,""optimized_tokens"":49},{""source_id"":""datasets\\raw\\kubernetes-scheduling.md#2"",""selected_sentence_indices"":[2,3,4,6],""original_tokens"":96,""optimized_tokens"":60},{""source_id"":""datasets\\raw\\kubernetes-scheduling.md#3"",""selected_sentence_indices"":[1],""original_tokens"":37,""optimized_tokens"":26},{""source_id"":""datasets\\raw\\kubernetes-scheduling.md#1"",""selected_sentence_indices"":[1,2,3,4],""original_tokens"":94,""optimized_tokens"":55},{""source_id"":""datasets\\raw\\kafka-overview.md#1"",""selected_sentence_indices"":[1,2,3,6],""original_tokens"":93,""optimized_tokens"":60}]"
qt044,MULTI_PART,full,"How do Kafka partitions enable parallelism, and how are they replicated across brokers?",5,5,2,345,345,0,0.0,1,4,1.1594202898550725,0.007671299856156111,datasets\raw\kafka-overview.md|datasets\raw\kafka-overview.md|datasets\raw\kafka-overview.md|datasets\raw\kafka-overview.md|datasets\raw\postgres-replication.md,"[{""source_id"":""datasets\\raw\\kafka-overview.md#1"",""selected_sentence_indices"":[0,1,2,3,4,5,6],""original_tokens"":93,""optimized_tokens"":93},{""source_id"":""datasets\\raw\\kafka-overview.md#2"",""selected_sentence_indices"":[0,1,2,3,4,5],""original_tokens"":90,""optimized_tokens"":90},{""source_id"":""datasets\\raw\\kafka-overview.md#0"",""selected_sentence_indices"":[0,1,2,3,4,5],""original_tokens"":87,""optimized_tokens"":87},{""source_id"":""datasets\\raw\\kafka-overview.md#3"",""selected_sentence_indices"":[0,1],""original_tokens"":41,""optimized_tokens"":41},{""source_id"":""datasets\\raw\\postgres-replication.md#4"",""selected_sentence_indices"":[0,1],""original_tokens"":34,""optimized_tokens"":34}]"
qt044,MULTI_PART,deduplicated,"How do Kafka partitions enable parallelism, and how are they replicated across brokers?",5,5,2,345,345,0,0.0,1,4,1.1594202898550725,0.1246574001852423,datasets\raw\kafka-overview.md|datasets\raw\kafka-overview.md|datasets\raw\kafka-overview.md|datasets\raw\kafka-overview.md|datasets\raw\postgres-replication.md,"[{""source_id"":""datasets\\raw\\kafka-overview.md#1"",""selected_sentence_indices"":[0,1,2,3,4,5,6],""original_tokens"":93,""optimized_tokens"":93},{""source_id"":""datasets\\raw\\kafka-overview.md#2"",""selected_sentence_indices"":[0,1,2,3,4,5],""original_tokens"":90,""optimized_tokens"":90},{""source_id"":""datasets\\raw\\kafka-overview.md#0"",""selected_sentence_indices"":[0,1,2,3,4,5],""original_tokens"":87,""optimized_tokens"":87},{""source_id"":""datasets\\raw\\kafka-overview.md#3"",""selected_sentence_indices"":[0,1],""original_tokens"":41,""optimized_tokens"":41},{""source_id"":""datasets\\raw\\postgres-replication.md#4"",""selected_sentence_indices"":[0,1],""original_tokens"":34,""optimized_tokens"":34}]"
qt044,MULTI_PART,extractive,"How do Kafka partitions enable parallelism, and how are they replicated across brokers?",5,5,2,345,205,140,0.4057971014492754,1,4,1.9512195121951221,0.31879659998230636,datasets\raw\kafka-overview.md|datasets\raw\kafka-overview.md|datasets\raw\kafka-overview.md|datasets\raw\kafka-overview.md|datasets\raw\postgres-replication.md,"[{""source_id"":""datasets\\raw\\kafka-overview.md#1"",""selected_sentence_indices"":[1,2,3,6],""original_tokens"":93,""optimized_tokens"":60},{""source_id"":""datasets\\raw\\kafka-overview.md#2"",""selected_sentence_indices"":[0,2,4],""original_tokens"":90,""optimized_tokens"":58},{""source_id"":""datasets\\raw\\kafka-overview.md#0"",""selected_sentence_indices"":[0,4,5],""original_tokens"":87,""optimized_tokens"":53},{""source_id"":""datasets\\raw\\kafka-overview.md#3"",""selected_sentence_indices"":[0],""original_tokens"":41,""optimized_tokens"":8},{""source_id"":""datasets\\raw\\postgres-replication.md#4"",""selected_sentence_indices"":[1],""original_tokens"":34,""optimized_tokens"":26}]"
qt044,MULTI_PART,budgeted,"How do Kafka partitions enable parallelism, and how are they replicated across brokers?",5,5,2,345,205,140,0.4057971014492754,1,4,1.9512195121951221,0.29939129995182157,datasets\raw\kafka-overview.md|datasets\raw\kafka-overview.md|datasets\raw\kafka-overview.md|datasets\raw\kafka-overview.md|datasets\raw\postgres-replication.md,"[{""source_id"":""datasets\\raw\\kafka-overview.md#1"",""selected_sentence_indices"":[1,2,3,6],""original_tokens"":93,""optimized_tokens"":60},{""source_id"":""datasets\\raw\\kafka-overview.md#2"",""selected_sentence_indices"":[0,2,4],""original_tokens"":90,""optimized_tokens"":58},{""source_id"":""datasets\\raw\\kafka-overview.md#0"",""selected_sentence_indices"":[0,4,5],""original_tokens"":87,""optimized_tokens"":53},{""source_id"":""datasets\\raw\\kafka-overview.md#3"",""selected_sentence_indices"":[0],""original_tokens"":41,""optimized_tokens"":8},{""source_id"":""datasets\\raw\\postgres-replication.md#4"",""selected_sentence_indices"":[1],""original_tokens"":34,""optimized_tokens"":26}]"
qt045,MULTI_PART,full,"What improves with synchronous replication, and why can commit latency increase?",5,5,2,386,386,0,0.0,1,4,1.0362694300518136,0.006663100095465779,datasets\raw\postgres-replication.md|datasets\raw\postgres-replication.md|datasets\raw\postgres-replication.md|datasets\raw\kafka-overview.md|datasets\raw\postgres-replication.md,"[{""source_id"":""datasets\\raw\\postgres-replication.md#1"",""selected_sentence_indices"":[0,1,2,3,4],""original_tokens"":87,""optimized_tokens"":87},{""source_id"":""datasets\\raw\\postgres-replication.md#3"",""selected_sentence_indices"":[0,1,2,3,4],""original_tokens"":92,""optimized_tokens"":92},{""source_id"":""datasets\\raw\\postgres-replication.md#0"",""selected_sentence_indices"":[0,1,2,3,4],""original_tokens"":83,""optimized_tokens"":83},{""source_id"":""datasets\\raw\\kafka-overview.md#2"",""selected_sentence_indices"":[0,1,2,3,4,5],""original_tokens"":90,""optimized_tokens"":90},{""source_id"":""datasets\\raw\\postgres-replication.md#4"",""selected_sentence_indices"":[0,1],""original_tokens"":34,""optimized_tokens"":34}]"
qt045,MULTI_PART,deduplicated,"What improves with synchronous replication, and why can commit latency increase?",5,5,2,386,386,0,0.0,1,4,1.0362694300518136,0.08467820007354021,datasets\raw\postgres-replication.md|datasets\raw\postgres-replication.md|datasets\raw\postgres-replication.md|datasets\raw\kafka-overview.md|datasets\raw\postgres-replication.md,"[{""source_id"":""datasets\\raw\\postgres-replication.md#1"",""selected_sentence_indices"":[0,1,2,3,4],""original_tokens"":87,""optimized_tokens"":87},{""source_id"":""datasets\\raw\\postgres-replication.md#3"",""selected_sentence_indices"":[0,1,2,3,4],""original_tokens"":92,""optimized_tokens"":92},{""source_id"":""datasets\\raw\\postgres-replication.md#0"",""selected_sentence_indices"":[0,1,2,3,4],""original_tokens"":83,""optimized_tokens"":83},{""source_id"":""datasets\\raw\\kafka-overview.md#2"",""selected_sentence_indices"":[0,1,2,3,4,5],""original_tokens"":90,""optimized_tokens"":90},{""source_id"":""datasets\\raw\\postgres-replication.md#4"",""selected_sentence_indices"":[0,1],""original_tokens"":34,""optimized_tokens"":34}]"
qt045,MULTI_PART,extractive,"What improves with synchronous replication, and why can commit latency increase?",5,5,2,386,233,153,0.3963730569948187,1,4,1.7167381974248928,0.32207760005258024,datasets\raw\postgres-replication.md|datasets\raw\postgres-replication.md|datasets\raw\postgres-replication.md|datasets\raw\kafka-overview.md|datasets\raw\postgres-replication.md,"[{""source_id"":""datasets\\raw\\postgres-replication.md#1"",""selected_sentence_indices"":[1,2,3],""original_tokens"":87,""optimized_tokens"":77},{""source_id"":""datasets\\raw\\postgres-replication.md#3"",""selected_sentence_indices"":[1,3,4],""original_tokens"":92,""optimized_tokens"":49},{""source_id"":""datasets\\raw\\postgres-replication.md#0"",""selected_sentence_indices"":[0,2,4],""original_tokens"":83,""optimized_tokens"":50},{""source_id"":""datasets\\raw\\kafka-overview.md#2"",""selected_sentence_indices"":[3,4,5],""original_tokens"":90,""optimized_tokens"":31},{""source_id"":""datasets\\raw\\postgres-replication.md#4"",""selected_sentence_indices"":[1],""original_tokens"":34,""optimized_tokens"":26}]"
qt045,MULTI_PART,budgeted,"What improves with synchronous replication, and why can commit latency increase?",5,5,2,386,233,153,0.3963730569948187,1,4,1.7167381974248928,0.30020250007510185,datasets\raw\postgres-replication.md|datasets\raw\postgres-replication.md|datasets\raw\postgres-replication.md|datasets\raw\kafka-overview.md|datasets\raw\postgres-replication.md,"[{""source_id"":""datasets\\raw\\postgres-replication.md#1"",""selected_sentence_indices"":[1,2,3],""original_tokens"":87,""optimized_tokens"":77},{""source_id"":""datasets\\raw\\postgres-replication.md#3"",""selected_sentence_indices"":[1,3,4],""original_tokens"":92,""optimized_tokens"":49},{""source_id"":""datasets\\raw\\postgres-replication.md#0"",""selected_sentence_indices"":[0,2,4],""original_tokens"":83,""optimized_tokens"":50},{""source_id"":""datasets\\raw\\kafka-overview.md#2"",""selected_sentence_indices"":[3,4,5],""original_tokens"":90,""optimized_tokens"":31},{""source_id"":""datasets\\raw\\postgres-replication.md#4"",""selected_sentence_indices"":[1],""original_tokens"":34,""optimized_tokens"":26}]"
qt046,MULTI_PART,full,"Why do readers usually avoid blocking writers, and when are row locks still used?",5,5,3,454,454,0,0.0,1,2,0.44052863436123346,0.008107000030577183,datasets\raw\postgres-mvcc.md|datasets\raw\postgres-mvcc.md|datasets\raw\postgres-replication.md|datasets\raw\kafka-overview.md|datasets\raw\postgres-replication.md,"[{""source_id"":""datasets\\raw\\postgres-mvcc.md#1"",""selected_sentence_indices"":[0,1,2,3,4,5],""original_tokens"":94,""optimized_tokens"":94},{""source_id"":""datasets\\raw\\postgres-mvcc.md#0"",""selected_sentence_indices"":[0,1,2,3,4],""original_tokens"":91,""optimized_tokens"":91},{""source_id"":""datasets\\raw\\postgres-replication.md#3"",""selected_sentence_indices"":[0,1,2,3,4],""original_tokens"":92,""optimized_tokens"":92},{""source_id"":""datasets\\raw\\kafka-overview.md#2"",""selected_sentence_indices"":[0,1,2,3,4,5],""original_tokens"":90,""optimized_tokens"":90},{""source_id"":""datasets\\raw\\postgres-replication.md#1"",""selected_sentence_indices"":[0,1,2,3,4],""original_tokens"":87,""optimized_tokens"":87}]"
qt046,MULTI_PART,deduplicated,"Why do readers usually avoid blocking writers, and when are row locks still used?",5,5,3,454,454,0,0.0,1,2,0.44052863436123346,0.0792147999163717,datasets\raw\postgres-mvcc.md|datasets\raw\postgres-mvcc.md|datasets\raw\postgres-replication.md|datasets\raw\kafka-overview.md|datasets\raw\postgres-replication.md,"[{""source_id"":""datasets\\raw\\postgres-mvcc.md#1"",""selected_sentence_indices"":[0,1,2,3,4,5],""original_tokens"":94,""optimized_tokens"":94},{""source_id"":""datasets\\raw\\postgres-mvcc.md#0"",""selected_sentence_indices"":[0,1,2,3,4],""original_tokens"":91,""optimized_tokens"":91},{""source_id"":""datasets\\raw\\postgres-replication.md#3"",""selected_sentence_indices"":[0,1,2,3,4],""original_tokens"":92,""optimized_tokens"":92},{""source_id"":""datasets\\raw\\kafka-overview.md#2"",""selected_sentence_indices"":[0,1,2,3,4,5],""original_tokens"":90,""optimized_tokens"":90},{""source_id"":""datasets\\raw\\postgres-replication.md#1"",""selected_sentence_indices"":[0,1,2,3,4],""original_tokens"":87,""optimized_tokens"":87}]"
qt046,MULTI_PART,extractive,"Why do readers usually avoid blocking writers, and when are row locks still used?",5,5,3,454,298,156,0.3436123348017621,1,2,0.6711409395973155,0.326830199919641,datasets\raw\postgres-mvcc.md|datasets\raw\postgres-mvcc.md|datasets\raw\postgres-replication.md|datasets\raw\kafka-overview.md|datasets\raw\postgres-replication.md,"[{""source_id"":""datasets\\raw\\postgres-mvcc.md#1"",""selected_sentence_indices"":[2,3,4],""original_tokens"":94,""optimized_tokens"":62},{""source_id"":""datasets\\raw\\postgres-mvcc.md#0"",""selected_sentence_indices"":[0,1,4],""original_tokens"":91,""optimized_tokens"":59},{""source_id"":""datasets\\raw\\postgres-replication.md#3"",""selected_sentence_indices"":[1,2,4],""original_tokens"":92,""optimized_tokens"":52},{""source_id"":""datasets\\raw\\kafka-overview.md#2"",""selected_sentence_indices"":[1,2,3],""original_tokens"":90,""optimized_tokens"":48},{""source_id"":""datasets\\raw\\postgres-replication.md#1"",""selected_sentence_indices"":[1,2,3],""original_tokens"":87,""optimized_tokens"":77}]"
qt046,MULTI_PART,budgeted,"Why do readers usually avoid blocking writers, and when are row locks still used?",5,5,3,454,246,208,0.4581497797356828,1,2,0.8130081300813008,0.3547847999725491,datasets\raw\postgres-mvcc.md|datasets\raw\postgres-mvcc.md|datasets\raw\postgres-replication.md|datasets\raw\kafka-overview.md|datasets\raw\postgres-replication.md,"[{""source_id"":""datasets\\raw\\postgres-mvcc.md#1"",""selected_sentence_indices"":[2,3,4],""original_tokens"":94,""optimized_tokens"":62},{""source_id"":""datasets\\raw\\postgres-mvcc.md#0"",""selected_sentence_indices"":[0,1,4],""original_tokens"":91,""optimized_tokens"":59},{""source_id"":""datasets\\raw\\postgres-replication.md#3"",""selected_sentence_indices"":[1,2,4],""original_tokens"":92,""optimized_tokens"":52},{""source_id"":""datasets\\raw\\kafka-overview.md#2"",""selected_sentence_indices"":[1,2,3],""original_tokens"":90,""optimized_tokens"":48},{""source_id"":""datasets\\raw\\postgres-replication.md#1"",""selected_sentence_indices"":[1],""original_tokens"":87,""optimized_tokens"":25}]"
qt047,MULTI_PART,full,"How do taints, tolerations, and node affinity jointly influence Pod placement?",5,5,2,408,408,0,0.0,1,4,0.9803921568627451,0.0063952000346034765,datasets\raw\kubernetes-scheduling.md|datasets\raw\kubernetes-scheduling.md|datasets\raw\kubernetes-scheduling.md|datasets\raw\kubernetes-scheduling.md|datasets\raw\kafka-overview.md,"[{""source_id"":""datasets\\raw\\kubernetes-scheduling.md#2"",""selected_sentence_indices"":[0,1,2,3,4,5,6],""original_tokens"":96,""optimized_tokens"":96},{""source_id"":""datasets\\raw\\kubernetes-scheduling.md#0"",""selected_sentence_indices"":[0,1,2,3,4],""original_tokens"":91,""optimized_tokens"":91},{""source_id"":""datasets\\raw\\kubernetes-scheduling.md#1"",""selected_sentence_indices"":[0,1,2,3,4,5,6],""original_tokens"":94,""optimized_tokens"":94},{""source_id"":""datasets\\raw\\kubernetes-scheduling.md#3"",""selected_sentence_indices"":[0,1],""original_tokens"":37,""optimized_tokens"":37},{""source_id"":""datasets\\raw\\kafka-overview.md#2"",""selected_sentence_indices"":[0,1,2,3,4,5],""original_tokens"":90,""optimized_tokens"":90}]"
qt047,MULTI_PART,deduplicated,"How do taints, tolerations, and node affinity jointly influence Pod placement?",5,5,2,408,408,0,0.0,1,4,0.9803921568627451,0.08872330002486706,datasets\raw\kubernetes-scheduling.md|datasets\raw\kubernetes-scheduling.md|datasets\raw\kubernetes-scheduling.md|datasets\raw\kubernetes-scheduling.md|datasets\raw\kafka-overview.md,"[{""source_id"":""datasets\\raw\\kubernetes-scheduling.md#2"",""selected_sentence_indices"":[0,1,2,3,4,5,6],""original_tokens"":96,""optimized_tokens"":96},{""source_id"":""datasets\\raw\\kubernetes-scheduling.md#0"",""selected_sentence_indices"":[0,1,2,3,4],""original_tokens"":91,""optimized_tokens"":91},{""source_id"":""datasets\\raw\\kubernetes-scheduling.md#1"",""selected_sentence_indices"":[0,1,2,3,4,5,6],""original_tokens"":94,""optimized_tokens"":94},{""source_id"":""datasets\\raw\\kubernetes-scheduling.md#3"",""selected_sentence_indices"":[0,1],""original_tokens"":37,""optimized_tokens"":37},{""source_id"":""datasets\\raw\\kafka-overview.md#2"",""selected_sentence_indices"":[0,1,2,3,4,5],""original_tokens"":90,""optimized_tokens"":90}]"
qt047,MULTI_PART,extractive,"How do taints, tolerations, and node affinity jointly influence Pod placement?",5,5,2,408,252,156,0.38235294117647056,1,4,1.5873015873015872,0.311370600014925,datasets\raw\kubernetes-scheduling.md|datasets\raw\kubernetes-scheduling.md|datasets\raw\kubernetes-scheduling.md|datasets\raw\kubernetes-scheduling.md|datasets\raw\kafka-overview.md,"[{""source_id"":""datasets\\raw\\kubernetes-scheduling.md#2"",""selected_sentence_indices"":[2,3,4,6],""original_tokens"":96,""optimized_tokens"":60},{""source_id"":""datasets\\raw\\kubernetes-scheduling.md#0"",""selected_sentence_indices"":[0,2,3],""original_tokens"":91,""optimized_tokens"":67},{""source_id"":""datasets\\raw\\kubernetes-scheduling.md#1"",""selected_sentence_indices"":[2,3,4,5],""original_tokens"":94,""optimized_tokens"":57},{""source_id"":""datasets\\raw\\kubernetes-scheduling.md#3"",""selected_sentence_indices"":[1],""original_tokens"":37,""optimized_tokens"":26},{""source_id"":""datasets\\raw\\kafka-overview.md#2"",""selected_sentence_indices"":[0,4,5],""original_tokens"":90,""optimized_tokens"":42}]"
qt047,MULTI_PART,budgeted,"How do taints, tolerations, and node affinity jointly influence Pod placement?",5,5,2,408,244,164,0.4019607843137255,1,4,1.639344262295082,0.3173249999526888,datasets\raw\kubernetes-scheduling.md|datasets\raw\kubernetes-scheduling.md|datasets\raw\kubernetes-scheduling.md|datasets\raw\kubernetes-scheduling.md|datasets\raw\kafka-overview.md,"[{""source_id"":""datasets\\raw\\kubernetes-scheduling.md#2"",""selected_sentence_indices"":[2,3,4,6],""original_tokens"":96,""optimized_tokens"":60},{""source_id"":""datasets\\raw\\kubernetes-scheduling.md#0"",""selected_sentence_indices"":[0,2,3],""original_tokens"":91,""optimized_tokens"":67},{""source_id"":""datasets\\raw\\kubernetes-scheduling.md#1"",""selected_sentence_indices"":[2,3,4,5],""original_tokens"":94,""optimized_tokens"":57},{""source_id"":""datasets\\raw\\kubernetes-scheduling.md#3"",""selected_sentence_indices"":[1],""original_tokens"":37,""optimized_tokens"":26},{""source_id"":""datasets\\raw\\kafka-overview.md#2"",""selected_sentence_indices"":[0,4],""original_tokens"":90,""optimized_tokens"":34}]"
qt048,MULTI_PART,full,"How do consumer groups distribute partitions, and how can consumers replay old events?",5,5,2,403,403,0,0.0,1,4,0.9925558312655086,0.006946899928152561,datasets\raw\kafka-overview.md|datasets\raw\kafka-overview.md|datasets\raw\kafka-overview.md|datasets\raw\kafka-overview.md|datasets\raw\postgres-replication.md,"[{""source_id"":""datasets\\raw\\kafka-overview.md#2"",""selected_sentence_indices"":[0,1,2,3,4,5],""original_tokens"":90,""optimized_tokens"":90},{""source_id"":""datasets\\raw\\kafka-overview.md#1"",""selected_sentence_indices"":[0,1,2,3,4,5,6],""original_tokens"":93,""optimized_tokens"":93},{""source_id"":""datasets\\raw\\kafka-overview.md#3"",""selected_sentence_indices"":[0,1],""original_tokens"":41,""optimized_tokens"":41},{""source_id"":""datasets\\raw\\kafka-overview.md#0"",""selected_sentence_indices"":[0,1,2,3,4,5],""original_tokens"":87,""optimized_tokens"":87},{""source_id"":""datasets\\raw\\postgres-replication.md#3"",""selected_sentence_indices"":[0,1,2,3,4],""original_tokens"":92,""optimized_tokens"":92}]"
qt048,MULTI_PART,deduplicated,"How do consumer groups distribute partitions, and how can consumers replay old events?",5,5,2,403,403,0,0.0,1,4,0.9925558312655086,0.08645350020378828,datasets\raw\kafka-overview.md|datasets\raw\kafka-overview.md|datasets\raw\kafka-overview.md|datasets\raw\kafka-overview.md|datasets\raw\postgres-replication.md,"[{""source_id"":""datasets\\raw\\kafka-overview.md#2"",""selected_sentence_indices"":[0,1,2,3,4,5],""original_tokens"":90,""optimized_tokens"":90},{""source_id"":""datasets\\raw\\kafka-overview.md#1"",""selected_sentence_indices"":[0,1,2,3,4,5,6],""original_tokens"":93,""optimized_tokens"":93},{""source_id"":""datasets\\raw\\kafka-overview.md#3"",""selected_sentence_indices"":[0,1],""original_tokens"":41,""optimized_tokens"":41},{""source_id"":""datasets\\raw\\kafka-overview.md#0"",""selected_sentence_indices"":[0,1,2,3,4,5],""original_tokens"":87,""optimized_tokens"":87},{""source_id"":""datasets\\raw\\postgres-replication.md#3"",""selected_sentence_indices"":[0,1,2,3,4],""original_tokens"":92,""optimized_tokens"":92}]"
qt048,MULTI_PART,extractive,"How do consumer groups distribute partitions, and how can consumers replay old events?",5,5,2,403,221,182,0.45161290322580644,1,4,1.8099547511312217,0.30430469987913966,datasets\raw\kafka-overview.md|datasets\raw\kafka-overview.md|datasets\raw\kafka-overview.md|datasets\raw\kafka-overview.md|datasets\raw\postgres-replication.md,"[{""source_id"":""datasets\\raw\\kafka-overview.md#2"",""selected_sentence_indices"":[0,1,3],""original_tokens"":90,""optimized_tokens"":47},{""source_id"":""datasets\\raw\\kafka-overview.md#1"",""selected_sentence_indices"":[2,3,5,6],""original_tokens"":93,""optimized_tokens"":61},{""source_id"":""datasets\\raw\\kafka-overview.md#3"",""selected_sentence_indices"":[0],""original_tokens"":41,""optimized_tokens"":8},{""source_id"":""datasets\\raw\\kafka-overview.md#0"",""selected_sentence_indices"":[1,3,4],""original_tokens"":87,""optimized_tokens"":49},{""source_id"":""datasets\\raw\\postgres-replication.md#3"",""selected_sentence_indices"":[1,2,3],""original_tokens"":92,""optimized_tokens"":56}]"
qt048,MULTI_PART,budgeted,"How do consumer groups distribute partitions, and how can consumers replay old events?",5,5,2,403,221,182,0.45161290322580644,1,4,1.8099547511312217,0.30450939992442727,datasets\raw\kafka-overview.md|datasets\raw\kafka-overview.md|datasets\raw\kafka-overview.md|datasets\raw\kafka-overview.md|datasets\raw\postgres-replication.md,"[{""source_id"":""datasets\\raw\\kafka-overview.md#2"",""selected_sentence_indices"":[0,1,3],""original_tokens"":90,""optimized_tokens"":47},{""source_id"":""datasets\\raw\\kafka-overview.md#1"",""selected_sentence_indices"":[2,3,5,6],""original_tokens"":93,""optimized_tokens"":61},{""source_id"":""datasets\\raw\\kafka-overview.md#3"",""selected_sentence_indices"":[0],""original_tokens"":41,""optimized_tokens"":8},{""source_id"":""datasets\\raw\\kafka-overview.md#0"",""selected_sentence_indices"":[1,3,4],""original_tokens"":87,""optimized_tokens"":49},{""source_id"":""datasets\\raw\\postgres-replication.md#3"",""selected_sentence_indices"":[1,2,3],""original_tokens"":92,""optimized_tokens"":56}]"
qt049,MULTI_PART,full,"How is a standby promoted, and why is external failover orchestration often used?",5,5,2,394,394,0,0.0,1,4,1.015228426395939,0.006565300049260259,datasets\raw\postgres-replication.md|datasets\raw\postgres-replication.md|datasets\raw\postgres-replication.md|datasets\raw\postgres-replication.md|datasets\raw\kafka-overview.md,"[{""source_id"":""datasets\\raw\\postgres-replication.md#2"",""selected_sentence_indices"":[0,1,2,3,4],""original_tokens"":91,""optimized_tokens"":91},{""source_id"":""datasets\\raw\\postgres-replication.md#3"",""selected_sentence_indices"":[0,1,2,3,4],""original_tokens"":92,""optimized_tokens"":92},{""source_id"":""datasets\\raw\\postgres-replication.md#1"",""selected_sentence_indices"":[0,1,2,3,4],""original_tokens"":87,""optimized_tokens"":87},{""source_id"":""datasets\\raw\\postgres-replication.md#0"",""selected_sentence_indices"":[0,1,2,3,4],""original_tokens"":83,""optimized_tokens"":83},{""source_id"":""datasets\\raw\\kafka-overview.md#3"",""selected_sentence_indices"":[0,1],""original_tokens"":41,""optimized_tokens"":41}]"
qt049,MULTI_PART,deduplicated,"How is a standby promoted, and why is external failover orchestration often used?",5,5,2,394,394,0,0.0,1,4,1.015228426395939,0.07813089992851019,datasets\raw\postgres-replication.md|datasets\raw\postgres-replication.md|datasets\raw\postgres-replication.md|datasets\raw\postgres-replication.md|datasets\raw\kafka-overview.md,"[{""source_id"":""datasets\\raw\\postgres-replication.md#2"",""selected_sentence_indices"":[0,1,2,3,4],""original_tokens"":91,""optimized_tokens"":91},{""source_id"":""datasets\\raw\\postgres-replication.md#3"",""selected_sentence_indices"":[0,1,2,3,4],""original_tokens"":92,""optimized_tokens"":92},{""source_id"":""datasets\\raw\\postgres-replication.md#1"",""selected_sentence_indices"":[0,1,2,3,4],""original_tokens"":87,""optimized_tokens"":87},{""source_id"":""datasets\\raw\\postgres-replication.md#0"",""selected_sentence_indices"":[0,1,2,3,4],""original_tokens"":83,""optimized_tokens"":83},{""source_id"":""datasets\\raw\\kafka-overview.md#3"",""selected_sentence_indices"":[0,1],""original_tokens"":41,""optimized_tokens"":41}]"
qt049,MULTI_PART,extractive,"How is a standby promoted, and why is external failover orchestration often used?",5,5,2,394,289,105,0.26649746192893403,1,4,1.3840830449826989,0.31072980002500117,datasets\raw\postgres-replication.md|datasets\raw\postgres-replication.md|datasets\raw\postgres-replication.md|datasets\raw\postgres-replication.md|datasets\raw\kafka-overview.md,"[{""source_id"":""datasets\\raw\\postgres-replication.md#2"",""selected_sentence_indices"":[2,3,4],""original_tokens"":91,""optimized_tokens"":58},{""source_id"":""datasets\\raw\\postgres-replication.md#3"",""selected_sentence_indices"":[0,1,2],""original_tokens"":92,""optimized_tokens"":64},{""source_id"":""datasets\\raw\\postgres-replication.md#1"",""selected_sentence_indices"":[1,2,3],""original_tokens"":87,""optimized_tokens"":77},{""source_id"":""datasets\\raw\\postgres-replication.md#0"",""selected_sentence_indices"":[0,2,3],""original_tokens"":83,""optimized_tokens"":57},{""source_id"":""datasets\\raw\\kafka-overview.md#3"",""selected_sentence_indices"":[1],""original_tokens"":41,""optimized_tokens"":33}]"
qt049,MULTI_PART,budgeted,"How is a standby promoted, and why is external failover orchestration often used?",5,4,1,394,240,154,0.39086294416243655,1,4,1.6666666666666667,0.3046817001886666,datasets\raw\postgres-replication.md|datasets\raw\postgres-replication.md|datasets\raw\postgres-replication.md|datasets\raw\postgres-replication.md,"[{""source_id"":""datasets\\raw\\postgres-replication.md#2"",""selected_sentence_indices"":[2,3,4],""original_tokens"":91,""optimized_tokens"":58},{""source_id"":""datasets\\raw\\postgres-replication.md#3"",""selected_sentence_indices"":[0,1,2],""original_tokens"":92,""optimized_tokens"":64},{""source_id"":""datasets\\raw\\postgres-replication.md#1"",""selected_sentence_indices"":[1,2,3],""original_tokens"":87,""optimized_tokens"":77},{""source_id"":""datasets\\raw\\postgres-replication.md#0"",""selected_sentence_indices"":[0,2],""original_tokens"":83,""optimized_tokens"":41}]"
qt050,MULTI_PART,full,"How do resource requests affect scheduling, and how are they different from limits?",5,5,2,408,408,0,0.0,1,4,0.9803921568627451,0.008157699834555387,datasets\raw\kubernetes-scheduling.md|datasets\raw\kubernetes-scheduling.md|datasets\raw\kubernetes-scheduling.md|datasets\raw\kubernetes-scheduling.md|datasets\raw\kafka-overview.md,"[{""source_id"":""datasets\\raw\\kubernetes-scheduling.md#1"",""selected_sentence_indices"":[0,1,2,3,4,5,6],""original_tokens"":94,""optimized_tokens"":94},{""source_id"":""datasets\\raw\\kubernetes-scheduling.md#2"",""selected_sentence_indices"":[0,1,2,3,4,5,6],""original_tokens"":96,""optimized_tokens"":96},{""source_id"":""datasets\\raw\\kubernetes-scheduling.md#0"",""selected_sentence_indices"":[0,1,2,3,4],""original_tokens"":91,""optimized_tokens"":91},{""source_id"":""datasets\\raw\\kubernetes-scheduling.md#3"",""selected_sentence_indices"":[0,1],""original_tokens"":37,""optimized_tokens"":37},{""source_id"":""datasets\\raw\\kafka-overview.md#2"",""selected_sentence_indices"":[0,1,2,3,4,5],""original_tokens"":90,""optimized_tokens"":90}]"
qt050,MULTI_PART,deduplicated,"How do resource requests affect scheduling, and how are they different from limits?",5,5,2,408,408,0,0.0,1,4,0.9803921568627451,0.07936350000090897,datasets\raw\kubernetes-scheduling.md|datasets\raw\kubernetes-scheduling.md|datasets\raw\kubernetes-scheduling.md|datasets\raw\kubernetes-scheduling.md|datasets\raw\kafka-overview.md,"[{""source_id"":""datasets\\raw\\kubernetes-scheduling.md#1"",""selected_sentence_indices"":[0,1,2,3,4,5,6],""original_tokens"":94,""optimized_tokens"":94},{""source_id"":""datasets\\raw\\kubernetes-scheduling.md#2"",""selected_sentence_indices"":[0,1,2,3,4,5,6],""original_tokens"":96,""optimized_tokens"":96},{""source_id"":""datasets\\raw\\kubernetes-scheduling.md#0"",""selected_sentence_indices"":[0,1,2,3,4],""original_tokens"":91,""optimized_tokens"":91},{""source_id"":""datasets\\raw\\kubernetes-scheduling.md#3"",""selected_sentence_indices"":[0,1],""original_tokens"":37,""optimized_tokens"":37},{""source_id"":""datasets\\raw\\kafka-overview.md#2"",""selected_sentence_indices"":[0,1,2,3,4,5],""original_tokens"":90,""optimized_tokens"":90}]"
qt050,MULTI_PART,extractive,"How do resource requests affect scheduling, and how are they different from limits?",5,5,2,408,217,191,0.4681372549019608,1,4,1.8433179723502304,0.31210740003734827,datasets\raw\kubernetes-scheduling.md|datasets\raw\kubernetes-scheduling.md|datasets\raw\kubernetes-scheduling.md|datasets\raw\kubernetes-scheduling.md|datasets\raw\kafka-overview.md,"[{""source_id"":""datasets\\raw\\kubernetes-scheduling.md#1"",""selected_sentence_indices"":[1,4,5,6],""original_tokens"":94,""optimized_tokens"":47},{""source_id"":""datasets\\raw\\kubernetes-scheduling.md#2"",""selected_sentence_indices"":[0,1,4,5],""original_tokens"":96,""optimized_tokens"":55},{""source_id"":""datasets\\raw\\kubernetes-scheduling.md#0"",""selected_sentence_indices"":[0,1,2],""original_tokens"":91,""optimized_tokens"":49},{""source_id"":""datasets\\raw\\kubernetes-scheduling.md#3"",""selected_sentence_indices"":[0],""original_tokens"":37,""optimized_tokens"":11},{""source_id"":""datasets\\raw\\kafka-overview.md#2"",""selected_sentence_indices"":[0,2,5],""original_tokens"":90,""optimized_tokens"":55}]"
qt050,MULTI_PART,budgeted,"How do resource requests affect scheduling, and how are they different from limits?",5,5,2,408,217,191,0.4681372549019608,1,4,1.8433179723502304,0.31339329993352294,datasets\raw\kubernetes-scheduling.md|datasets\raw\kubernetes-scheduling.md|datasets\raw\kubernetes-scheduling.md|datasets\raw\kubernetes-scheduling.md|datasets\raw\kafka-overview.md,"[{""source_id"":""datasets\\raw\\kubernetes-scheduling.md#1"",""selected_sentence_indices"":[1,4,5,6],""original_tokens"":94,""optimized_tokens"":47},{""source_id"":""datasets\\raw\\kubernetes-scheduling.md#2"",""selected_sentence_indices"":[0,1,4,5],""original_tokens"":96,""optimized_tokens"":55},{""source_id"":""datasets\\raw\\kubernetes-scheduling.md#0"",""selected_sentence_indices"":[0,1,2],""original_tokens"":91,""optimized_tokens"":49},{""source_id"":""datasets\\raw\\kubernetes-scheduling.md#3"",""selected_sentence_indices"":[0],""original_tokens"":37,""optimized_tokens"":11},{""source_id"":""datasets\\raw\\kafka-overview.md#2"",""selected_sentence_indices"":[0,2,5],""original_tokens"":90,""optimized_tokens"":55}]"
