id,query_type,strategy,question,chunks_before,chunks_after,unique_sources,original_context_tokens,context_tokens,removed_tokens,compression_ratio,relevant_source_retained,relevant_chunks,relevant_evidence_density_proxy,optimization_seconds,sources,source_fragments,sweep,value
qt001,DIRECT,threshold-0.85,How does PostgreSQL streaming replication work?,5,5,2,389,389,0,0.0,1,4,1.0282776349614395,0.08135240012779832,datasets\raw\postgres-replication.md|datasets\raw\postgres-replication.md|datasets\raw\postgres-replication.md|datasets\raw\postgres-replication.md|datasets\raw\postgres-mvcc.md,"[{""source_id"":""datasets\\raw\\postgres-replication.md#0"",""selected_sentence_indices"":[0,1,2,3,4],""original_tokens"":83,""optimized_tokens"":83},{""source_id"":""datasets\\raw\\postgres-replication.md#1"",""selected_sentence_indices"":[0,1,2,3,4],""original_tokens"":87,""optimized_tokens"":87},{""source_id"":""datasets\\raw\\postgres-replication.md#3"",""selected_sentence_indices"":[0,1,2,3,4],""original_tokens"":92,""optimized_tokens"":92},{""source_id"":""datasets\\raw\\postgres-replication.md#4"",""selected_sentence_indices"":[0,1],""original_tokens"":34,""optimized_tokens"":34},{""source_id"":""datasets\\raw\\postgres-mvcc.md#2"",""selected_sentence_indices"":[0,1,2,3,4,5],""original_tokens"":93,""optimized_tokens"":93}]",threshold,0.85
qt002,DIRECT,threshold-0.85,How does PostgreSQL MVCC determine row visibility?,5,4,2,396,305,91,0.2297979797979798,1,3,0.9836065573770493,0.08067600009962916,datasets\raw\postgres-mvcc.md|datasets\raw\postgres-mvcc.md|datasets\raw\postgres-mvcc.md|datasets\raw\postgres-replication.md,"[{""source_id"":""datasets\\raw\\postgres-mvcc.md#1"",""selected_sentence_indices"":[0,1,2,3,4,5],""original_tokens"":94,""optimized_tokens"":94},{""source_id"":""datasets\\raw\\postgres-mvcc.md#3"",""selected_sentence_indices"":[0],""original_tokens"":26,""optimized_tokens"":26},{""source_id"":""datasets\\raw\\postgres-mvcc.md#2"",""selected_sentence_indices"":[0,1,2,3,4,5],""original_tokens"":93,""optimized_tokens"":93},{""source_id"":""datasets\\raw\\postgres-replication.md#3"",""selected_sentence_indices"":[0,1,2,3,4],""original_tokens"":92,""optimized_tokens"":92}]",threshold,0.85
qt003,DIRECT,threshold-0.85,How does Kubernetes select a node for a Pod?,5,5,2,411,411,0,0.0,1,4,0.97323600973236,0.08223000005818903,datasets\raw\kubernetes-scheduling.md|datasets\raw\kubernetes-scheduling.md|datasets\raw\kubernetes-scheduling.md|datasets\raw\kubernetes-scheduling.md|datasets\raw\kafka-overview.md,"[{""source_id"":""datasets\\raw\\kubernetes-scheduling.md#0"",""selected_sentence_indices"":[0,1,2,3,4],""original_tokens"":91,""optimized_tokens"":91},{""source_id"":""datasets\\raw\\kubernetes-scheduling.md#2"",""selected_sentence_indices"":[0,1,2,3,4,5,6],""original_tokens"":96,""optimized_tokens"":96},{""source_id"":""datasets\\raw\\kubernetes-scheduling.md#3"",""selected_sentence_indices"":[0,1],""original_tokens"":37,""optimized_tokens"":37},{""source_id"":""datasets\\raw\\kubernetes-scheduling.md#1"",""selected_sentence_indices"":[0,1,2,3,4,5,6],""original_tokens"":94,""optimized_tokens"":94},{""source_id"":""datasets\\raw\\kafka-overview.md#1"",""selected_sentence_indices"":[0,1,2,3,4,5,6],""original_tokens"":93,""optimized_tokens"":93}]",threshold,0.85
qt004,DIRECT,threshold-0.85,What is Apache Kafka used for?,5,5,2,404,404,0,0.0,1,4,0.9900990099009901,0.07988160010427237,datasets\raw\kafka-overview.md|datasets\raw\kafka-overview.md|datasets\raw\kafka-overview.md|datasets\raw\kafka-overview.md|datasets\raw\postgres-mvcc.md,"[{""source_id"":""datasets\\raw\\kafka-overview.md#0"",""selected_sentence_indices"":[0,1,2,3,4,5],""original_tokens"":87,""optimized_tokens"":87},{""source_id"":""datasets\\raw\\kafka-overview.md#1"",""selected_sentence_indices"":[0,1,2,3,4,5,6],""original_tokens"":93,""optimized_tokens"":93},{""source_id"":""datasets\\raw\\kafka-overview.md#3"",""selected_sentence_indices"":[0,1],""original_tokens"":41,""optimized_tokens"":41},{""source_id"":""datasets\\raw\\kafka-overview.md#2"",""selected_sentence_indices"":[0,1,2,3,4,5],""original_tokens"":90,""optimized_tokens"":90},{""source_id"":""datasets\\raw\\postgres-mvcc.md#2"",""selected_sentence_indices"":[0,1,2,3,4,5],""original_tokens"":93,""optimized_tokens"":93}]",threshold,0.85
qt005,DIRECT,threshold-0.85,What trade-off does synchronous PostgreSQL replication make?,5,5,2,322,322,0,0.0,1,4,1.2422360248447204,0.08181470003910363,datasets\raw\postgres-replication.md|datasets\raw\postgres-replication.md|datasets\raw\postgres-replication.md|datasets\raw\postgres-replication.md|datasets\raw\postgres-mvcc.md,"[{""source_id"":""datasets\\raw\\postgres-replication.md#3"",""selected_sentence_indices"":[0,1,2,3,4],""original_tokens"":92,""optimized_tokens"":92},{""source_id"":""datasets\\raw\\postgres-replication.md#0"",""selected_sentence_indices"":[0,1,2,3,4],""original_tokens"":83,""optimized_tokens"":83},{""source_id"":""datasets\\raw\\postgres-replication.md#1"",""selected_sentence_indices"":[0,1,2,3,4],""original_tokens"":87,""optimized_tokens"":87},{""source_id"":""datasets\\raw\\postgres-replication.md#4"",""selected_sentence_indices"":[0,1],""original_tokens"":34,""optimized_tokens"":34},{""source_id"":""datasets\\raw\\postgres-mvcc.md#3"",""selected_sentence_indices"":[0],""original_tokens"":26,""optimized_tokens"":26}]",threshold,0.85
qt006,DIRECT,threshold-0.85,What does PostgreSQL VACUUM do?,5,5,2,385,385,0,0.0,1,3,0.7792207792207793,0.08432819996960461,datasets\raw\postgres-mvcc.md|datasets\raw\postgres-mvcc.md|datasets\raw\postgres-replication.md|datasets\raw\postgres-replication.md|datasets\raw\postgres-mvcc.md,"[{""source_id"":""datasets\\raw\\postgres-mvcc.md#2"",""selected_sentence_indices"":[0,1,2,3,4,5],""original_tokens"":93,""optimized_tokens"":93},{""source_id"":""datasets\\raw\\postgres-mvcc.md#0"",""selected_sentence_indices"":[0,1,2,3,4],""original_tokens"":91,""optimized_tokens"":91},{""source_id"":""datasets\\raw\\postgres-replication.md#3"",""selected_sentence_indices"":[0,1,2,3,4],""original_tokens"":92,""optimized_tokens"":92},{""source_id"":""datasets\\raw\\postgres-replication.md#0"",""selected_sentence_indices"":[0,1,2,3,4],""original_tokens"":83,""optimized_tokens"":83},{""source_id"":""datasets\\raw\\postgres-mvcc.md#3"",""selected_sentence_indices"":[0],""original_tokens"":26,""optimized_tokens"":26}]",threshold,0.85
qt007,DIRECT,threshold-0.85,How do Kubernetes taints and tolerations affect scheduling?,5,5,2,408,408,0,0.0,1,4,0.9803921568627451,0.08344189985655248,datasets\raw\kubernetes-scheduling.md|datasets\raw\kubernetes-scheduling.md|datasets\raw\kubernetes-scheduling.md|datasets\raw\kubernetes-scheduling.md|datasets\raw\kafka-overview.md,"[{""source_id"":""datasets\\raw\\kubernetes-scheduling.md#2"",""selected_sentence_indices"":[0,1,2,3,4,5,6],""original_tokens"":96,""optimized_tokens"":96},{""source_id"":""datasets\\raw\\kubernetes-scheduling.md#0"",""selected_sentence_indices"":[0,1,2,3,4],""original_tokens"":91,""optimized_tokens"":91},{""source_id"":""datasets\\raw\\kubernetes-scheduling.md#3"",""selected_sentence_indices"":[0,1],""original_tokens"":37,""optimized_tokens"":37},{""source_id"":""datasets\\raw\\kubernetes-scheduling.md#1"",""selected_sentence_indices"":[0,1,2,3,4,5,6],""original_tokens"":94,""optimized_tokens"":94},{""source_id"":""datasets\\raw\\kafka-overview.md#2"",""selected_sentence_indices"":[0,1,2,3,4,5],""original_tokens"":90,""optimized_tokens"":90}]",threshold,0.85
qt008,DIRECT,threshold-0.85,How do Kafka consumer groups divide work?,5,5,2,403,403,0,0.0,1,4,0.9925558312655086,0.08461349993012846,datasets\raw\kafka-overview.md|datasets\raw\kafka-overview.md|datasets\raw\kafka-overview.md|datasets\raw\kafka-overview.md|datasets\raw\postgres-replication.md,"[{""source_id"":""datasets\\raw\\kafka-overview.md#1"",""selected_sentence_indices"":[0,1,2,3,4,5,6],""original_tokens"":93,""optimized_tokens"":93},{""source_id"":""datasets\\raw\\kafka-overview.md#2"",""selected_sentence_indices"":[0,1,2,3,4,5],""original_tokens"":90,""optimized_tokens"":90},{""source_id"":""datasets\\raw\\kafka-overview.md#0"",""selected_sentence_indices"":[0,1,2,3,4,5],""original_tokens"":87,""optimized_tokens"":87},{""source_id"":""datasets\\raw\\kafka-overview.md#3"",""selected_sentence_indices"":[0,1],""original_tokens"":41,""optimized_tokens"":41},{""source_id"":""datasets\\raw\\postgres-replication.md#3"",""selected_sentence_indices"":[0,1,2,3,4],""original_tokens"":92,""optimized_tokens"":92}]",threshold,0.85
qt009,DIRECT,threshold-0.85,Why can a PostgreSQL replication slot consume disk space?,5,5,2,389,389,0,0.0,1,4,1.0282776349614395,0.0821498001459986,datasets\raw\postgres-replication.md|datasets\raw\postgres-replication.md|datasets\raw\postgres-mvcc.md|datasets\raw\postgres-replication.md|datasets\raw\postgres-replication.md,"[{""source_id"":""datasets\\raw\\postgres-replication.md#3"",""selected_sentence_indices"":[0,1,2,3,4],""original_tokens"":92,""optimized_tokens"":92},{""source_id"":""datasets\\raw\\postgres-replication.md#4"",""selected_sentence_indices"":[0,1],""original_tokens"":34,""optimized_tokens"":34},{""source_id"":""datasets\\raw\\postgres-mvcc.md#2"",""selected_sentence_indices"":[0,1,2,3,4,5],""original_tokens"":93,""optimized_tokens"":93},{""source_id"":""datasets\\raw\\postgres-replication.md#0"",""selected_sentence_indices"":[0,1,2,3,4],""original_tokens"":83,""optimized_tokens"":83},{""source_id"":""datasets\\raw\\postgres-replication.md#1"",""selected_sentence_indices"":[0,1,2,3,4],""original_tokens"":87,""optimized_tokens"":87}]",threshold,0.85
qt010,DIRECT,threshold-0.85,How does logical replication differ from physical streaming replication?,5,5,2,386,386,0,0.0,1,4,1.0362694300518136,0.08186749997548759,datasets\raw\postgres-replication.md|datasets\raw\postgres-replication.md|datasets\raw\postgres-replication.md|datasets\raw\postgres-replication.md|datasets\raw\kafka-overview.md,"[{""source_id"":""datasets\\raw\\postgres-replication.md#4"",""selected_sentence_indices"":[0,1],""original_tokens"":34,""optimized_tokens"":34},{""source_id"":""datasets\\raw\\postgres-replication.md#3"",""selected_sentence_indices"":[0,1,2,3,4],""original_tokens"":92,""optimized_tokens"":92},{""source_id"":""datasets\\raw\\postgres-replication.md#1"",""selected_sentence_indices"":[0,1,2,3,4],""original_tokens"":87,""optimized_tokens"":87},{""source_id"":""datasets\\raw\\postgres-replication.md#0"",""selected_sentence_indices"":[0,1,2,3,4],""original_tokens"":83,""optimized_tokens"":83},{""source_id"":""datasets\\raw\\kafka-overview.md#2"",""selected_sentence_indices"":[0,1,2,3,4,5],""original_tokens"":90,""optimized_tokens"":90}]",threshold,0.85
qt011,PARAPHRASE,threshold-0.85,How can database readers see stable data without making writers wait?,5,4,2,447,356,91,0.203579418344519,1,1,0.2808988764044944,0.08222320000641048,datasets\raw\postgres-mvcc.md|datasets\raw\postgres-replication.md|datasets\raw\postgres-replication.md|datasets\raw\postgres-replication.md,"[{""source_id"":""datasets\\raw\\postgres-mvcc.md#1"",""selected_sentence_indices"":[0,1,2,3,4,5],""original_tokens"":94,""optimized_tokens"":94},{""source_id"":""datasets\\raw\\postgres-replication.md#0"",""selected_sentence_indices"":[0,1,2,3,4],""original_tokens"":83,""optimized_tokens"":83},{""source_id"":""datasets\\raw\\postgres-replication.md#1"",""selected_sentence_indices"":[0,1,2,3,4],""original_tokens"":87,""optimized_tokens"":87},{""source_id"":""datasets\\raw\\postgres-replication.md#3"",""selected_sentence_indices"":[0,1,2,3,4],""original_tokens"":92,""optimized_tokens"":92}]",threshold,0.85
qt012,PARAPHRASE,threshold-0.85,How are change records shipped and applied to a backup database?,5,5,2,385,385,0,0.0,1,2,0.5194805194805194,0.09098340012133121,datasets\raw\postgres-mvcc.md|datasets\raw\postgres-mvcc.md|datasets\raw\postgres-mvcc.md|datasets\raw\postgres-replication.md|datasets\raw\postgres-replication.md,"[{""source_id"":""datasets\\raw\\postgres-mvcc.md#0"",""selected_sentence_indices"":[0,1,2,3,4],""original_tokens"":91,""optimized_tokens"":91},{""source_id"":""datasets\\raw\\postgres-mvcc.md#3"",""selected_sentence_indices"":[0],""original_tokens"":26,""optimized_tokens"":26},{""source_id"":""datasets\\raw\\postgres-mvcc.md#2"",""selected_sentence_indices"":[0,1,2,3,4,5],""original_tokens"":93,""optimized_tokens"":93},{""source_id"":""datasets\\raw\\postgres-replication.md#0"",""selected_sentence_indices"":[0,1,2,3,4],""original_tokens"":83,""optimized_tokens"":83},{""source_id"":""datasets\\raw\\postgres-replication.md#3"",""selected_sentence_indices"":[0,1,2,3,4],""original_tokens"":92,""optimized_tokens"":92}]",threshold,0.85
qt013,PARAPHRASE,threshold-0.85,What decides where a newly requested workload runs in a cluster?,5,5,2,410,410,0,0.0,1,4,0.9756097560975611,0.09450199990533292,datasets\raw\kubernetes-scheduling.md|datasets\raw\kubernetes-scheduling.md|datasets\raw\kubernetes-scheduling.md|datasets\raw\postgres-replication.md|datasets\raw\kubernetes-scheduling.md,"[{""source_id"":""datasets\\raw\\kubernetes-scheduling.md#2"",""selected_sentence_indices"":[0,1,2,3,4,5,6],""original_tokens"":96,""optimized_tokens"":96},{""source_id"":""datasets\\raw\\kubernetes-scheduling.md#1"",""selected_sentence_indices"":[0,1,2,3,4,5,6],""original_tokens"":94,""optimized_tokens"":94},{""source_id"":""datasets\\raw\\kubernetes-scheduling.md#0"",""selected_sentence_indices"":[0,1,2,3,4],""original_tokens"":91,""optimized_tokens"":91},{""source_id"":""datasets\\raw\\postgres-replication.md#3"",""selected_sentence_indices"":[0,1,2,3,4],""original_tokens"":92,""optimized_tokens"":92},{""source_id"":""datasets\\raw\\kubernetes-scheduling.md#3"",""selected_sentence_indices"":[0,1],""original_tokens"":37,""optimized_tokens"":37}]",threshold,0.85
qt014,PARAPHRASE,threshold-0.85,How can separate applications independently reread the same ordered events?,5,5,2,403,403,0,0.0,1,4,0.9925558312655086,0.09713179990649223,datasets\raw\kafka-overview.md|datasets\raw\kafka-overview.md|datasets\raw\kafka-overview.md|datasets\raw\postgres-replication.md|datasets\raw\kafka-overview.md,"[{""source_id"":""datasets\\raw\\kafka-overview.md#2"",""selected_sentence_indices"":[0,1,2,3,4,5],""original_tokens"":90,""optimized_tokens"":90},{""source_id"":""datasets\\raw\\kafka-overview.md#3"",""selected_sentence_indices"":[0,1],""original_tokens"":41,""optimized_tokens"":41},{""source_id"":""datasets\\raw\\kafka-overview.md#0"",""selected_sentence_indices"":[0,1,2,3,4,5],""original_tokens"":87,""optimized_tokens"":87},{""source_id"":""datasets\\raw\\postgres-replication.md#3"",""selected_sentence_indices"":[0,1,2,3,4],""original_tokens"":92,""optimized_tokens"":92},{""source_id"":""datasets\\raw\\kafka-overview.md#1"",""selected_sentence_indices"":[0,1,2,3,4,5,6],""original_tokens"":93,""optimized_tokens"":93}]",threshold,0.85
qt015,PARAPHRASE,threshold-0.85,Why might old copies of updated rows remain on disk?,5,4,2,404,310,94,0.23267326732673269,1,2,0.6451612903225806,0.0938311000354588,datasets\raw\postgres-mvcc.md|datasets\raw\postgres-mvcc.md|datasets\raw\postgres-replication.md|datasets\raw\postgres-replication.md,"[{""source_id"":""datasets\\raw\\postgres-mvcc.md#0"",""selected_sentence_indices"":[0,1,2,3,4],""original_tokens"":91,""optimized_tokens"":91},{""source_id"":""datasets\\raw\\postgres-mvcc.md#2"",""selected_sentence_indices"":[0,1,2,3,4,5],""original_tokens"":93,""optimized_tokens"":93},{""source_id"":""datasets\\raw\\postgres-replication.md#3"",""selected_sentence_indices"":[0,1,2,3,4],""original_tokens"":92,""optimized_tokens"":92},{""source_id"":""datasets\\raw\\postgres-replication.md#4"",""selected_sentence_indices"":[0,1],""original_tokens"":34,""optimized_tokens"":34}]",threshold,0.85
qt016,PARAPHRASE,threshold-0.85,How does the cluster avoid placing a workload on an unsuitable machine?,5,5,3,466,466,0,0.0,1,3,0.6437768240343348,0.09677249984815717,datasets\raw\kubernetes-scheduling.md|datasets\raw\kubernetes-scheduling.md|datasets\raw\kubernetes-scheduling.md|datasets\raw\postgres-replication.md|datasets\raw\kafka-overview.md,"[{""source_id"":""datasets\\raw\\kubernetes-scheduling.md#2"",""selected_sentence_indices"":[0,1,2,3,4,5,6],""original_tokens"":96,""optimized_tokens"":96},{""source_id"":""datasets\\raw\\kubernetes-scheduling.md#0"",""selected_sentence_indices"":[0,1,2,3,4],""original_tokens"":91,""optimized_tokens"":91},{""source_id"":""datasets\\raw\\kubernetes-scheduling.md#1"",""selected_sentence_indices"":[0,1,2,3,4,5,6],""original_tokens"":94,""optimized_tokens"":94},{""source_id"":""datasets\\raw\\postgres-replication.md#3"",""selected_sentence_indices"":[0,1,2,3,4],""original_tokens"":92,""optimized_tokens"":92},{""source_id"":""datasets\\raw\\kafka-overview.md#1"",""selected_sentence_indices"":[0,1,2,3,4,5,6],""original_tokens"":93,""optimized_tokens"":93}]",threshold,0.85
qt017,PARAPHRASE,threshold-0.85,How is an event log spread across servers for parallelism and resilience?,5,5,2,393,393,0,0.0,1,3,0.7633587786259541,0.08801639988087118,datasets\raw\kafka-overview.md|datasets\raw\kafka-overview.md|datasets\raw\kafka-overview.md|datasets\raw\postgres-replication.md|datasets\raw\postgres-replication.md,"[{""source_id"":""datasets\\raw\\kafka-overview.md#3"",""selected_sentence_indices"":[0,1],""original_tokens"":41,""optimized_tokens"":41},{""source_id"":""datasets\\raw\\kafka-overview.md#2"",""selected_sentence_indices"":[0,1,2,3,4,5],""original_tokens"":90,""optimized_tokens"":90},{""source_id"":""datasets\\raw\\kafka-overview.md#0"",""selected_sentence_indices"":[0,1,2,3,4,5],""original_tokens"":87,""optimized_tokens"":87},{""source_id"":""datasets\\raw\\postgres-replication.md#0"",""selected_sentence_indices"":[0,1,2,3,4],""original_tokens"":83,""optimized_tokens"":83},{""source_id"":""datasets\\raw\\postgres-replication.md#3"",""selected_sentence_indices"":[0,1,2,3,4],""original_tokens"":92,""optimized_tokens"":92}]",threshold,0.85
qt018,PARAPHRASE,threshold-0.85,What happens when the main database disappears and a copy must take writes?,5,5,2,450,450,0,0.0,1,3,0.6666666666666666,0.0797947000246495,datasets\raw\postgres-replication.md|datasets\raw\postgres-replication.md|datasets\raw\postgres-mvcc.md|datasets\raw\postgres-mvcc.md|datasets\raw\postgres-replication.md,"[{""source_id"":""datasets\\raw\\postgres-replication.md#3"",""selected_sentence_indices"":[0,1,2,3,4],""original_tokens"":92,""optimized_tokens"":92},{""source_id"":""datasets\\raw\\postgres-replication.md#2"",""selected_sentence_indices"":[0,1,2,3,4],""original_tokens"":91,""optimized_tokens"":91},{""source_id"":""datasets\\raw\\postgres-mvcc.md#2"",""selected_sentence_indices"":[0,1,2,3,4,5],""original_tokens"":93,""optimized_tokens"":93},{""source_id"":""datasets\\raw\\postgres-mvcc.md#0"",""selected_sentence_indices"":[0,1,2,3,4],""original_tokens"":91,""optimized_tokens"":91},{""source_id"":""datasets\\raw\\postgres-replication.md#0"",""selected_sentence_indices"":[0,1,2,3,4],""original_tokens"":83,""optimized_tokens"":83}]",threshold,0.85
qt019,PARAPHRASE,threshold-0.85,Why do declared resources matter more than momentary usage for workload placement?,5,5,3,466,466,0,0.0,1,3,0.6437768240343348,0.07811440015211701,datasets\raw\kubernetes-scheduling.md|datasets\raw\kubernetes-scheduling.md|datasets\raw\kubernetes-scheduling.md|datasets\raw\postgres-mvcc.md|datasets\raw\postgres-replication.md,"[{""source_id"":""datasets\\raw\\kubernetes-scheduling.md#1"",""selected_sentence_indices"":[0,1,2,3,4,5,6],""original_tokens"":94,""optimized_tokens"":94},{""source_id"":""datasets\\raw\\kubernetes-scheduling.md#2"",""selected_sentence_indices"":[0,1,2,3,4,5,6],""original_tokens"":96,""optimized_tokens"":96},{""source_id"":""datasets\\raw\\kubernetes-scheduling.md#0"",""selected_sentence_indices"":[0,1,2,3,4],""original_tokens"":91,""optimized_tokens"":91},{""source_id"":""datasets\\raw\\postgres-mvcc.md#2"",""selected_sentence_indices"":[0,1,2,3,4,5],""original_tokens"":93,""optimized_tokens"":93},{""source_id"":""datasets\\raw\\postgres-replication.md#3"",""selected_sentence_indices"":[0,1,2,3,4],""original_tokens"":92,""optimized_tokens"":92}]",threshold,0.85
qt020,PARAPHRASE,threshold-0.85,How can a stream reader go back and process earlier records again?,5,5,3,445,445,0,0.0,1,1,0.2247191011235955,0.08119429997168481,datasets\raw\postgres-replication.md|datasets\raw\postgres-replication.md|datasets\raw\postgres-mvcc.md|datasets\raw\postgres-replication.md|datasets\raw\kafka-overview.md,"[{""source_id"":""datasets\\raw\\postgres-replication.md#1"",""selected_sentence_indices"":[0,1,2,3,4],""original_tokens"":87,""optimized_tokens"":87},{""source_id"":""datasets\\raw\\postgres-replication.md#0"",""selected_sentence_indices"":[0,1,2,3,4],""original_tokens"":83,""optimized_tokens"":83},{""source_id"":""datasets\\raw\\postgres-mvcc.md#2"",""selected_sentence_indices"":[0,1,2,3,4,5],""original_tokens"":93,""optimized_tokens"":93},{""source_id"":""datasets\\raw\\postgres-replication.md#3"",""selected_sentence_indices"":[0,1,2,3,4],""original_tokens"":92,""optimized_tokens"":92},{""source_id"":""datasets\\raw\\kafka-overview.md#2"",""selected_sentence_indices"":[0,1,2,3,4,5],""original_tokens"":90,""optimized_tokens"":90}]",threshold,0.85
qt021,VAGUE,threshold-0.85,Why are old versions not getting cleaned up?,5,4,2,404,313,91,0.22524752475247525,1,2,0.6389776357827476,0.07944550015963614,datasets\raw\postgres-mvcc.md|datasets\raw\postgres-mvcc.md|datasets\raw\postgres-replication.md|datasets\raw\postgres-replication.md,"[{""source_id"":""datasets\\raw\\postgres-mvcc.md#2"",""selected_sentence_indices"":[0,1,2,3,4,5],""original_tokens"":93,""optimized_tokens"":93},{""source_id"":""datasets\\raw\\postgres-mvcc.md#1"",""selected_sentence_indices"":[0,1,2,3,4,5],""original_tokens"":94,""optimized_tokens"":94},{""source_id"":""datasets\\raw\\postgres-replication.md#4"",""selected_sentence_indices"":[0,1],""original_tokens"":34,""optimized_tokens"":34},{""source_id"":""datasets\\raw\\postgres-replication.md#3"",""selected_sentence_indices"":[0,1,2,3,4],""original_tokens"":92,""optimized_tokens"":92}]",threshold,0.85
qt022,VAGUE,threshold-0.85,Why is the replica falling behind?,5,5,2,386,386,0,0.0,1,4,1.0362694300518136,0.08149829995818436,datasets\raw\postgres-replication.md|datasets\raw\postgres-replication.md|datasets\raw\postgres-replication.md|datasets\raw\postgres-replication.md|datasets\raw\kafka-overview.md,"[{""source_id"":""datasets\\raw\\postgres-replication.md#1"",""selected_sentence_indices"":[0,1,2,3,4],""original_tokens"":87,""optimized_tokens"":87},{""source_id"":""datasets\\raw\\postgres-replication.md#3"",""selected_sentence_indices"":[0,1,2,3,4],""original_tokens"":92,""optimized_tokens"":92},{""source_id"":""datasets\\raw\\postgres-replication.md#0"",""selected_sentence_indices"":[0,1,2,3,4],""original_tokens"":83,""optimized_tokens"":83},{""source_id"":""datasets\\raw\\postgres-replication.md#4"",""selected_sentence_indices"":[0,1],""original_tokens"":34,""optimized_tokens"":34},{""source_id"":""datasets\\raw\\kafka-overview.md#2"",""selected_sentence_indices"":[0,1,2,3,4,5],""original_tokens"":90,""optimized_tokens"":90}]",threshold,0.85
qt023,VAGUE,threshold-0.85,Why is my workload still pending?,5,5,2,405,405,0,0.0,1,4,0.9876543209876544,0.08194039994850755,datasets\raw\kubernetes-scheduling.md|datasets\raw\kubernetes-scheduling.md|datasets\raw\kubernetes-scheduling.md|datasets\raw\postgres-replication.md|datasets\raw\kubernetes-scheduling.md,"[{""source_id"":""datasets\\raw\\kubernetes-scheduling.md#0"",""selected_sentence_indices"":[0,1,2,3,4],""original_tokens"":91,""optimized_tokens"":91},{""source_id"":""datasets\\raw\\kubernetes-scheduling.md#1"",""selected_sentence_indices"":[0,1,2,3,4,5,6],""original_tokens"":94,""optimized_tokens"":94},{""source_id"":""datasets\\raw\\kubernetes-scheduling.md#2"",""selected_sentence_indices"":[0,1,2,3,4,5,6],""original_tokens"":96,""optimized_tokens"":96},{""source_id"":""datasets\\raw\\postgres-replication.md#1"",""selected_sentence_indices"":[0,1,2,3,4],""original_tokens"":87,""optimized_tokens"":87},{""source_id"":""datasets\\raw\\kubernetes-scheduling.md#3"",""selected_sentence_indices"":[0,1],""original_tokens"":37,""optimized_tokens"":37}]",threshold,0.85
qt024,VAGUE,threshold-0.85,How can I read the same messages again?,5,4,3,399,308,91,0.22807017543859648,1,2,0.6493506493506493,0.08580709993839264,datasets\raw\kafka-overview.md|datasets\raw\postgres-mvcc.md|datasets\raw\kafka-overview.md|datasets\raw\postgres-replication.md,"[{""source_id"":""datasets\\raw\\kafka-overview.md#2"",""selected_sentence_indices"":[0,1,2,3,4,5],""original_tokens"":90,""optimized_tokens"":90},{""source_id"":""datasets\\raw\\postgres-mvcc.md#1"",""selected_sentence_indices"":[0,1,2,3,4,5],""original_tokens"":94,""optimized_tokens"":94},{""source_id"":""datasets\\raw\\kafka-overview.md#3"",""selected_sentence_indices"":[0,1],""original_tokens"":41,""optimized_tokens"":41},{""source_id"":""datasets\\raw\\postgres-replication.md#0"",""selected_sentence_indices"":[0,1,2,3,4],""original_tokens"":83,""optimized_tokens"":83}]",threshold,0.85
qt025,VAGUE,threshold-0.85,Why is commit slower now?,5,4,2,389,298,91,0.23393316195372751,1,2,0.6711409395973155,0.0799910998903215,datasets\raw\postgres-mvcc.md|datasets\raw\postgres-replication.md|datasets\raw\postgres-mvcc.md|datasets\raw\postgres-replication.md,"[{""source_id"":""datasets\\raw\\postgres-mvcc.md#1"",""selected_sentence_indices"":[0,1,2,3,4,5],""original_tokens"":94,""optimized_tokens"":94},{""source_id"":""datasets\\raw\\postgres-replication.md#1"",""selected_sentence_indices"":[0,1,2,3,4],""original_tokens"":87,""optimized_tokens"":87},{""source_id"":""datasets\\raw\\postgres-mvcc.md#3"",""selected_sentence_indices"":[0],""original_tokens"":26,""optimized_tokens"":26},{""source_id"":""datasets\\raw\\postgres-replication.md#2"",""selected_sentence_indices"":[0,1,2,3,4],""original_tokens"":91,""optimized_tokens"":91}]",threshold,0.85
qt026,VAGUE,threshold-0.85,Why do reads keep changing between statements?,5,4,2,386,295,91,0.23575129533678757,1,2,0.6779661016949152,0.08137560007162392,datasets\raw\postgres-mvcc.md|datasets\raw\postgres-mvcc.md|datasets\raw\postgres-replication.md|datasets\raw\postgres-replication.md,"[{""source_id"":""datasets\\raw\\postgres-mvcc.md#1"",""selected_sentence_indices"":[0,1,2,3,4,5],""original_tokens"":94,""optimized_tokens"":94},{""source_id"":""datasets\\raw\\postgres-mvcc.md#3"",""selected_sentence_indices"":[0],""original_tokens"":26,""optimized_tokens"":26},{""source_id"":""datasets\\raw\\postgres-replication.md#3"",""selected_sentence_indices"":[0,1,2,3,4],""original_tokens"":92,""optimized_tokens"":92},{""source_id"":""datasets\\raw\\postgres-replication.md#0"",""selected_sentence_indices"":[0,1,2,3,4],""original_tokens"":83,""optimized_tokens"":83}]",threshold,0.85
qt027,VAGUE,threshold-0.85,Why won't this workload run on that machine?,5,5,2,405,405,0,0.0,1,4,0.9876543209876544,0.08055839990265667,datasets\raw\kubernetes-scheduling.md|datasets\raw\kubernetes-scheduling.md|datasets\raw\kubernetes-scheduling.md|datasets\raw\kubernetes-scheduling.md|datasets\raw\postgres-replication.md,"[{""source_id"":""datasets\\raw\\kubernetes-scheduling.md#0"",""selected_sentence_indices"":[0,1,2,3,4],""original_tokens"":91,""optimized_tokens"":91},{""source_id"":""datasets\\raw\\kubernetes-scheduling.md#3"",""selected_sentence_indices"":[0,1],""original_tokens"":37,""optimized_tokens"":37},{""source_id"":""datasets\\raw\\kubernetes-scheduling.md#1"",""selected_sentence_indices"":[0,1,2,3,4,5,6],""original_tokens"":94,""optimized_tokens"":94},{""source_id"":""datasets\\raw\\kubernetes-scheduling.md#2"",""selected_sentence_indices"":[0,1,2,3,4,5,6],""original_tokens"":96,""optimized_tokens"":96},{""source_id"":""datasets\\raw\\postgres-replication.md#1"",""selected_sentence_indices"":[0,1,2,3,4],""original_tokens"":87,""optimized_tokens"":87}]",threshold,0.85
qt028,VAGUE,threshold-0.85,Why isn't one reader handling every partition?,5,5,2,405,405,0,0.0,1,4,0.9876543209876544,0.0760820999275893,datasets\raw\kafka-overview.md|datasets\raw\kafka-overview.md|datasets\raw\postgres-mvcc.md|datasets\raw\kafka-overview.md|datasets\raw\kafka-overview.md,"[{""source_id"":""datasets\\raw\\kafka-overview.md#2"",""selected_sentence_indices"":[0,1,2,3,4,5],""original_tokens"":90,""optimized_tokens"":90},{""source_id"":""datasets\\raw\\kafka-overview.md#1"",""selected_sentence_indices"":[0,1,2,3,4,5,6],""original_tokens"":93,""optimized_tokens"":93},{""source_id"":""datasets\\raw\\postgres-mvcc.md#1"",""selected_sentence_indices"":[0,1,2,3,4,5],""original_tokens"":94,""optimized_tokens"":94},{""source_id"":""datasets\\raw\\kafka-overview.md#3"",""selected_sentence_indices"":[0,1],""original_tokens"":41,""optimized_tokens"":41},{""source_id"":""datasets\\raw\\kafka-overview.md#0"",""selected_sentence_indices"":[0,1,2,3,4,5],""original_tokens"":87,""optimized_tokens"":87}]",threshold,0.85
qt029,VAGUE,threshold-0.85,Why is the log filling the disk?,5,5,3,399,399,0,0.0,1,2,0.5012531328320802,0.07816600007936358,datasets\raw\kafka-overview.md|datasets\raw\postgres-mvcc.md|datasets\raw\kafka-overview.md|datasets\raw\postgres-replication.md|datasets\raw\postgres-replication.md,"[{""source_id"":""datasets\\raw\\kafka-overview.md#3"",""selected_sentence_indices"":[0,1],""original_tokens"":41,""optimized_tokens"":41},{""source_id"":""datasets\\raw\\postgres-mvcc.md#2"",""selected_sentence_indices"":[0,1,2,3,4,5],""original_tokens"":93,""optimized_tokens"":93},{""source_id"":""datasets\\raw\\kafka-overview.md#2"",""selected_sentence_indices"":[0,1,2,3,4,5],""original_tokens"":90,""optimized_tokens"":90},{""source_id"":""datasets\\raw\\postgres-replication.md#0"",""selected_sentence_indices"":[0,1,2,3,4],""original_tokens"":83,""optimized_tokens"":83},{""source_id"":""datasets\\raw\\postgres-replication.md#3"",""selected_sentence_indices"":[0,1,2,3,4],""original_tokens"":92,""optimized_tokens"":92}]",threshold,0.85
qt030,VAGUE,threshold-0.85,Who actually starts the containers?,5,5,2,411,411,0,0.0,1,4,0.97323600973236,0.08001730008982122,datasets\raw\kubernetes-scheduling.md|datasets\raw\kubernetes-scheduling.md|datasets\raw\kubernetes-scheduling.md|datasets\raw\kubernetes-scheduling.md|datasets\raw\kafka-overview.md,"[{""source_id"":""datasets\\raw\\kubernetes-scheduling.md#3"",""selected_sentence_indices"":[0,1],""original_tokens"":37,""optimized_tokens"":37},{""source_id"":""datasets\\raw\\kubernetes-scheduling.md#2"",""selected_sentence_indices"":[0,1,2,3,4,5,6],""original_tokens"":96,""optimized_tokens"":96},{""source_id"":""datasets\\raw\\kubernetes-scheduling.md#0"",""selected_sentence_indices"":[0,1,2,3,4],""original_tokens"":91,""optimized_tokens"":91},{""source_id"":""datasets\\raw\\kubernetes-scheduling.md#1"",""selected_sentence_indices"":[0,1,2,3,4,5,6],""original_tokens"":94,""optimized_tokens"":94},{""source_id"":""datasets\\raw\\kafka-overview.md#1"",""selected_sentence_indices"":[0,1,2,3,4,5,6],""original_tokens"":93,""optimized_tokens"":93}]",threshold,0.85
qt031,EXACT_IDENTIFIER,threshold-0.85,What does WAL do in PostgreSQL streaming replication?,5,5,2,381,381,0,0.0,1,3,0.7874015748031495,0.08185070008039474,datasets\raw\postgres-replication.md|datasets\raw\postgres-replication.md|datasets\raw\postgres-replication.md|datasets\raw\postgres-mvcc.md|datasets\raw\postgres-mvcc.md,"[{""source_id"":""datasets\\raw\\postgres-replication.md#0"",""selected_sentence_indices"":[0,1,2,3,4],""original_tokens"":83,""optimized_tokens"":83},{""source_id"":""datasets\\raw\\postgres-replication.md#1"",""selected_sentence_indices"":[0,1,2,3,4],""original_tokens"":87,""optimized_tokens"":87},{""source_id"":""datasets\\raw\\postgres-replication.md#3"",""selected_sentence_indices"":[0,1,2,3,4],""original_tokens"":92,""optimized_tokens"":92},{""source_id"":""datasets\\raw\\postgres-mvcc.md#3"",""selected_sentence_indices"":[0],""original_tokens"":26,""optimized_tokens"":26},{""source_id"":""datasets\\raw\\postgres-mvcc.md#2"",""selected_sentence_indices"":[0,1,2,3,4,5],""original_tokens"":93,""optimized_tokens"":93}]",threshold,0.85
qt032,EXACT_IDENTIFIER,threshold-0.85,What does MVCC provide in PostgreSQL?,5,4,2,387,293,94,0.24289405684754523,1,3,1.023890784982935,0.077880899887532,datasets\raw\postgres-mvcc.md|datasets\raw\postgres-mvcc.md|datasets\raw\postgres-mvcc.md|datasets\raw\postgres-replication.md,"[{""source_id"":""datasets\\raw\\postgres-mvcc.md#3"",""selected_sentence_indices"":[0],""original_tokens"":26,""optimized_tokens"":26},{""source_id"":""datasets\\raw\\postgres-mvcc.md#0"",""selected_sentence_indices"":[0,1,2,3,4],""original_tokens"":91,""optimized_tokens"":91},{""source_id"":""datasets\\raw\\postgres-mvcc.md#2"",""selected_sentence_indices"":[0,1,2,3,4,5],""original_tokens"":93,""optimized_tokens"":93},{""source_id"":""datasets\\raw\\postgres-replication.md#0"",""selected_sentence_indices"":[0,1,2,3,4],""original_tokens"":83,""optimized_tokens"":83}]",threshold,0.85
qt033,EXACT_IDENTIFIER,threshold-0.85,What does VACUUM do with obsolete row versions?,5,4,2,404,313,91,0.22524752475247525,1,2,0.6389776357827476,0.08024829998612404,datasets\raw\postgres-mvcc.md|datasets\raw\postgres-mvcc.md|datasets\raw\postgres-replication.md|datasets\raw\postgres-replication.md,"[{""source_id"":""datasets\\raw\\postgres-mvcc.md#2"",""selected_sentence_indices"":[0,1,2,3,4,5],""original_tokens"":93,""optimized_tokens"":93},{""source_id"":""datasets\\raw\\postgres-mvcc.md#1"",""selected_sentence_indices"":[0,1,2,3,4,5],""original_tokens"":94,""optimized_tokens"":94},{""source_id"":""datasets\\raw\\postgres-replication.md#4"",""selected_sentence_indices"":[0,1],""original_tokens"":34,""optimized_tokens"":34},{""source_id"":""datasets\\raw\\postgres-replication.md#3"",""selected_sentence_indices"":[0,1,2,3,4],""original_tokens"":92,""optimized_tokens"":92}]",threshold,0.85
qt034,EXACT_IDENTIFIER,threshold-0.85,How does Read Committed choose snapshots?,5,4,3,445,351,94,0.21123595505617979,1,1,0.2849002849002849,0.07846549991518259,datasets\raw\postgres-mvcc.md|datasets\raw\postgres-replication.md|datasets\raw\kafka-overview.md|datasets\raw\postgres-replication.md,"[{""source_id"":""datasets\\raw\\postgres-mvcc.md#0"",""selected_sentence_indices"":[0,1,2,3,4],""original_tokens"":91,""optimized_tokens"":91},{""source_id"":""datasets\\raw\\postgres-replication.md#1"",""selected_sentence_indices"":[0,1,2,3,4],""original_tokens"":87,""optimized_tokens"":87},{""source_id"":""datasets\\raw\\kafka-overview.md#2"",""selected_sentence_indices"":[0,1,2,3,4,5],""original_tokens"":90,""optimized_tokens"":90},{""source_id"":""datasets\\raw\\postgres-replication.md#0"",""selected_sentence_indices"":[0,1,2,3,4],""original_tokens"":83,""optimized_tokens"":83}]",threshold,0.85
qt035,EXACT_IDENTIFIER,threshold-0.85,How does Repeatable Read use a snapshot?,5,4,3,450,359,91,0.20222222222222222,1,1,0.2785515320334262,0.07806979981251061,datasets\raw\postgres-mvcc.md|datasets\raw\postgres-replication.md|datasets\raw\kafka-overview.md|datasets\raw\postgres-replication.md,"[{""source_id"":""datasets\\raw\\postgres-mvcc.md#1"",""selected_sentence_indices"":[0,1,2,3,4,5],""original_tokens"":94,""optimized_tokens"":94},{""source_id"":""datasets\\raw\\postgres-replication.md#0"",""selected_sentence_indices"":[0,1,2,3,4],""original_tokens"":83,""optimized_tokens"":83},{""source_id"":""datasets\\raw\\kafka-overview.md#2"",""selected_sentence_indices"":[0,1,2,3,4,5],""original_tokens"":90,""optimized_tokens"":90},{""source_id"":""datasets\\raw\\postgres-replication.md#3"",""selected_sentence_indices"":[0,1,2,3,4],""original_tokens"":92,""optimized_tokens"":92}]",threshold,0.85
qt036,EXACT_IDENTIFIER,threshold-0.85,What does node affinity do for a Pod?,5,5,2,411,411,0,0.0,1,4,0.97323600973236,0.08237459999509156,datasets\raw\kubernetes-scheduling.md|datasets\raw\kubernetes-scheduling.md|datasets\raw\kubernetes-scheduling.md|datasets\raw\kubernetes-scheduling.md|datasets\raw\kafka-overview.md,"[{""source_id"":""datasets\\raw\\kubernetes-scheduling.md#2"",""selected_sentence_indices"":[0,1,2,3,4,5,6],""original_tokens"":96,""optimized_tokens"":96},{""source_id"":""datasets\\raw\\kubernetes-scheduling.md#0"",""selected_sentence_indices"":[0,1,2,3,4],""original_tokens"":91,""optimized_tokens"":91},{""source_id"":""datasets\\raw\\kubernetes-scheduling.md#3"",""selected_sentence_indices"":[0,1],""original_tokens"":37,""optimized_tokens"":37},{""source_id"":""datasets\\raw\\kubernetes-scheduling.md#1"",""selected_sentence_indices"":[0,1,2,3,4,5,6],""original_tokens"":94,""optimized_tokens"":94},{""source_id"":""datasets\\raw\\kafka-overview.md#1"",""selected_sentence_indices"":[0,1,2,3,4,5,6],""original_tokens"":93,""optimized_tokens"":93}]",threshold,0.85
qt037,EXACT_IDENTIFIER,threshold-0.85,What does kubelet do after Pod binding?,5,5,2,355,355,0,0.0,1,3,0.8450704225352114,0.08274889993481338,datasets\raw\kubernetes-scheduling.md|datasets\raw\kubernetes-scheduling.md|datasets\raw\kubernetes-scheduling.md|datasets\raw\kafka-overview.md|datasets\raw\kafka-overview.md,"[{""source_id"":""datasets\\raw\\kubernetes-scheduling.md#2"",""selected_sentence_indices"":[0,1,2,3,4,5,6],""original_tokens"":96,""optimized_tokens"":96},{""source_id"":""datasets\\raw\\kubernetes-scheduling.md#3"",""selected_sentence_indices"":[0,1],""original_tokens"":37,""optimized_tokens"":37},{""source_id"":""datasets\\raw\\kubernetes-scheduling.md#0"",""selected_sentence_indices"":[0,1,2,3,4],""original_tokens"":91,""optimized_tokens"":91},{""source_id"":""datasets\\raw\\kafka-overview.md#3"",""selected_sentence_indices"":[0,1],""original_tokens"":41,""optimized_tokens"":41},{""source_id"":""datasets\\raw\\kafka-overview.md#2"",""selected_sentence_indices"":[0,1,2,3,4,5],""original_tokens"":90,""optimized_tokens"":90}]",threshold,0.85
qt038,EXACT_IDENTIFIER,threshold-0.85,What is a Kafka topic partition?,5,5,2,345,345,0,0.0,1,4,1.1594202898550725,0.07909630006179214,datasets\raw\kafka-overview.md|datasets\raw\kafka-overview.md|datasets\raw\kafka-overview.md|datasets\raw\kafka-overview.md|datasets\raw\postgres-replication.md,"[{""source_id"":""datasets\\raw\\kafka-overview.md#0"",""selected_sentence_indices"":[0,1,2,3,4,5],""original_tokens"":87,""optimized_tokens"":87},{""source_id"":""datasets\\raw\\kafka-overview.md#1"",""selected_sentence_indices"":[0,1,2,3,4,5,6],""original_tokens"":93,""optimized_tokens"":93},{""source_id"":""datasets\\raw\\kafka-overview.md#2"",""selected_sentence_indices"":[0,1,2,3,4,5],""original_tokens"":90,""optimized_tokens"":90},{""source_id"":""datasets\\raw\\kafka-overview.md#3"",""selected_sentence_indices"":[0,1],""original_tokens"":41,""optimized_tokens"":41},{""source_id"":""datasets\\raw\\postgres-replication.md#4"",""selected_sentence_indices"":[0,1],""original_tokens"":34,""optimized_tokens"":34}]",threshold,0.85
qt039,EXACT_IDENTIFIER,threshold-0.85,What does a Kafka consumer group do?,5,5,2,404,404,0,0.0,1,4,0.9900990099009901,0.07941679982468486,datasets\raw\kafka-overview.md|datasets\raw\kafka-overview.md|datasets\raw\kafka-overview.md|datasets\raw\kafka-overview.md|datasets\raw\postgres-mvcc.md,"[{""source_id"":""datasets\\raw\\kafka-overview.md#1"",""selected_sentence_indices"":[0,1,2,3,4,5,6],""original_tokens"":93,""optimized_tokens"":93},{""source_id"":""datasets\\raw\\kafka-overview.md#2"",""selected_sentence_indices"":[0,1,2,3,4,5],""original_tokens"":90,""optimized_tokens"":90},{""source_id"":""datasets\\raw\\kafka-overview.md#0"",""selected_sentence_indices"":[0,1,2,3,4,5],""original_tokens"":87,""optimized_tokens"":87},{""source_id"":""datasets\\raw\\kafka-overview.md#3"",""selected_sentence_indices"":[0,1],""original_tokens"":41,""optimized_tokens"":41},{""source_id"":""datasets\\raw\\postgres-mvcc.md#2"",""selected_sentence_indices"":[0,1,2,3,4,5],""original_tokens"":93,""optimized_tokens"":93}]",threshold,0.85
qt040,EXACT_IDENTIFIER,threshold-0.85,What is a replication slot?,5,5,2,386,386,0,0.0,1,4,1.0362694300518136,0.08103360002860427,datasets\raw\postgres-replication.md|datasets\raw\postgres-replication.md|datasets\raw\postgres-replication.md|datasets\raw\postgres-replication.md|datasets\raw\kafka-overview.md,"[{""source_id"":""datasets\\raw\\postgres-replication.md#3"",""selected_sentence_indices"":[0,1,2,3,4],""original_tokens"":92,""optimized_tokens"":92},{""source_id"":""datasets\\raw\\postgres-replication.md#0"",""selected_sentence_indices"":[0,1,2,3,4],""original_tokens"":83,""optimized_tokens"":83},{""source_id"":""datasets\\raw\\postgres-replication.md#4"",""selected_sentence_indices"":[0,1],""original_tokens"":34,""optimized_tokens"":34},{""source_id"":""datasets\\raw\\postgres-replication.md#1"",""selected_sentence_indices"":[0,1,2,3,4],""original_tokens"":87,""optimized_tokens"":87},{""source_id"":""datasets\\raw\\kafka-overview.md#2"",""selected_sentence_indices"":[0,1,2,3,4,5],""original_tokens"":90,""optimized_tokens"":90}]",threshold,0.85
qt041,MULTI_PART,threshold-0.85,"How does streaming replication work, and what can happen if an asynchronous standby has not received the latest WAL?",5,5,2,379,379,0,0.0,1,4,1.0554089709762533,0.08589669992215931,datasets\raw\postgres-replication.md|datasets\raw\postgres-replication.md|datasets\raw\postgres-replication.md|datasets\raw\postgres-mvcc.md|datasets\raw\postgres-replication.md,"[{""source_id"":""datasets\\raw\\postgres-replication.md#1"",""selected_sentence_indices"":[0,1,2,3,4],""original_tokens"":87,""optimized_tokens"":87},{""source_id"":""datasets\\raw\\postgres-replication.md#0"",""selected_sentence_indices"":[0,1,2,3,4],""original_tokens"":83,""optimized_tokens"":83},{""source_id"":""datasets\\raw\\postgres-replication.md#3"",""selected_sentence_indices"":[0,1,2,3,4],""original_tokens"":92,""optimized_tokens"":92},{""source_id"":""datasets\\raw\\postgres-mvcc.md#3"",""selected_sentence_indices"":[0],""original_tokens"":26,""optimized_tokens"":26},{""source_id"":""datasets\\raw\\postgres-replication.md#2"",""selected_sentence_indices"":[0,1,2,3,4],""original_tokens"":91,""optimized_tokens"":91}]",threshold,0.85
qt042,MULTI_PART,threshold-0.85,"How do snapshots provide MVCC visibility, and how does VACUUM reclaim obsolete versions?",5,4,2,396,302,94,0.23737373737373738,1,3,0.9933774834437086,0.08031639992259443,datasets\raw\postgres-mvcc.md|datasets\raw\postgres-mvcc.md|datasets\raw\postgres-mvcc.md|datasets\raw\postgres-replication.md,"[{""source_id"":""datasets\\raw\\postgres-mvcc.md#2"",""selected_sentence_indices"":[0,1,2,3,4,5],""original_tokens"":93,""optimized_tokens"":93},{""source_id"":""datasets\\raw\\postgres-mvcc.md#0"",""selected_sentence_indices"":[0,1,2,3,4],""original_tokens"":91,""optimized_tokens"":91},{""source_id"":""datasets\\raw\\postgres-mvcc.md#3"",""selected_sentence_indices"":[0],""original_tokens"":26,""optimized_tokens"":26},{""source_id"":""datasets\\raw\\postgres-replication.md#3"",""selected_sentence_indices"":[0,1,2,3,4],""original_tokens"":92,""optimized_tokens"":92}]",threshold,0.85
qt043,MULTI_PART,threshold-0.85,"How does Kubernetes filter and score nodes, and what happens after a Pod is bound?",5,5,2,411,411,0,0.0,1,4,0.97323600973236,0.0834195998031646,datasets\raw\kubernetes-scheduling.md|datasets\raw\kubernetes-scheduling.md|datasets\raw\kubernetes-scheduling.md|datasets\raw\kubernetes-scheduling.md|datasets\raw\kafka-overview.md,"[{""source_id"":""datasets\\raw\\kubernetes-scheduling.md#0"",""selected_sentence_indices"":[0,1,2,3,4],""original_tokens"":91,""optimized_tokens"":91},{""source_id"":""datasets\\raw\\kubernetes-scheduling.md#2"",""selected_sentence_indices"":[0,1,2,3,4,5,6],""original_tokens"":96,""optimized_tokens"":96},{""source_id"":""datasets\\raw\\kubernetes-scheduling.md#3"",""selected_sentence_indices"":[0,1],""original_tokens"":37,""optimized_tokens"":37},{""source_id"":""datasets\\raw\\kubernetes-scheduling.md#1"",""selected_sentence_indices"":[0,1,2,3,4,5,6],""original_tokens"":94,""optimized_tokens"":94},{""source_id"":""datasets\\raw\\kafka-overview.md#1"",""selected_sentence_indices"":[0,1,2,3,4,5,6],""original_tokens"":93,""optimized_tokens"":93}]",threshold,0.85
qt044,MULTI_PART,threshold-0.85,"How do Kafka partitions enable parallelism, and how are they replicated across brokers?",5,5,2,345,345,0,0.0,1,4,1.1594202898550725,0.08159019984304905,datasets\raw\kafka-overview.md|datasets\raw\kafka-overview.md|datasets\raw\kafka-overview.md|datasets\raw\kafka-overview.md|datasets\raw\postgres-replication.md,"[{""source_id"":""datasets\\raw\\kafka-overview.md#1"",""selected_sentence_indices"":[0,1,2,3,4,5,6],""original_tokens"":93,""optimized_tokens"":93},{""source_id"":""datasets\\raw\\kafka-overview.md#2"",""selected_sentence_indices"":[0,1,2,3,4,5],""original_tokens"":90,""optimized_tokens"":90},{""source_id"":""datasets\\raw\\kafka-overview.md#0"",""selected_sentence_indices"":[0,1,2,3,4,5],""original_tokens"":87,""optimized_tokens"":87},{""source_id"":""datasets\\raw\\kafka-overview.md#3"",""selected_sentence_indices"":[0,1],""original_tokens"":41,""optimized_tokens"":41},{""source_id"":""datasets\\raw\\postgres-replication.md#4"",""selected_sentence_indices"":[0,1],""original_tokens"":34,""optimized_tokens"":34}]",threshold,0.85
qt045,MULTI_PART,threshold-0.85,"What improves with synchronous replication, and why can commit latency increase?",5,5,2,386,386,0,0.0,1,4,1.0362694300518136,0.07982990005984902,datasets\raw\postgres-replication.md|datasets\raw\postgres-replication.md|datasets\raw\postgres-replication.md|datasets\raw\kafka-overview.md|datasets\raw\postgres-replication.md,"[{""source_id"":""datasets\\raw\\postgres-replication.md#1"",""selected_sentence_indices"":[0,1,2,3,4],""original_tokens"":87,""optimized_tokens"":87},{""source_id"":""datasets\\raw\\postgres-replication.md#3"",""selected_sentence_indices"":[0,1,2,3,4],""original_tokens"":92,""optimized_tokens"":92},{""source_id"":""datasets\\raw\\postgres-replication.md#0"",""selected_sentence_indices"":[0,1,2,3,4],""original_tokens"":83,""optimized_tokens"":83},{""source_id"":""datasets\\raw\\kafka-overview.md#2"",""selected_sentence_indices"":[0,1,2,3,4,5],""original_tokens"":90,""optimized_tokens"":90},{""source_id"":""datasets\\raw\\postgres-replication.md#4"",""selected_sentence_indices"":[0,1],""original_tokens"":34,""optimized_tokens"":34}]",threshold,0.85
qt046,MULTI_PART,threshold-0.85,"Why do readers usually avoid blocking writers, and when are row locks still used?",5,4,3,454,363,91,0.20044052863436124,1,1,0.27548209366391185,0.07885390007868409,datasets\raw\postgres-mvcc.md|datasets\raw\postgres-replication.md|datasets\raw\kafka-overview.md|datasets\raw\postgres-replication.md,"[{""source_id"":""datasets\\raw\\postgres-mvcc.md#1"",""selected_sentence_indices"":[0,1,2,3,4,5],""original_tokens"":94,""optimized_tokens"":94},{""source_id"":""datasets\\raw\\postgres-replication.md#3"",""selected_sentence_indices"":[0,1,2,3,4],""original_tokens"":92,""optimized_tokens"":92},{""source_id"":""datasets\\raw\\kafka-overview.md#2"",""selected_sentence_indices"":[0,1,2,3,4,5],""original_tokens"":90,""optimized_tokens"":90},{""source_id"":""datasets\\raw\\postgres-replication.md#1"",""selected_sentence_indices"":[0,1,2,3,4],""original_tokens"":87,""optimized_tokens"":87}]",threshold,0.85
qt047,MULTI_PART,threshold-0.85,"How do taints, tolerations, and node affinity jointly influence Pod placement?",5,5,2,408,408,0,0.0,1,4,0.9803921568627451,0.08094489993527532,datasets\raw\kubernetes-scheduling.md|datasets\raw\kubernetes-scheduling.md|datasets\raw\kubernetes-scheduling.md|datasets\raw\kubernetes-scheduling.md|datasets\raw\kafka-overview.md,"[{""source_id"":""datasets\\raw\\kubernetes-scheduling.md#2"",""selected_sentence_indices"":[0,1,2,3,4,5,6],""original_tokens"":96,""optimized_tokens"":96},{""source_id"":""datasets\\raw\\kubernetes-scheduling.md#0"",""selected_sentence_indices"":[0,1,2,3,4],""original_tokens"":91,""optimized_tokens"":91},{""source_id"":""datasets\\raw\\kubernetes-scheduling.md#1"",""selected_sentence_indices"":[0,1,2,3,4,5,6],""original_tokens"":94,""optimized_tokens"":94},{""source_id"":""datasets\\raw\\kubernetes-scheduling.md#3"",""selected_sentence_indices"":[0,1],""original_tokens"":37,""optimized_tokens"":37},{""source_id"":""datasets\\raw\\kafka-overview.md#2"",""selected_sentence_indices"":[0,1,2,3,4,5],""original_tokens"":90,""optimized_tokens"":90}]",threshold,0.85
qt048,MULTI_PART,threshold-0.85,"How do consumer groups distribute partitions, and how can consumers replay old events?",5,5,2,403,403,0,0.0,1,4,0.9925558312655086,0.08042090013623238,datasets\raw\kafka-overview.md|datasets\raw\kafka-overview.md|datasets\raw\kafka-overview.md|datasets\raw\kafka-overview.md|datasets\raw\postgres-replication.md,"[{""source_id"":""datasets\\raw\\kafka-overview.md#2"",""selected_sentence_indices"":[0,1,2,3,4,5],""original_tokens"":90,""optimized_tokens"":90},{""source_id"":""datasets\\raw\\kafka-overview.md#1"",""selected_sentence_indices"":[0,1,2,3,4,5,6],""original_tokens"":93,""optimized_tokens"":93},{""source_id"":""datasets\\raw\\kafka-overview.md#3"",""selected_sentence_indices"":[0,1],""original_tokens"":41,""optimized_tokens"":41},{""source_id"":""datasets\\raw\\kafka-overview.md#0"",""selected_sentence_indices"":[0,1,2,3,4,5],""original_tokens"":87,""optimized_tokens"":87},{""source_id"":""datasets\\raw\\postgres-replication.md#3"",""selected_sentence_indices"":[0,1,2,3,4],""original_tokens"":92,""optimized_tokens"":92}]",threshold,0.85
qt049,MULTI_PART,threshold-0.85,"How is a standby promoted, and why is external failover orchestration often used?",5,5,2,394,394,0,0.0,1,4,1.015228426395939,0.08098870003595948,datasets\raw\postgres-replication.md|datasets\raw\postgres-replication.md|datasets\raw\postgres-replication.md|datasets\raw\postgres-replication.md|datasets\raw\kafka-overview.md,"[{""source_id"":""datasets\\raw\\postgres-replication.md#2"",""selected_sentence_indices"":[0,1,2,3,4],""original_tokens"":91,""optimized_tokens"":91},{""source_id"":""datasets\\raw\\postgres-replication.md#3"",""selected_sentence_indices"":[0,1,2,3,4],""original_tokens"":92,""optimized_tokens"":92},{""source_id"":""datasets\\raw\\postgres-replication.md#1"",""selected_sentence_indices"":[0,1,2,3,4],""original_tokens"":87,""optimized_tokens"":87},{""source_id"":""datasets\\raw\\postgres-replication.md#0"",""selected_sentence_indices"":[0,1,2,3,4],""original_tokens"":83,""optimized_tokens"":83},{""source_id"":""datasets\\raw\\kafka-overview.md#3"",""selected_sentence_indices"":[0,1],""original_tokens"":41,""optimized_tokens"":41}]",threshold,0.85
qt050,MULTI_PART,threshold-0.85,"How do resource requests affect scheduling, and how are they different from limits?",5,5,2,408,408,0,0.0,1,4,0.9803921568627451,0.08270530006848276,datasets\raw\kubernetes-scheduling.md|datasets\raw\kubernetes-scheduling.md|datasets\raw\kubernetes-scheduling.md|datasets\raw\kubernetes-scheduling.md|datasets\raw\kafka-overview.md,"[{""source_id"":""datasets\\raw\\kubernetes-scheduling.md#1"",""selected_sentence_indices"":[0,1,2,3,4,5,6],""original_tokens"":94,""optimized_tokens"":94},{""source_id"":""datasets\\raw\\kubernetes-scheduling.md#2"",""selected_sentence_indices"":[0,1,2,3,4,5,6],""original_tokens"":96,""optimized_tokens"":96},{""source_id"":""datasets\\raw\\kubernetes-scheduling.md#0"",""selected_sentence_indices"":[0,1,2,3,4],""original_tokens"":91,""optimized_tokens"":91},{""source_id"":""datasets\\raw\\kubernetes-scheduling.md#3"",""selected_sentence_indices"":[0,1],""original_tokens"":37,""optimized_tokens"":37},{""source_id"":""datasets\\raw\\kafka-overview.md#2"",""selected_sentence_indices"":[0,1,2,3,4,5],""original_tokens"":90,""optimized_tokens"":90}]",threshold,0.85
qt001,DIRECT,threshold-0.90,How does PostgreSQL streaming replication work?,5,5,2,389,389,0,0.0,1,4,1.0282776349614395,0.07816409994848073,datasets\raw\postgres-replication.md|datasets\raw\postgres-replication.md|datasets\raw\postgres-replication.md|datasets\raw\postgres-replication.md|datasets\raw\postgres-mvcc.md,"[{""source_id"":""datasets\\raw\\postgres-replication.md#0"",""selected_sentence_indices"":[0,1,2,3,4],""original_tokens"":83,""optimized_tokens"":83},{""source_id"":""datasets\\raw\\postgres-replication.md#1"",""selected_sentence_indices"":[0,1,2,3,4],""original_tokens"":87,""optimized_tokens"":87},{""source_id"":""datasets\\raw\\postgres-replication.md#3"",""selected_sentence_indices"":[0,1,2,3,4],""original_tokens"":92,""optimized_tokens"":92},{""source_id"":""datasets\\raw\\postgres-replication.md#4"",""selected_sentence_indices"":[0,1],""original_tokens"":34,""optimized_tokens"":34},{""source_id"":""datasets\\raw\\postgres-mvcc.md#2"",""selected_sentence_indices"":[0,1,2,3,4,5],""original_tokens"":93,""optimized_tokens"":93}]",threshold,0.9
qt002,DIRECT,threshold-0.90,How does PostgreSQL MVCC determine row visibility?,5,5,2,396,396,0,0.0,1,4,1.0101010101010102,0.08256500004790723,datasets\raw\postgres-mvcc.md|datasets\raw\postgres-mvcc.md|datasets\raw\postgres-mvcc.md|datasets\raw\postgres-mvcc.md|datasets\raw\postgres-replication.md,"[{""source_id"":""datasets\\raw\\postgres-mvcc.md#1"",""selected_sentence_indices"":[0,1,2,3,4,5],""original_tokens"":94,""optimized_tokens"":94},{""source_id"":""datasets\\raw\\postgres-mvcc.md#0"",""selected_sentence_indices"":[0,1,2,3,4],""original_tokens"":91,""optimized_tokens"":91},{""source_id"":""datasets\\raw\\postgres-mvcc.md#3"",""selected_sentence_indices"":[0],""original_tokens"":26,""optimized_tokens"":26},{""source_id"":""datasets\\raw\\postgres-mvcc.md#2"",""selected_sentence_indices"":[0,1,2,3,4,5],""original_tokens"":93,""optimized_tokens"":93},{""source_id"":""datasets\\raw\\postgres-replication.md#3"",""selected_sentence_indices"":[0,1,2,3,4],""original_tokens"":92,""optimized_tokens"":92}]",threshold,0.9
qt003,DIRECT,threshold-0.90,How does Kubernetes select a node for a Pod?,5,5,2,411,411,0,0.0,1,4,0.97323600973236,0.07974010007455945,datasets\raw\kubernetes-scheduling.md|datasets\raw\kubernetes-scheduling.md|datasets\raw\kubernetes-scheduling.md|datasets\raw\kubernetes-scheduling.md|datasets\raw\kafka-overview.md,"[{""source_id"":""datasets\\raw\\kubernetes-scheduling.md#0"",""selected_sentence_indices"":[0,1,2,3,4],""original_tokens"":91,""optimized_tokens"":91},{""source_id"":""datasets\\raw\\kubernetes-scheduling.md#2"",""selected_sentence_indices"":[0,1,2,3,4,5,6],""original_tokens"":96,""optimized_tokens"":96},{""source_id"":""datasets\\raw\\kubernetes-scheduling.md#3"",""selected_sentence_indices"":[0,1],""original_tokens"":37,""optimized_tokens"":37},{""source_id"":""datasets\\raw\\kubernetes-scheduling.md#1"",""selected_sentence_indices"":[0,1,2,3,4,5,6],""original_tokens"":94,""optimized_tokens"":94},{""source_id"":""datasets\\raw\\kafka-overview.md#1"",""selected_sentence_indices"":[0,1,2,3,4,5,6],""original_tokens"":93,""optimized_tokens"":93}]",threshold,0.9
qt004,DIRECT,threshold-0.90,What is Apache Kafka used for?,5,5,2,404,404,0,0.0,1,4,0.9900990099009901,0.07997389999218285,datasets\raw\kafka-overview.md|datasets\raw\kafka-overview.md|datasets\raw\kafka-overview.md|datasets\raw\kafka-overview.md|datasets\raw\postgres-mvcc.md,"[{""source_id"":""datasets\\raw\\kafka-overview.md#0"",""selected_sentence_indices"":[0,1,2,3,4,5],""original_tokens"":87,""optimized_tokens"":87},{""source_id"":""datasets\\raw\\kafka-overview.md#1"",""selected_sentence_indices"":[0,1,2,3,4,5,6],""original_tokens"":93,""optimized_tokens"":93},{""source_id"":""datasets\\raw\\kafka-overview.md#3"",""selected_sentence_indices"":[0,1],""original_tokens"":41,""optimized_tokens"":41},{""source_id"":""datasets\\raw\\kafka-overview.md#2"",""selected_sentence_indices"":[0,1,2,3,4,5],""original_tokens"":90,""optimized_tokens"":90},{""source_id"":""datasets\\raw\\postgres-mvcc.md#2"",""selected_sentence_indices"":[0,1,2,3,4,5],""original_tokens"":93,""optimized_tokens"":93}]",threshold,0.9
qt005,DIRECT,threshold-0.90,What trade-off does synchronous PostgreSQL replication make?,5,5,2,322,322,0,0.0,1,4,1.2422360248447204,0.08452860009856522,datasets\raw\postgres-replication.md|datasets\raw\postgres-replication.md|datasets\raw\postgres-replication.md|datasets\raw\postgres-replication.md|datasets\raw\postgres-mvcc.md,"[{""source_id"":""datasets\\raw\\postgres-replication.md#3"",""selected_sentence_indices"":[0,1,2,3,4],""original_tokens"":92,""optimized_tokens"":92},{""source_id"":""datasets\\raw\\postgres-replication.md#0"",""selected_sentence_indices"":[0,1,2,3,4],""original_tokens"":83,""optimized_tokens"":83},{""source_id"":""datasets\\raw\\postgres-replication.md#1"",""selected_sentence_indices"":[0,1,2,3,4],""original_tokens"":87,""optimized_tokens"":87},{""source_id"":""datasets\\raw\\postgres-replication.md#4"",""selected_sentence_indices"":[0,1],""original_tokens"":34,""optimized_tokens"":34},{""source_id"":""datasets\\raw\\postgres-mvcc.md#3"",""selected_sentence_indices"":[0],""original_tokens"":26,""optimized_tokens"":26}]",threshold,0.9
qt006,DIRECT,threshold-0.90,What does PostgreSQL VACUUM do?,5,5,2,385,385,0,0.0,1,3,0.7792207792207793,0.0833524998743087,datasets\raw\postgres-mvcc.md|datasets\raw\postgres-mvcc.md|datasets\raw\postgres-replication.md|datasets\raw\postgres-replication.md|datasets\raw\postgres-mvcc.md,"[{""source_id"":""datasets\\raw\\postgres-mvcc.md#2"",""selected_sentence_indices"":[0,1,2,3,4,5],""original_tokens"":93,""optimized_tokens"":93},{""source_id"":""datasets\\raw\\postgres-mvcc.md#0"",""selected_sentence_indices"":[0,1,2,3,4],""original_tokens"":91,""optimized_tokens"":91},{""source_id"":""datasets\\raw\\postgres-replication.md#3"",""selected_sentence_indices"":[0,1,2,3,4],""original_tokens"":92,""optimized_tokens"":92},{""source_id"":""datasets\\raw\\postgres-replication.md#0"",""selected_sentence_indices"":[0,1,2,3,4],""original_tokens"":83,""optimized_tokens"":83},{""source_id"":""datasets\\raw\\postgres-mvcc.md#3"",""selected_sentence_indices"":[0],""original_tokens"":26,""optimized_tokens"":26}]",threshold,0.9
qt007,DIRECT,threshold-0.90,How do Kubernetes taints and tolerations affect scheduling?,5,5,2,408,408,0,0.0,1,4,0.9803921568627451,0.09329369990155101,datasets\raw\kubernetes-scheduling.md|datasets\raw\kubernetes-scheduling.md|datasets\raw\kubernetes-scheduling.md|datasets\raw\kubernetes-scheduling.md|datasets\raw\kafka-overview.md,"[{""source_id"":""datasets\\raw\\kubernetes-scheduling.md#2"",""selected_sentence_indices"":[0,1,2,3,4,5,6],""original_tokens"":96,""optimized_tokens"":96},{""source_id"":""datasets\\raw\\kubernetes-scheduling.md#0"",""selected_sentence_indices"":[0,1,2,3,4],""original_tokens"":91,""optimized_tokens"":91},{""source_id"":""datasets\\raw\\kubernetes-scheduling.md#3"",""selected_sentence_indices"":[0,1],""original_tokens"":37,""optimized_tokens"":37},{""source_id"":""datasets\\raw\\kubernetes-scheduling.md#1"",""selected_sentence_indices"":[0,1,2,3,4,5,6],""original_tokens"":94,""optimized_tokens"":94},{""source_id"":""datasets\\raw\\kafka-overview.md#2"",""selected_sentence_indices"":[0,1,2,3,4,5],""original_tokens"":90,""optimized_tokens"":90}]",threshold,0.9
qt008,DIRECT,threshold-0.90,How do Kafka consumer groups divide work?,5,5,2,403,403,0,0.0,1,4,0.9925558312655086,0.0955020000692457,datasets\raw\kafka-overview.md|datasets\raw\kafka-overview.md|datasets\raw\kafka-overview.md|datasets\raw\kafka-overview.md|datasets\raw\postgres-replication.md,"[{""source_id"":""datasets\\raw\\kafka-overview.md#1"",""selected_sentence_indices"":[0,1,2,3,4,5,6],""original_tokens"":93,""optimized_tokens"":93},{""source_id"":""datasets\\raw\\kafka-overview.md#2"",""selected_sentence_indices"":[0,1,2,3,4,5],""original_tokens"":90,""optimized_tokens"":90},{""source_id"":""datasets\\raw\\kafka-overview.md#0"",""selected_sentence_indices"":[0,1,2,3,4,5],""original_tokens"":87,""optimized_tokens"":87},{""source_id"":""datasets\\raw\\kafka-overview.md#3"",""selected_sentence_indices"":[0,1],""original_tokens"":41,""optimized_tokens"":41},{""source_id"":""datasets\\raw\\postgres-replication.md#3"",""selected_sentence_indices"":[0,1,2,3,4],""original_tokens"":92,""optimized_tokens"":92}]",threshold,0.9
qt009,DIRECT,threshold-0.90,Why can a PostgreSQL replication slot consume disk space?,5,5,2,389,389,0,0.0,1,4,1.0282776349614395,0.10764000006020069,datasets\raw\postgres-replication.md|datasets\raw\postgres-replication.md|datasets\raw\postgres-mvcc.md|datasets\raw\postgres-replication.md|datasets\raw\postgres-replication.md,"[{""source_id"":""datasets\\raw\\postgres-replication.md#3"",""selected_sentence_indices"":[0,1,2,3,4],""original_tokens"":92,""optimized_tokens"":92},{""source_id"":""datasets\\raw\\postgres-replication.md#4"",""selected_sentence_indices"":[0,1],""original_tokens"":34,""optimized_tokens"":34},{""source_id"":""datasets\\raw\\postgres-mvcc.md#2"",""selected_sentence_indices"":[0,1,2,3,4,5],""original_tokens"":93,""optimized_tokens"":93},{""source_id"":""datasets\\raw\\postgres-replication.md#0"",""selected_sentence_indices"":[0,1,2,3,4],""original_tokens"":83,""optimized_tokens"":83},{""source_id"":""datasets\\raw\\postgres-replication.md#1"",""selected_sentence_indices"":[0,1,2,3,4],""original_tokens"":87,""optimized_tokens"":87}]",threshold,0.9
qt010,DIRECT,threshold-0.90,How does logical replication differ from physical streaming replication?,5,5,2,386,386,0,0.0,1,4,1.0362694300518136,0.12213780009187758,datasets\raw\postgres-replication.md|datasets\raw\postgres-replication.md|datasets\raw\postgres-replication.md|datasets\raw\postgres-replication.md|datasets\raw\kafka-overview.md,"[{""source_id"":""datasets\\raw\\postgres-replication.md#4"",""selected_sentence_indices"":[0,1],""original_tokens"":34,""optimized_tokens"":34},{""source_id"":""datasets\\raw\\postgres-replication.md#3"",""selected_sentence_indices"":[0,1,2,3,4],""original_tokens"":92,""optimized_tokens"":92},{""source_id"":""datasets\\raw\\postgres-replication.md#1"",""selected_sentence_indices"":[0,1,2,3,4],""original_tokens"":87,""optimized_tokens"":87},{""source_id"":""datasets\\raw\\postgres-replication.md#0"",""selected_sentence_indices"":[0,1,2,3,4],""original_tokens"":83,""optimized_tokens"":83},{""source_id"":""datasets\\raw\\kafka-overview.md#2"",""selected_sentence_indices"":[0,1,2,3,4,5],""original_tokens"":90,""optimized_tokens"":90}]",threshold,0.9
qt011,PARAPHRASE,threshold-0.90,How can database readers see stable data without making writers wait?,5,5,2,447,447,0,0.0,1,2,0.447427293064877,0.10552489990368485,datasets\raw\postgres-mvcc.md|datasets\raw\postgres-mvcc.md|datasets\raw\postgres-replication.md|datasets\raw\postgres-replication.md|datasets\raw\postgres-replication.md,"[{""source_id"":""datasets\\raw\\postgres-mvcc.md#1"",""selected_sentence_indices"":[0,1,2,3,4,5],""original_tokens"":94,""optimized_tokens"":94},{""source_id"":""datasets\\raw\\postgres-mvcc.md#0"",""selected_sentence_indices"":[0,1,2,3,4],""original_tokens"":91,""optimized_tokens"":91},{""source_id"":""datasets\\raw\\postgres-replication.md#0"",""selected_sentence_indices"":[0,1,2,3,4],""original_tokens"":83,""optimized_tokens"":83},{""source_id"":""datasets\\raw\\postgres-replication.md#1"",""selected_sentence_indices"":[0,1,2,3,4],""original_tokens"":87,""optimized_tokens"":87},{""source_id"":""datasets\\raw\\postgres-replication.md#3"",""selected_sentence_indices"":[0,1,2,3,4],""original_tokens"":92,""optimized_tokens"":92}]",threshold,0.9
qt012,PARAPHRASE,threshold-0.90,How are change records shipped and applied to a backup database?,5,5,2,385,385,0,0.0,1,2,0.5194805194805194,0.0839437001850456,datasets\raw\postgres-mvcc.md|datasets\raw\postgres-mvcc.md|datasets\raw\postgres-mvcc.md|datasets\raw\postgres-replication.md|datasets\raw\postgres-replication.md,"[{""source_id"":""datasets\\raw\\postgres-mvcc.md#0"",""selected_sentence_indices"":[0,1,2,3,4],""original_tokens"":91,""optimized_tokens"":91},{""source_id"":""datasets\\raw\\postgres-mvcc.md#3"",""selected_sentence_indices"":[0],""original_tokens"":26,""optimized_tokens"":26},{""source_id"":""datasets\\raw\\postgres-mvcc.md#2"",""selected_sentence_indices"":[0,1,2,3,4,5],""original_tokens"":93,""optimized_tokens"":93},{""source_id"":""datasets\\raw\\postgres-replication.md#0"",""selected_sentence_indices"":[0,1,2,3,4],""original_tokens"":83,""optimized_tokens"":83},{""source_id"":""datasets\\raw\\postgres-replication.md#3"",""selected_sentence_indices"":[0,1,2,3,4],""original_tokens"":92,""optimized_tokens"":92}]",threshold,0.9
qt013,PARAPHRASE,threshold-0.90,What decides where a newly requested workload runs in a cluster?,5,5,2,410,410,0,0.0,1,4,0.9756097560975611,0.08111549983732402,datasets\raw\kubernetes-scheduling.md|datasets\raw\kubernetes-scheduling.md|datasets\raw\kubernetes-scheduling.md|datasets\raw\postgres-replication.md|datasets\raw\kubernetes-scheduling.md,"[{""source_id"":""datasets\\raw\\kubernetes-scheduling.md#2"",""selected_sentence_indices"":[0,1,2,3,4,5,6],""original_tokens"":96,""optimized_tokens"":96},{""source_id"":""datasets\\raw\\kubernetes-scheduling.md#1"",""selected_sentence_indices"":[0,1,2,3,4,5,6],""original_tokens"":94,""optimized_tokens"":94},{""source_id"":""datasets\\raw\\kubernetes-scheduling.md#0"",""selected_sentence_indices"":[0,1,2,3,4],""original_tokens"":91,""optimized_tokens"":91},{""source_id"":""datasets\\raw\\postgres-replication.md#3"",""selected_sentence_indices"":[0,1,2,3,4],""original_tokens"":92,""optimized_tokens"":92},{""source_id"":""datasets\\raw\\kubernetes-scheduling.md#3"",""selected_sentence_indices"":[0,1],""original_tokens"":37,""optimized_tokens"":37}]",threshold,0.9
qt014,PARAPHRASE,threshold-0.90,How can separate applications independently reread the same ordered events?,5,5,2,403,403,0,0.0,1,4,0.9925558312655086,0.08263089996762574,datasets\raw\kafka-overview.md|datasets\raw\kafka-overview.md|datasets\raw\kafka-overview.md|datasets\raw\postgres-replication.md|datasets\raw\kafka-overview.md,"[{""source_id"":""datasets\\raw\\kafka-overview.md#2"",""selected_sentence_indices"":[0,1,2,3,4,5],""original_tokens"":90,""optimized_tokens"":90},{""source_id"":""datasets\\raw\\kafka-overview.md#3"",""selected_sentence_indices"":[0,1],""original_tokens"":41,""optimized_tokens"":41},{""source_id"":""datasets\\raw\\kafka-overview.md#0"",""selected_sentence_indices"":[0,1,2,3,4,5],""original_tokens"":87,""optimized_tokens"":87},{""source_id"":""datasets\\raw\\postgres-replication.md#3"",""selected_sentence_indices"":[0,1,2,3,4],""original_tokens"":92,""optimized_tokens"":92},{""source_id"":""datasets\\raw\\kafka-overview.md#1"",""selected_sentence_indices"":[0,1,2,3,4,5,6],""original_tokens"":93,""optimized_tokens"":93}]",threshold,0.9
qt015,PARAPHRASE,threshold-0.90,Why might old copies of updated rows remain on disk?,5,5,2,404,404,0,0.0,1,3,0.7425742574257426,0.07864239998161793,datasets\raw\postgres-mvcc.md|datasets\raw\postgres-mvcc.md|datasets\raw\postgres-mvcc.md|datasets\raw\postgres-replication.md|datasets\raw\postgres-replication.md,"[{""source_id"":""datasets\\raw\\postgres-mvcc.md#0"",""selected_sentence_indices"":[0,1,2,3,4],""original_tokens"":91,""optimized_tokens"":91},{""source_id"":""datasets\\raw\\postgres-mvcc.md#1"",""selected_sentence_indices"":[0,1,2,3,4,5],""original_tokens"":94,""optimized_tokens"":94},{""source_id"":""datasets\\raw\\postgres-mvcc.md#2"",""selected_sentence_indices"":[0,1,2,3,4,5],""original_tokens"":93,""optimized_tokens"":93},{""source_id"":""datasets\\raw\\postgres-replication.md#3"",""selected_sentence_indices"":[0,1,2,3,4],""original_tokens"":92,""optimized_tokens"":92},{""source_id"":""datasets\\raw\\postgres-replication.md#4"",""selected_sentence_indices"":[0,1],""original_tokens"":34,""optimized_tokens"":34}]",threshold,0.9
qt016,PARAPHRASE,threshold-0.90,How does the cluster avoid placing a workload on an unsuitable machine?,5,5,3,466,466,0,0.0,1,3,0.6437768240343348,0.07875399990007281,datasets\raw\kubernetes-scheduling.md|datasets\raw\kubernetes-scheduling.md|datasets\raw\kubernetes-scheduling.md|datasets\raw\postgres-replication.md|datasets\raw\kafka-overview.md,"[{""source_id"":""datasets\\raw\\kubernetes-scheduling.md#2"",""selected_sentence_indices"":[0,1,2,3,4,5,6],""original_tokens"":96,""optimized_tokens"":96},{""source_id"":""datasets\\raw\\kubernetes-scheduling.md#0"",""selected_sentence_indices"":[0,1,2,3,4],""original_tokens"":91,""optimized_tokens"":91},{""source_id"":""datasets\\raw\\kubernetes-scheduling.md#1"",""selected_sentence_indices"":[0,1,2,3,4,5,6],""original_tokens"":94,""optimized_tokens"":94},{""source_id"":""datasets\\raw\\postgres-replication.md#3"",""selected_sentence_indices"":[0,1,2,3,4],""original_tokens"":92,""optimized_tokens"":92},{""source_id"":""datasets\\raw\\kafka-overview.md#1"",""selected_sentence_indices"":[0,1,2,3,4,5,6],""original_tokens"":93,""optimized_tokens"":93}]",threshold,0.9
qt017,PARAPHRASE,threshold-0.90,How is an event log spread across servers for parallelism and resilience?,5,5,2,393,393,0,0.0,1,3,0.7633587786259541,0.0818229999858886,datasets\raw\kafka-overview.md|datasets\raw\kafka-overview.md|datasets\raw\kafka-overview.md|datasets\raw\postgres-replication.md|datasets\raw\postgres-replication.md,"[{""source_id"":""datasets\\raw\\kafka-overview.md#3"",""selected_sentence_indices"":[0,1],""original_tokens"":41,""optimized_tokens"":41},{""source_id"":""datasets\\raw\\kafka-overview.md#2"",""selected_sentence_indices"":[0,1,2,3,4,5],""original_tokens"":90,""optimized_tokens"":90},{""source_id"":""datasets\\raw\\kafka-overview.md#0"",""selected_sentence_indices"":[0,1,2,3,4,5],""original_tokens"":87,""optimized_tokens"":87},{""source_id"":""datasets\\raw\\postgres-replication.md#0"",""selected_sentence_indices"":[0,1,2,3,4],""original_tokens"":83,""optimized_tokens"":83},{""source_id"":""datasets\\raw\\postgres-replication.md#3"",""selected_sentence_indices"":[0,1,2,3,4],""original_tokens"":92,""optimized_tokens"":92}]",threshold,0.9
qt018,PARAPHRASE,threshold-0.90,What happens when the main database disappears and a copy must take writes?,5,5,2,450,450,0,0.0,1,3,0.6666666666666666,0.08410490001551807,datasets\raw\postgres-replication.md|datasets\raw\postgres-replication.md|datasets\raw\postgres-mvcc.md|datasets\raw\postgres-mvcc.md|datasets\raw\postgres-replication.md,"[{""source_id"":""datasets\\raw\\postgres-replication.md#3"",""selected_sentence_indices"":[0,1,2,3,4],""original_tokens"":92,""optimized_tokens"":92},{""source_id"":""datasets\\raw\\postgres-replication.md#2"",""selected_sentence_indices"":[0,1,2,3,4],""original_tokens"":91,""optimized_tokens"":91},{""source_id"":""datasets\\raw\\postgres-mvcc.md#2"",""selected_sentence_indices"":[0,1,2,3,4,5],""original_tokens"":93,""optimized_tokens"":93},{""source_id"":""datasets\\raw\\postgres-mvcc.md#0"",""selected_sentence_indices"":[0,1,2,3,4],""original_tokens"":91,""optimized_tokens"":91},{""source_id"":""datasets\\raw\\postgres-replication.md#0"",""selected_sentence_indices"":[0,1,2,3,4],""original_tokens"":83,""optimized_tokens"":83}]",threshold,0.9
qt019,PARAPHRASE,threshold-0.90,Why do declared resources matter more than momentary usage for workload placement?,5,5,3,466,466,0,0.0,1,3,0.6437768240343348,0.08359989989548922,datasets\raw\kubernetes-scheduling.md|datasets\raw\kubernetes-scheduling.md|datasets\raw\kubernetes-scheduling.md|datasets\raw\postgres-mvcc.md|datasets\raw\postgres-replication.md,"[{""source_id"":""datasets\\raw\\kubernetes-scheduling.md#1"",""selected_sentence_indices"":[0,1,2,3,4,5,6],""original_tokens"":94,""optimized_tokens"":94},{""source_id"":""datasets\\raw\\kubernetes-scheduling.md#2"",""selected_sentence_indices"":[0,1,2,3,4,5,6],""original_tokens"":96,""optimized_tokens"":96},{""source_id"":""datasets\\raw\\kubernetes-scheduling.md#0"",""selected_sentence_indices"":[0,1,2,3,4],""original_tokens"":91,""optimized_tokens"":91},{""source_id"":""datasets\\raw\\postgres-mvcc.md#2"",""selected_sentence_indices"":[0,1,2,3,4,5],""original_tokens"":93,""optimized_tokens"":93},{""source_id"":""datasets\\raw\\postgres-replication.md#3"",""selected_sentence_indices"":[0,1,2,3,4],""original_tokens"":92,""optimized_tokens"":92}]",threshold,0.9
qt020,PARAPHRASE,threshold-0.90,How can a stream reader go back and process earlier records again?,5,5,3,445,445,0,0.0,1,1,0.2247191011235955,0.09288430004380643,datasets\raw\postgres-replication.md|datasets\raw\postgres-replication.md|datasets\raw\postgres-mvcc.md|datasets\raw\postgres-replication.md|datasets\raw\kafka-overview.md,"[{""source_id"":""datasets\\raw\\postgres-replication.md#1"",""selected_sentence_indices"":[0,1,2,3,4],""original_tokens"":87,""optimized_tokens"":87},{""source_id"":""datasets\\raw\\postgres-replication.md#0"",""selected_sentence_indices"":[0,1,2,3,4],""original_tokens"":83,""optimized_tokens"":83},{""source_id"":""datasets\\raw\\postgres-mvcc.md#2"",""selected_sentence_indices"":[0,1,2,3,4,5],""original_tokens"":93,""optimized_tokens"":93},{""source_id"":""datasets\\raw\\postgres-replication.md#3"",""selected_sentence_indices"":[0,1,2,3,4],""original_tokens"":92,""optimized_tokens"":92},{""source_id"":""datasets\\raw\\kafka-overview.md#2"",""selected_sentence_indices"":[0,1,2,3,4,5],""original_tokens"":90,""optimized_tokens"":90}]",threshold,0.9
qt021,VAGUE,threshold-0.90,Why are old versions not getting cleaned up?,5,5,2,404,404,0,0.0,1,3,0.7425742574257426,0.0854732000734657,datasets\raw\postgres-mvcc.md|datasets\raw\postgres-mvcc.md|datasets\raw\postgres-mvcc.md|datasets\raw\postgres-replication.md|datasets\raw\postgres-replication.md,"[{""source_id"":""datasets\\raw\\postgres-mvcc.md#2"",""selected_sentence_indices"":[0,1,2,3,4,5],""original_tokens"":93,""optimized_tokens"":93},{""source_id"":""datasets\\raw\\postgres-mvcc.md#1"",""selected_sentence_indices"":[0,1,2,3,4,5],""original_tokens"":94,""optimized_tokens"":94},{""source_id"":""datasets\\raw\\postgres-mvcc.md#0"",""selected_sentence_indices"":[0,1,2,3,4],""original_tokens"":91,""optimized_tokens"":91},{""source_id"":""datasets\\raw\\postgres-replication.md#4"",""selected_sentence_indices"":[0,1],""original_tokens"":34,""optimized_tokens"":34},{""source_id"":""datasets\\raw\\postgres-replication.md#3"",""selected_sentence_indices"":[0,1,2,3,4],""original_tokens"":92,""optimized_tokens"":92}]",threshold,0.9
qt022,VAGUE,threshold-0.90,Why is the replica falling behind?,5,5,2,386,386,0,0.0,1,4,1.0362694300518136,0.07879119995050132,datasets\raw\postgres-replication.md|datasets\raw\postgres-replication.md|datasets\raw\postgres-replication.md|datasets\raw\postgres-replication.md|datasets\raw\kafka-overview.md,"[{""source_id"":""datasets\\raw\\postgres-replication.md#1"",""selected_sentence_indices"":[0,1,2,3,4],""original_tokens"":87,""optimized_tokens"":87},{""source_id"":""datasets\\raw\\postgres-replication.md#3"",""selected_sentence_indices"":[0,1,2,3,4],""original_tokens"":92,""optimized_tokens"":92},{""source_id"":""datasets\\raw\\postgres-replication.md#0"",""selected_sentence_indices"":[0,1,2,3,4],""original_tokens"":83,""optimized_tokens"":83},{""source_id"":""datasets\\raw\\postgres-replication.md#4"",""selected_sentence_indices"":[0,1],""original_tokens"":34,""optimized_tokens"":34},{""source_id"":""datasets\\raw\\kafka-overview.md#2"",""selected_sentence_indices"":[0,1,2,3,4,5],""original_tokens"":90,""optimized_tokens"":90}]",threshold,0.9
qt023,VAGUE,threshold-0.90,Why is my workload still pending?,5,5,2,405,405,0,0.0,1,4,0.9876543209876544,0.08303599990904331,datasets\raw\kubernetes-scheduling.md|datasets\raw\kubernetes-scheduling.md|datasets\raw\kubernetes-scheduling.md|datasets\raw\postgres-replication.md|datasets\raw\kubernetes-scheduling.md,"[{""source_id"":""datasets\\raw\\kubernetes-scheduling.md#0"",""selected_sentence_indices"":[0,1,2,3,4],""original_tokens"":91,""optimized_tokens"":91},{""source_id"":""datasets\\raw\\kubernetes-scheduling.md#1"",""selected_sentence_indices"":[0,1,2,3,4,5,6],""original_tokens"":94,""optimized_tokens"":94},{""source_id"":""datasets\\raw\\kubernetes-scheduling.md#2"",""selected_sentence_indices"":[0,1,2,3,4,5,6],""original_tokens"":96,""optimized_tokens"":96},{""source_id"":""datasets\\raw\\postgres-replication.md#1"",""selected_sentence_indices"":[0,1,2,3,4],""original_tokens"":87,""optimized_tokens"":87},{""source_id"":""datasets\\raw\\kubernetes-scheduling.md#3"",""selected_sentence_indices"":[0,1],""original_tokens"":37,""optimized_tokens"":37}]",threshold,0.9
qt024,VAGUE,threshold-0.90,How can I read the same messages again?,5,5,3,399,399,0,0.0,1,2,0.5012531328320802,0.0842712998855859,datasets\raw\kafka-overview.md|datasets\raw\postgres-mvcc.md|datasets\raw\kafka-overview.md|datasets\raw\postgres-mvcc.md|datasets\raw\postgres-replication.md,"[{""source_id"":""datasets\\raw\\kafka-overview.md#2"",""selected_sentence_indices"":[0,1,2,3,4,5],""original_tokens"":90,""optimized_tokens"":90},{""source_id"":""datasets\\raw\\postgres-mvcc.md#1"",""selected_sentence_indices"":[0,1,2,3,4,5],""original_tokens"":94,""optimized_tokens"":94},{""source_id"":""datasets\\raw\\kafka-overview.md#3"",""selected_sentence_indices"":[0,1],""original_tokens"":41,""optimized_tokens"":41},{""source_id"":""datasets\\raw\\postgres-mvcc.md#0"",""selected_sentence_indices"":[0,1,2,3,4],""original_tokens"":91,""optimized_tokens"":91},{""source_id"":""datasets\\raw\\postgres-replication.md#0"",""selected_sentence_indices"":[0,1,2,3,4],""original_tokens"":83,""optimized_tokens"":83}]",threshold,0.9
qt025,VAGUE,threshold-0.90,Why is commit slower now?,5,5,2,389,389,0,0.0,1,2,0.5141388174807198,0.07993180002085865,datasets\raw\postgres-mvcc.md|datasets\raw\postgres-mvcc.md|datasets\raw\postgres-replication.md|datasets\raw\postgres-mvcc.md|datasets\raw\postgres-replication.md,"[{""source_id"":""datasets\\raw\\postgres-mvcc.md#1"",""selected_sentence_indices"":[0,1,2,3,4,5],""original_tokens"":94,""optimized_tokens"":94},{""source_id"":""datasets\\raw\\postgres-mvcc.md#0"",""selected_sentence_indices"":[0,1,2,3,4],""original_tokens"":91,""optimized_tokens"":91},{""source_id"":""datasets\\raw\\postgres-replication.md#1"",""selected_sentence_indices"":[0,1,2,3,4],""original_tokens"":87,""optimized_tokens"":87},{""source_id"":""datasets\\raw\\postgres-mvcc.md#3"",""selected_sentence_indices"":[0],""original_tokens"":26,""optimized_tokens"":26},{""source_id"":""datasets\\raw\\postgres-replication.md#2"",""selected_sentence_indices"":[0,1,2,3,4],""original_tokens"":91,""optimized_tokens"":91}]",threshold,0.9
qt026,VAGUE,threshold-0.90,Why do reads keep changing between statements?,5,5,2,386,386,0,0.0,1,3,0.7772020725388601,0.07779410015791655,datasets\raw\postgres-mvcc.md|datasets\raw\postgres-mvcc.md|datasets\raw\postgres-mvcc.md|datasets\raw\postgres-replication.md|datasets\raw\postgres-replication.md,"[{""source_id"":""datasets\\raw\\postgres-mvcc.md#1"",""selected_sentence_indices"":[0,1,2,3,4,5],""original_tokens"":94,""optimized_tokens"":94},{""source_id"":""datasets\\raw\\postgres-mvcc.md#0"",""selected_sentence_indices"":[0,1,2,3,4],""original_tokens"":91,""optimized_tokens"":91},{""source_id"":""datasets\\raw\\postgres-mvcc.md#3"",""selected_sentence_indices"":[0],""original_tokens"":26,""optimized_tokens"":26},{""source_id"":""datasets\\raw\\postgres-replication.md#3"",""selected_sentence_indices"":[0,1,2,3,4],""original_tokens"":92,""optimized_tokens"":92},{""source_id"":""datasets\\raw\\postgres-replication.md#0"",""selected_sentence_indices"":[0,1,2,3,4],""original_tokens"":83,""optimized_tokens"":83}]",threshold,0.9
qt027,VAGUE,threshold-0.90,Why won't this workload run on that machine?,5,5,2,405,405,0,0.0,1,4,0.9876543209876544,0.07869310001842678,datasets\raw\kubernetes-scheduling.md|datasets\raw\kubernetes-scheduling.md|datasets\raw\kubernetes-scheduling.md|datasets\raw\kubernetes-scheduling.md|datasets\raw\postgres-replication.md,"[{""source_id"":""datasets\\raw\\kubernetes-scheduling.md#0"",""selected_sentence_indices"":[0,1,2,3,4],""original_tokens"":91,""optimized_tokens"":91},{""source_id"":""datasets\\raw\\kubernetes-scheduling.md#3"",""selected_sentence_indices"":[0,1],""original_tokens"":37,""optimized_tokens"":37},{""source_id"":""datasets\\raw\\kubernetes-scheduling.md#1"",""selected_sentence_indices"":[0,1,2,3,4,5,6],""original_tokens"":94,""optimized_tokens"":94},{""source_id"":""datasets\\raw\\kubernetes-scheduling.md#2"",""selected_sentence_indices"":[0,1,2,3,4,5,6],""original_tokens"":96,""optimized_tokens"":96},{""source_id"":""datasets\\raw\\postgres-replication.md#1"",""selected_sentence_indices"":[0,1,2,3,4],""original_tokens"":87,""optimized_tokens"":87}]",threshold,0.9
qt028,VAGUE,threshold-0.90,Why isn't one reader handling every partition?,5,5,2,405,405,0,0.0,1,4,0.9876543209876544,0.07297560013830662,datasets\raw\kafka-overview.md|datasets\raw\kafka-overview.md|datasets\raw\postgres-mvcc.md|datasets\raw\kafka-overview.md|datasets\raw\kafka-overview.md,"[{""source_id"":""datasets\\raw\\kafka-overview.md#2"",""selected_sentence_indices"":[0,1,2,3,4,5],""original_tokens"":90,""optimized_tokens"":90},{""source_id"":""datasets\\raw\\kafka-overview.md#1"",""selected_sentence_indices"":[0,1,2,3,4,5,6],""original_tokens"":93,""optimized_tokens"":93},{""source_id"":""datasets\\raw\\postgres-mvcc.md#1"",""selected_sentence_indices"":[0,1,2,3,4,5],""original_tokens"":94,""optimized_tokens"":94},{""source_id"":""datasets\\raw\\kafka-overview.md#3"",""selected_sentence_indices"":[0,1],""original_tokens"":41,""optimized_tokens"":41},{""source_id"":""datasets\\raw\\kafka-overview.md#0"",""selected_sentence_indices"":[0,1,2,3,4,5],""original_tokens"":87,""optimized_tokens"":87}]",threshold,0.9
qt029,VAGUE,threshold-0.90,Why is the log filling the disk?,5,5,3,399,399,0,0.0,1,2,0.5012531328320802,0.08257950004190207,datasets\raw\kafka-overview.md|datasets\raw\postgres-mvcc.md|datasets\raw\kafka-overview.md|datasets\raw\postgres-replication.md|datasets\raw\postgres-replication.md,"[{""source_id"":""datasets\\raw\\kafka-overview.md#3"",""selected_sentence_indices"":[0,1],""original_tokens"":41,""optimized_tokens"":41},{""source_id"":""datasets\\raw\\postgres-mvcc.md#2"",""selected_sentence_indices"":[0,1,2,3,4,5],""original_tokens"":93,""optimized_tokens"":93},{""source_id"":""datasets\\raw\\kafka-overview.md#2"",""selected_sentence_indices"":[0,1,2,3,4,5],""original_tokens"":90,""optimized_tokens"":90},{""source_id"":""datasets\\raw\\postgres-replication.md#0"",""selected_sentence_indices"":[0,1,2,3,4],""original_tokens"":83,""optimized_tokens"":83},{""source_id"":""datasets\\raw\\postgres-replication.md#3"",""selected_sentence_indices"":[0,1,2,3,4],""original_tokens"":92,""optimized_tokens"":92}]",threshold,0.9
qt030,VAGUE,threshold-0.90,Who actually starts the containers?,5,5,2,411,411,0,0.0,1,4,0.97323600973236,0.08281709998846054,datasets\raw\kubernetes-scheduling.md|datasets\raw\kubernetes-scheduling.md|datasets\raw\kubernetes-scheduling.md|datasets\raw\kubernetes-scheduling.md|datasets\raw\kafka-overview.md,"[{""source_id"":""datasets\\raw\\kubernetes-scheduling.md#3"",""selected_sentence_indices"":[0,1],""original_tokens"":37,""optimized_tokens"":37},{""source_id"":""datasets\\raw\\kubernetes-scheduling.md#2"",""selected_sentence_indices"":[0,1,2,3,4,5,6],""original_tokens"":96,""optimized_tokens"":96},{""source_id"":""datasets\\raw\\kubernetes-scheduling.md#0"",""selected_sentence_indices"":[0,1,2,3,4],""original_tokens"":91,""optimized_tokens"":91},{""source_id"":""datasets\\raw\\kubernetes-scheduling.md#1"",""selected_sentence_indices"":[0,1,2,3,4,5,6],""original_tokens"":94,""optimized_tokens"":94},{""source_id"":""datasets\\raw\\kafka-overview.md#1"",""selected_sentence_indices"":[0,1,2,3,4,5,6],""original_tokens"":93,""optimized_tokens"":93}]",threshold,0.9
qt031,EXACT_IDENTIFIER,threshold-0.90,What does WAL do in PostgreSQL streaming replication?,5,5,2,381,381,0,0.0,1,3,0.7874015748031495,0.07983829989098012,datasets\raw\postgres-replication.md|datasets\raw\postgres-replication.md|datasets\raw\postgres-replication.md|datasets\raw\postgres-mvcc.md|datasets\raw\postgres-mvcc.md,"[{""source_id"":""datasets\\raw\\postgres-replication.md#0"",""selected_sentence_indices"":[0,1,2,3,4],""original_tokens"":83,""optimized_tokens"":83},{""source_id"":""datasets\\raw\\postgres-replication.md#1"",""selected_sentence_indices"":[0,1,2,3,4],""original_tokens"":87,""optimized_tokens"":87},{""source_id"":""datasets\\raw\\postgres-replication.md#3"",""selected_sentence_indices"":[0,1,2,3,4],""original_tokens"":92,""optimized_tokens"":92},{""source_id"":""datasets\\raw\\postgres-mvcc.md#3"",""selected_sentence_indices"":[0],""original_tokens"":26,""optimized_tokens"":26},{""source_id"":""datasets\\raw\\postgres-mvcc.md#2"",""selected_sentence_indices"":[0,1,2,3,4,5],""original_tokens"":93,""optimized_tokens"":93}]",threshold,0.9
qt032,EXACT_IDENTIFIER,threshold-0.90,What does MVCC provide in PostgreSQL?,5,5,2,387,387,0,0.0,1,4,1.0335917312661498,0.08063760004006326,datasets\raw\postgres-mvcc.md|datasets\raw\postgres-mvcc.md|datasets\raw\postgres-mvcc.md|datasets\raw\postgres-mvcc.md|datasets\raw\postgres-replication.md,"[{""source_id"":""datasets\\raw\\postgres-mvcc.md#3"",""selected_sentence_indices"":[0],""original_tokens"":26,""optimized_tokens"":26},{""source_id"":""datasets\\raw\\postgres-mvcc.md#0"",""selected_sentence_indices"":[0,1,2,3,4],""original_tokens"":91,""optimized_tokens"":91},{""source_id"":""datasets\\raw\\postgres-mvcc.md#1"",""selected_sentence_indices"":[0,1,2,3,4,5],""original_tokens"":94,""optimized_tokens"":94},{""source_id"":""datasets\\raw\\postgres-mvcc.md#2"",""selected_sentence_indices"":[0,1,2,3,4,5],""original_tokens"":93,""optimized_tokens"":93},{""source_id"":""datasets\\raw\\postgres-replication.md#0"",""selected_sentence_indices"":[0,1,2,3,4],""original_tokens"":83,""optimized_tokens"":83}]",threshold,0.9
qt033,EXACT_IDENTIFIER,threshold-0.90,What does VACUUM do with obsolete row versions?,5,5,2,404,404,0,0.0,1,3,0.7425742574257426,0.09950900007970631,datasets\raw\postgres-mvcc.md|datasets\raw\postgres-mvcc.md|datasets\raw\postgres-mvcc.md|datasets\raw\postgres-replication.md|datasets\raw\postgres-replication.md,"[{""source_id"":""datasets\\raw\\postgres-mvcc.md#2"",""selected_sentence_indices"":[0,1,2,3,4,5],""original_tokens"":93,""optimized_tokens"":93},{""source_id"":""datasets\\raw\\postgres-mvcc.md#1"",""selected_sentence_indices"":[0,1,2,3,4,5],""original_tokens"":94,""optimized_tokens"":94},{""source_id"":""datasets\\raw\\postgres-mvcc.md#0"",""selected_sentence_indices"":[0,1,2,3,4],""original_tokens"":91,""optimized_tokens"":91},{""source_id"":""datasets\\raw\\postgres-replication.md#4"",""selected_sentence_indices"":[0,1],""original_tokens"":34,""optimized_tokens"":34},{""source_id"":""datasets\\raw\\postgres-replication.md#3"",""selected_sentence_indices"":[0,1,2,3,4],""original_tokens"":92,""optimized_tokens"":92}]",threshold,0.9
qt034,EXACT_IDENTIFIER,threshold-0.90,How does Read Committed choose snapshots?,5,5,3,445,445,0,0.0,1,2,0.449438202247191,0.08117709984071553,datasets\raw\postgres-mvcc.md|datasets\raw\postgres-mvcc.md|datasets\raw\postgres-replication.md|datasets\raw\kafka-overview.md|datasets\raw\postgres-replication.md,"[{""source_id"":""datasets\\raw\\postgres-mvcc.md#0"",""selected_sentence_indices"":[0,1,2,3,4],""original_tokens"":91,""optimized_tokens"":91},{""source_id"":""datasets\\raw\\postgres-mvcc.md#1"",""selected_sentence_indices"":[0,1,2,3,4,5],""original_tokens"":94,""optimized_tokens"":94},{""source_id"":""datasets\\raw\\postgres-replication.md#1"",""selected_sentence_indices"":[0,1,2,3,4],""original_tokens"":87,""optimized_tokens"":87},{""source_id"":""datasets\\raw\\kafka-overview.md#2"",""selected_sentence_indices"":[0,1,2,3,4,5],""original_tokens"":90,""optimized_tokens"":90},{""source_id"":""datasets\\raw\\postgres-replication.md#0"",""selected_sentence_indices"":[0,1,2,3,4],""original_tokens"":83,""optimized_tokens"":83}]",threshold,0.9
qt035,EXACT_IDENTIFIER,threshold-0.90,How does Repeatable Read use a snapshot?,5,5,3,450,450,0,0.0,1,2,0.4444444444444444,0.08242179988883436,datasets\raw\postgres-mvcc.md|datasets\raw\postgres-mvcc.md|datasets\raw\postgres-replication.md|datasets\raw\kafka-overview.md|datasets\raw\postgres-replication.md,"[{""source_id"":""datasets\\raw\\postgres-mvcc.md#1"",""selected_sentence_indices"":[0,1,2,3,4,5],""original_tokens"":94,""optimized_tokens"":94},{""source_id"":""datasets\\raw\\postgres-mvcc.md#0"",""selected_sentence_indices"":[0,1,2,3,4],""original_tokens"":91,""optimized_tokens"":91},{""source_id"":""datasets\\raw\\postgres-replication.md#0"",""selected_sentence_indices"":[0,1,2,3,4],""original_tokens"":83,""optimized_tokens"":83},{""source_id"":""datasets\\raw\\kafka-overview.md#2"",""selected_sentence_indices"":[0,1,2,3,4,5],""original_tokens"":90,""optimized_tokens"":90},{""source_id"":""datasets\\raw\\postgres-replication.md#3"",""selected_sentence_indices"":[0,1,2,3,4],""original_tokens"":92,""optimized_tokens"":92}]",threshold,0.9
qt036,EXACT_IDENTIFIER,threshold-0.90,What does node affinity do for a Pod?,5,5,2,411,411,0,0.0,1,4,0.97323600973236,0.09399259998463094,datasets\raw\kubernetes-scheduling.md|datasets\raw\kubernetes-scheduling.md|datasets\raw\kubernetes-scheduling.md|datasets\raw\kubernetes-scheduling.md|datasets\raw\kafka-overview.md,"[{""source_id"":""datasets\\raw\\kubernetes-scheduling.md#2"",""selected_sentence_indices"":[0,1,2,3,4,5,6],""original_tokens"":96,""optimized_tokens"":96},{""source_id"":""datasets\\raw\\kubernetes-scheduling.md#0"",""selected_sentence_indices"":[0,1,2,3,4],""original_tokens"":91,""optimized_tokens"":91},{""source_id"":""datasets\\raw\\kubernetes-scheduling.md#3"",""selected_sentence_indices"":[0,1],""original_tokens"":37,""optimized_tokens"":37},{""source_id"":""datasets\\raw\\kubernetes-scheduling.md#1"",""selected_sentence_indices"":[0,1,2,3,4,5,6],""original_tokens"":94,""optimized_tokens"":94},{""source_id"":""datasets\\raw\\kafka-overview.md#1"",""selected_sentence_indices"":[0,1,2,3,4,5,6],""original_tokens"":93,""optimized_tokens"":93}]",threshold,0.9
qt037,EXACT_IDENTIFIER,threshold-0.90,What does kubelet do after Pod binding?,5,5,2,355,355,0,0.0,1,3,0.8450704225352114,0.08168539986945689,datasets\raw\kubernetes-scheduling.md|datasets\raw\kubernetes-scheduling.md|datasets\raw\kubernetes-scheduling.md|datasets\raw\kafka-overview.md|datasets\raw\kafka-overview.md,"[{""source_id"":""datasets\\raw\\kubernetes-scheduling.md#2"",""selected_sentence_indices"":[0,1,2,3,4,5,6],""original_tokens"":96,""optimized_tokens"":96},{""source_id"":""datasets\\raw\\kubernetes-scheduling.md#3"",""selected_sentence_indices"":[0,1],""original_tokens"":37,""optimized_tokens"":37},{""source_id"":""datasets\\raw\\kubernetes-scheduling.md#0"",""selected_sentence_indices"":[0,1,2,3,4],""original_tokens"":91,""optimized_tokens"":91},{""source_id"":""datasets\\raw\\kafka-overview.md#3"",""selected_sentence_indices"":[0,1],""original_tokens"":41,""optimized_tokens"":41},{""source_id"":""datasets\\raw\\kafka-overview.md#2"",""selected_sentence_indices"":[0,1,2,3,4,5],""original_tokens"":90,""optimized_tokens"":90}]",threshold,0.9
qt038,EXACT_IDENTIFIER,threshold-0.90,What is a Kafka topic partition?,5,5,2,345,345,0,0.0,1,4,1.1594202898550725,0.0804407000541687,datasets\raw\kafka-overview.md|datasets\raw\kafka-overview.md|datasets\raw\kafka-overview.md|datasets\raw\kafka-overview.md|datasets\raw\postgres-replication.md,"[{""source_id"":""datasets\\raw\\kafka-overview.md#0"",""selected_sentence_indices"":[0,1,2,3,4,5],""original_tokens"":87,""optimized_tokens"":87},{""source_id"":""datasets\\raw\\kafka-overview.md#1"",""selected_sentence_indices"":[0,1,2,3,4,5,6],""original_tokens"":93,""optimized_tokens"":93},{""source_id"":""datasets\\raw\\kafka-overview.md#2"",""selected_sentence_indices"":[0,1,2,3,4,5],""original_tokens"":90,""optimized_tokens"":90},{""source_id"":""datasets\\raw\\kafka-overview.md#3"",""selected_sentence_indices"":[0,1],""original_tokens"":41,""optimized_tokens"":41},{""source_id"":""datasets\\raw\\postgres-replication.md#4"",""selected_sentence_indices"":[0,1],""original_tokens"":34,""optimized_tokens"":34}]",threshold,0.9
qt039,EXACT_IDENTIFIER,threshold-0.90,What does a Kafka consumer group do?,5,5,2,404,404,0,0.0,1,4,0.9900990099009901,0.07830889988690615,datasets\raw\kafka-overview.md|datasets\raw\kafka-overview.md|datasets\raw\kafka-overview.md|datasets\raw\kafka-overview.md|datasets\raw\postgres-mvcc.md,"[{""source_id"":""datasets\\raw\\kafka-overview.md#1"",""selected_sentence_indices"":[0,1,2,3,4,5,6],""original_tokens"":93,""optimized_tokens"":93},{""source_id"":""datasets\\raw\\kafka-overview.md#2"",""selected_sentence_indices"":[0,1,2,3,4,5],""original_tokens"":90,""optimized_tokens"":90},{""source_id"":""datasets\\raw\\kafka-overview.md#0"",""selected_sentence_indices"":[0,1,2,3,4,5],""original_tokens"":87,""optimized_tokens"":87},{""source_id"":""datasets\\raw\\kafka-overview.md#3"",""selected_sentence_indices"":[0,1],""original_tokens"":41,""optimized_tokens"":41},{""source_id"":""datasets\\raw\\postgres-mvcc.md#2"",""selected_sentence_indices"":[0,1,2,3,4,5],""original_tokens"":93,""optimized_tokens"":93}]",threshold,0.9
qt040,EXACT_IDENTIFIER,threshold-0.90,What is a replication slot?,5,5,2,386,386,0,0.0,1,4,1.0362694300518136,0.07703029992990196,datasets\raw\postgres-replication.md|datasets\raw\postgres-replication.md|datasets\raw\postgres-replication.md|datasets\raw\postgres-replication.md|datasets\raw\kafka-overview.md,"[{""source_id"":""datasets\\raw\\postgres-replication.md#3"",""selected_sentence_indices"":[0,1,2,3,4],""original_tokens"":92,""optimized_tokens"":92},{""source_id"":""datasets\\raw\\postgres-replication.md#0"",""selected_sentence_indices"":[0,1,2,3,4],""original_tokens"":83,""optimized_tokens"":83},{""source_id"":""datasets\\raw\\postgres-replication.md#4"",""selected_sentence_indices"":[0,1],""original_tokens"":34,""optimized_tokens"":34},{""source_id"":""datasets\\raw\\postgres-replication.md#1"",""selected_sentence_indices"":[0,1,2,3,4],""original_tokens"":87,""optimized_tokens"":87},{""source_id"":""datasets\\raw\\kafka-overview.md#2"",""selected_sentence_indices"":[0,1,2,3,4,5],""original_tokens"":90,""optimized_tokens"":90}]",threshold,0.9
qt041,MULTI_PART,threshold-0.90,"How does streaming replication work, and what can happen if an asynchronous standby has not received the latest WAL?",5,5,2,379,379,0,0.0,1,4,1.0554089709762533,0.08060270012356341,datasets\raw\postgres-replication.md|datasets\raw\postgres-replication.md|datasets\raw\postgres-replication.md|datasets\raw\postgres-mvcc.md|datasets\raw\postgres-replication.md,"[{""source_id"":""datasets\\raw\\postgres-replication.md#1"",""selected_sentence_indices"":[0,1,2,3,4],""original_tokens"":87,""optimized_tokens"":87},{""source_id"":""datasets\\raw\\postgres-replication.md#0"",""selected_sentence_indices"":[0,1,2,3,4],""original_tokens"":83,""optimized_tokens"":83},{""source_id"":""datasets\\raw\\postgres-replication.md#3"",""selected_sentence_indices"":[0,1,2,3,4],""original_tokens"":92,""optimized_tokens"":92},{""source_id"":""datasets\\raw\\postgres-mvcc.md#3"",""selected_sentence_indices"":[0],""original_tokens"":26,""optimized_tokens"":26},{""source_id"":""datasets\\raw\\postgres-replication.md#2"",""selected_sentence_indices"":[0,1,2,3,4],""original_tokens"":91,""optimized_tokens"":91}]",threshold,0.9
qt042,MULTI_PART,threshold-0.90,"How do snapshots provide MVCC visibility, and how does VACUUM reclaim obsolete versions?",5,5,2,396,396,0,0.0,1,4,1.0101010101010102,0.0796515999827534,datasets\raw\postgres-mvcc.md|datasets\raw\postgres-mvcc.md|datasets\raw\postgres-mvcc.md|datasets\raw\postgres-mvcc.md|datasets\raw\postgres-replication.md,"[{""source_id"":""datasets\\raw\\postgres-mvcc.md#2"",""selected_sentence_indices"":[0,1,2,3,4,5],""original_tokens"":93,""optimized_tokens"":93},{""source_id"":""datasets\\raw\\postgres-mvcc.md#0"",""selected_sentence_indices"":[0,1,2,3,4],""original_tokens"":91,""optimized_tokens"":91},{""source_id"":""datasets\\raw\\postgres-mvcc.md#1"",""selected_sentence_indices"":[0,1,2,3,4,5],""original_tokens"":94,""optimized_tokens"":94},{""source_id"":""datasets\\raw\\postgres-mvcc.md#3"",""selected_sentence_indices"":[0],""original_tokens"":26,""optimized_tokens"":26},{""source_id"":""datasets\\raw\\postgres-replication.md#3"",""selected_sentence_indices"":[0,1,2,3,4],""original_tokens"":92,""optimized_tokens"":92}]",threshold,0.9
qt043,MULTI_PART,threshold-0.90,"How does Kubernetes filter and score nodes, and what happens after a Pod is bound?",5,5,2,411,411,0,0.0,1,4,0.97323600973236,0.08037419989705086,datasets\raw\kubernetes-scheduling.md|datasets\raw\kubernetes-scheduling.md|datasets\raw\kubernetes-scheduling.md|datasets\raw\kubernetes-scheduling.md|datasets\raw\kafka-overview.md,"[{""source_id"":""datasets\\raw\\kubernetes-scheduling.md#0"",""selected_sentence_indices"":[0,1,2,3,4],""original_tokens"":91,""optimized_tokens"":91},{""source_id"":""datasets\\raw\\kubernetes-scheduling.md#2"",""selected_sentence_indices"":[0,1,2,3,4,5,6],""original_tokens"":96,""optimized_tokens"":96},{""source_id"":""datasets\\raw\\kubernetes-scheduling.md#3"",""selected_sentence_indices"":[0,1],""original_tokens"":37,""optimized_tokens"":37},{""source_id"":""datasets\\raw\\kubernetes-scheduling.md#1"",""selected_sentence_indices"":[0,1,2,3,4,5,6],""original_tokens"":94,""optimized_tokens"":94},{""source_id"":""datasets\\raw\\kafka-overview.md#1"",""selected_sentence_indices"":[0,1,2,3,4,5,6],""original_tokens"":93,""optimized_tokens"":93}]",threshold,0.9
qt044,MULTI_PART,threshold-0.90,"How do Kafka partitions enable parallelism, and how are they replicated across brokers?",5,5,2,345,345,0,0.0,1,4,1.1594202898550725,0.08468259987421334,datasets\raw\kafka-overview.md|datasets\raw\kafka-overview.md|datasets\raw\kafka-overview.md|datasets\raw\kafka-overview.md|datasets\raw\postgres-replication.md,"[{""source_id"":""datasets\\raw\\kafka-overview.md#1"",""selected_sentence_indices"":[0,1,2,3,4,5,6],""original_tokens"":93,""optimized_tokens"":93},{""source_id"":""datasets\\raw\\kafka-overview.md#2"",""selected_sentence_indices"":[0,1,2,3,4,5],""original_tokens"":90,""optimized_tokens"":90},{""source_id"":""datasets\\raw\\kafka-overview.md#0"",""selected_sentence_indices"":[0,1,2,3,4,5],""original_tokens"":87,""optimized_tokens"":87},{""source_id"":""datasets\\raw\\kafka-overview.md#3"",""selected_sentence_indices"":[0,1],""original_tokens"":41,""optimized_tokens"":41},{""source_id"":""datasets\\raw\\postgres-replication.md#4"",""selected_sentence_indices"":[0,1],""original_tokens"":34,""optimized_tokens"":34}]",threshold,0.9
qt045,MULTI_PART,threshold-0.90,"What improves with synchronous replication, and why can commit latency increase?",5,5,2,386,386,0,0.0,1,4,1.0362694300518136,0.08177869999781251,datasets\raw\postgres-replication.md|datasets\raw\postgres-replication.md|datasets\raw\postgres-replication.md|datasets\raw\kafka-overview.md|datasets\raw\postgres-replication.md,"[{""source_id"":""datasets\\raw\\postgres-replication.md#1"",""selected_sentence_indices"":[0,1,2,3,4],""original_tokens"":87,""optimized_tokens"":87},{""source_id"":""datasets\\raw\\postgres-replication.md#3"",""selected_sentence_indices"":[0,1,2,3,4],""original_tokens"":92,""optimized_tokens"":92},{""source_id"":""datasets\\raw\\postgres-replication.md#0"",""selected_sentence_indices"":[0,1,2,3,4],""original_tokens"":83,""optimized_tokens"":83},{""source_id"":""datasets\\raw\\kafka-overview.md#2"",""selected_sentence_indices"":[0,1,2,3,4,5],""original_tokens"":90,""optimized_tokens"":90},{""source_id"":""datasets\\raw\\postgres-replication.md#4"",""selected_sentence_indices"":[0,1],""original_tokens"":34,""optimized_tokens"":34}]",threshold,0.9
qt046,MULTI_PART,threshold-0.90,"Why do readers usually avoid blocking writers, and when are row locks still used?",5,5,3,454,454,0,0.0,1,2,0.44052863436123346,0.08612299989908934,datasets\raw\postgres-mvcc.md|datasets\raw\postgres-mvcc.md|datasets\raw\postgres-replication.md|datasets\raw\kafka-overview.md|datasets\raw\postgres-replication.md,"[{""source_id"":""datasets\\raw\\postgres-mvcc.md#1"",""selected_sentence_indices"":[0,1,2,3,4,5],""original_tokens"":94,""optimized_tokens"":94},{""source_id"":""datasets\\raw\\postgres-mvcc.md#0"",""selected_sentence_indices"":[0,1,2,3,4],""original_tokens"":91,""optimized_tokens"":91},{""source_id"":""datasets\\raw\\postgres-replication.md#3"",""selected_sentence_indices"":[0,1,2,3,4],""original_tokens"":92,""optimized_tokens"":92},{""source_id"":""datasets\\raw\\kafka-overview.md#2"",""selected_sentence_indices"":[0,1,2,3,4,5],""original_tokens"":90,""optimized_tokens"":90},{""source_id"":""datasets\\raw\\postgres-replication.md#1"",""selected_sentence_indices"":[0,1,2,3,4],""original_tokens"":87,""optimized_tokens"":87}]",threshold,0.9
qt047,MULTI_PART,threshold-0.90,"How do taints, tolerations, and node affinity jointly influence Pod placement?",5,5,2,408,408,0,0.0,1,4,0.9803921568627451,0.07576689985580742,datasets\raw\kubernetes-scheduling.md|datasets\raw\kubernetes-scheduling.md|datasets\raw\kubernetes-scheduling.md|datasets\raw\kubernetes-scheduling.md|datasets\raw\kafka-overview.md,"[{""source_id"":""datasets\\raw\\kubernetes-scheduling.md#2"",""selected_sentence_indices"":[0,1,2,3,4,5,6],""original_tokens"":96,""optimized_tokens"":96},{""source_id"":""datasets\\raw\\kubernetes-scheduling.md#0"",""selected_sentence_indices"":[0,1,2,3,4],""original_tokens"":91,""optimized_tokens"":91},{""source_id"":""datasets\\raw\\kubernetes-scheduling.md#1"",""selected_sentence_indices"":[0,1,2,3,4,5,6],""original_tokens"":94,""optimized_tokens"":94},{""source_id"":""datasets\\raw\\kubernetes-scheduling.md#3"",""selected_sentence_indices"":[0,1],""original_tokens"":37,""optimized_tokens"":37},{""source_id"":""datasets\\raw\\kafka-overview.md#2"",""selected_sentence_indices"":[0,1,2,3,4,5],""original_tokens"":90,""optimized_tokens"":90}]",threshold,0.9
qt048,MULTI_PART,threshold-0.90,"How do consumer groups distribute partitions, and how can consumers replay old events?",5,5,2,403,403,0,0.0,1,4,0.9925558312655086,0.0823639000300318,datasets\raw\kafka-overview.md|datasets\raw\kafka-overview.md|datasets\raw\kafka-overview.md|datasets\raw\kafka-overview.md|datasets\raw\postgres-replication.md,"[{""source_id"":""datasets\\raw\\kafka-overview.md#2"",""selected_sentence_indices"":[0,1,2,3,4,5],""original_tokens"":90,""optimized_tokens"":90},{""source_id"":""datasets\\raw\\kafka-overview.md#1"",""selected_sentence_indices"":[0,1,2,3,4,5,6],""original_tokens"":93,""optimized_tokens"":93},{""source_id"":""datasets\\raw\\kafka-overview.md#3"",""selected_sentence_indices"":[0,1],""original_tokens"":41,""optimized_tokens"":41},{""source_id"":""datasets\\raw\\kafka-overview.md#0"",""selected_sentence_indices"":[0,1,2,3,4,5],""original_tokens"":87,""optimized_tokens"":87},{""source_id"":""datasets\\raw\\postgres-replication.md#3"",""selected_sentence_indices"":[0,1,2,3,4],""original_tokens"":92,""optimized_tokens"":92}]",threshold,0.9
qt049,MULTI_PART,threshold-0.90,"How is a standby promoted, and why is external failover orchestration often used?",5,5,2,394,394,0,0.0,1,4,1.015228426395939,0.081450599944219,datasets\raw\postgres-replication.md|datasets\raw\postgres-replication.md|datasets\raw\postgres-replication.md|datasets\raw\postgres-replication.md|datasets\raw\kafka-overview.md,"[{""source_id"":""datasets\\raw\\postgres-replication.md#2"",""selected_sentence_indices"":[0,1,2,3,4],""original_tokens"":91,""optimized_tokens"":91},{""source_id"":""datasets\\raw\\postgres-replication.md#3"",""selected_sentence_indices"":[0,1,2,3,4],""original_tokens"":92,""optimized_tokens"":92},{""source_id"":""datasets\\raw\\postgres-replication.md#1"",""selected_sentence_indices"":[0,1,2,3,4],""original_tokens"":87,""optimized_tokens"":87},{""source_id"":""datasets\\raw\\postgres-replication.md#0"",""selected_sentence_indices"":[0,1,2,3,4],""original_tokens"":83,""optimized_tokens"":83},{""source_id"":""datasets\\raw\\kafka-overview.md#3"",""selected_sentence_indices"":[0,1],""original_tokens"":41,""optimized_tokens"":41}]",threshold,0.9
qt050,MULTI_PART,threshold-0.90,"How do resource requests affect scheduling, and how are they different from limits?",5,5,2,408,408,0,0.0,1,4,0.9803921568627451,0.08116480009630322,datasets\raw\kubernetes-scheduling.md|datasets\raw\kubernetes-scheduling.md|datasets\raw\kubernetes-scheduling.md|datasets\raw\kubernetes-scheduling.md|datasets\raw\kafka-overview.md,"[{""source_id"":""datasets\\raw\\kubernetes-scheduling.md#1"",""selected_sentence_indices"":[0,1,2,3,4,5,6],""original_tokens"":94,""optimized_tokens"":94},{""source_id"":""datasets\\raw\\kubernetes-scheduling.md#2"",""selected_sentence_indices"":[0,1,2,3,4,5,6],""original_tokens"":96,""optimized_tokens"":96},{""source_id"":""datasets\\raw\\kubernetes-scheduling.md#0"",""selected_sentence_indices"":[0,1,2,3,4],""original_tokens"":91,""optimized_tokens"":91},{""source_id"":""datasets\\raw\\kubernetes-scheduling.md#3"",""selected_sentence_indices"":[0,1],""original_tokens"":37,""optimized_tokens"":37},{""source_id"":""datasets\\raw\\kafka-overview.md#2"",""selected_sentence_indices"":[0,1,2,3,4,5],""original_tokens"":90,""optimized_tokens"":90}]",threshold,0.9
qt001,DIRECT,threshold-0.92,How does PostgreSQL streaming replication work?,5,5,2,389,389,0,0.0,1,4,1.0282776349614395,0.08043060009367764,datasets\raw\postgres-replication.md|datasets\raw\postgres-replication.md|datasets\raw\postgres-replication.md|datasets\raw\postgres-replication.md|datasets\raw\postgres-mvcc.md,"[{""source_id"":""datasets\\raw\\postgres-replication.md#0"",""selected_sentence_indices"":[0,1,2,3,4],""original_tokens"":83,""optimized_tokens"":83},{""source_id"":""datasets\\raw\\postgres-replication.md#1"",""selected_sentence_indices"":[0,1,2,3,4],""original_tokens"":87,""optimized_tokens"":87},{""source_id"":""datasets\\raw\\postgres-replication.md#3"",""selected_sentence_indices"":[0,1,2,3,4],""original_tokens"":92,""optimized_tokens"":92},{""source_id"":""datasets\\raw\\postgres-replication.md#4"",""selected_sentence_indices"":[0,1],""original_tokens"":34,""optimized_tokens"":34},{""source_id"":""datasets\\raw\\postgres-mvcc.md#2"",""selected_sentence_indices"":[0,1,2,3,4,5],""original_tokens"":93,""optimized_tokens"":93}]",threshold,0.92
qt002,DIRECT,threshold-0.92,How does PostgreSQL MVCC determine row visibility?,5,5,2,396,396,0,0.0,1,4,1.0101010101010102,0.07961690006777644,datasets\raw\postgres-mvcc.md|datasets\raw\postgres-mvcc.md|datasets\raw\postgres-mvcc.md|datasets\raw\postgres-mvcc.md|datasets\raw\postgres-replication.md,"[{""source_id"":""datasets\\raw\\postgres-mvcc.md#1"",""selected_sentence_indices"":[0,1,2,3,4,5],""original_tokens"":94,""optimized_tokens"":94},{""source_id"":""datasets\\raw\\postgres-mvcc.md#0"",""selected_sentence_indices"":[0,1,2,3,4],""original_tokens"":91,""optimized_tokens"":91},{""source_id"":""datasets\\raw\\postgres-mvcc.md#3"",""selected_sentence_indices"":[0],""original_tokens"":26,""optimized_tokens"":26},{""source_id"":""datasets\\raw\\postgres-mvcc.md#2"",""selected_sentence_indices"":[0,1,2,3,4,5],""original_tokens"":93,""optimized_tokens"":93},{""source_id"":""datasets\\raw\\postgres-replication.md#3"",""selected_sentence_indices"":[0,1,2,3,4],""original_tokens"":92,""optimized_tokens"":92}]",threshold,0.92
qt003,DIRECT,threshold-0.92,How does Kubernetes select a node for a Pod?,5,5,2,411,411,0,0.0,1,4,0.97323600973236,0.08136039995588362,datasets\raw\kubernetes-scheduling.md|datasets\raw\kubernetes-scheduling.md|datasets\raw\kubernetes-scheduling.md|datasets\raw\kubernetes-scheduling.md|datasets\raw\kafka-overview.md,"[{""source_id"":""datasets\\raw\\kubernetes-scheduling.md#0"",""selected_sentence_indices"":[0,1,2,3,4],""original_tokens"":91,""optimized_tokens"":91},{""source_id"":""datasets\\raw\\kubernetes-scheduling.md#2"",""selected_sentence_indices"":[0,1,2,3,4,5,6],""original_tokens"":96,""optimized_tokens"":96},{""source_id"":""datasets\\raw\\kubernetes-scheduling.md#3"",""selected_sentence_indices"":[0,1],""original_tokens"":37,""optimized_tokens"":37},{""source_id"":""datasets\\raw\\kubernetes-scheduling.md#1"",""selected_sentence_indices"":[0,1,2,3,4,5,6],""original_tokens"":94,""optimized_tokens"":94},{""source_id"":""datasets\\raw\\kafka-overview.md#1"",""selected_sentence_indices"":[0,1,2,3,4,5,6],""original_tokens"":93,""optimized_tokens"":93}]",threshold,0.92
qt004,DIRECT,threshold-0.92,What is Apache Kafka used for?,5,5,2,404,404,0,0.0,1,4,0.9900990099009901,0.0855067998636514,datasets\raw\kafka-overview.md|datasets\raw\kafka-overview.md|datasets\raw\kafka-overview.md|datasets\raw\kafka-overview.md|datasets\raw\postgres-mvcc.md,"[{""source_id"":""datasets\\raw\\kafka-overview.md#0"",""selected_sentence_indices"":[0,1,2,3,4,5],""original_tokens"":87,""optimized_tokens"":87},{""source_id"":""datasets\\raw\\kafka-overview.md#1"",""selected_sentence_indices"":[0,1,2,3,4,5,6],""original_tokens"":93,""optimized_tokens"":93},{""source_id"":""datasets\\raw\\kafka-overview.md#3"",""selected_sentence_indices"":[0,1],""original_tokens"":41,""optimized_tokens"":41},{""source_id"":""datasets\\raw\\kafka-overview.md#2"",""selected_sentence_indices"":[0,1,2,3,4,5],""original_tokens"":90,""optimized_tokens"":90},{""source_id"":""datasets\\raw\\postgres-mvcc.md#2"",""selected_sentence_indices"":[0,1,2,3,4,5],""original_tokens"":93,""optimized_tokens"":93}]",threshold,0.92
qt005,DIRECT,threshold-0.92,What trade-off does synchronous PostgreSQL replication make?,5,5,2,322,322,0,0.0,1,4,1.2422360248447204,0.08709889999590814,datasets\raw\postgres-replication.md|datasets\raw\postgres-replication.md|datasets\raw\postgres-replication.md|datasets\raw\postgres-replication.md|datasets\raw\postgres-mvcc.md,"[{""source_id"":""datasets\\raw\\postgres-replication.md#3"",""selected_sentence_indices"":[0,1,2,3,4],""original_tokens"":92,""optimized_tokens"":92},{""source_id"":""datasets\\raw\\postgres-replication.md#0"",""selected_sentence_indices"":[0,1,2,3,4],""original_tokens"":83,""optimized_tokens"":83},{""source_id"":""datasets\\raw\\postgres-replication.md#1"",""selected_sentence_indices"":[0,1,2,3,4],""original_tokens"":87,""optimized_tokens"":87},{""source_id"":""datasets\\raw\\postgres-replication.md#4"",""selected_sentence_indices"":[0,1],""original_tokens"":34,""optimized_tokens"":34},{""source_id"":""datasets\\raw\\postgres-mvcc.md#3"",""selected_sentence_indices"":[0],""original_tokens"":26,""optimized_tokens"":26}]",threshold,0.92
qt006,DIRECT,threshold-0.92,What does PostgreSQL VACUUM do?,5,5,2,385,385,0,0.0,1,3,0.7792207792207793,0.08851000014692545,datasets\raw\postgres-mvcc.md|datasets\raw\postgres-mvcc.md|datasets\raw\postgres-replication.md|datasets\raw\postgres-replication.md|datasets\raw\postgres-mvcc.md,"[{""source_id"":""datasets\\raw\\postgres-mvcc.md#2"",""selected_sentence_indices"":[0,1,2,3,4,5],""original_tokens"":93,""optimized_tokens"":93},{""source_id"":""datasets\\raw\\postgres-mvcc.md#0"",""selected_sentence_indices"":[0,1,2,3,4],""original_tokens"":91,""optimized_tokens"":91},{""source_id"":""datasets\\raw\\postgres-replication.md#3"",""selected_sentence_indices"":[0,1,2,3,4],""original_tokens"":92,""optimized_tokens"":92},{""source_id"":""datasets\\raw\\postgres-replication.md#0"",""selected_sentence_indices"":[0,1,2,3,4],""original_tokens"":83,""optimized_tokens"":83},{""source_id"":""datasets\\raw\\postgres-mvcc.md#3"",""selected_sentence_indices"":[0],""original_tokens"":26,""optimized_tokens"":26}]",threshold,0.92
qt007,DIRECT,threshold-0.92,How do Kubernetes taints and tolerations affect scheduling?,5,5,2,408,408,0,0.0,1,4,0.9803921568627451,0.08479569992050529,datasets\raw\kubernetes-scheduling.md|datasets\raw\kubernetes-scheduling.md|datasets\raw\kubernetes-scheduling.md|datasets\raw\kubernetes-scheduling.md|datasets\raw\kafka-overview.md,"[{""source_id"":""datasets\\raw\\kubernetes-scheduling.md#2"",""selected_sentence_indices"":[0,1,2,3,4,5,6],""original_tokens"":96,""optimized_tokens"":96},{""source_id"":""datasets\\raw\\kubernetes-scheduling.md#0"",""selected_sentence_indices"":[0,1,2,3,4],""original_tokens"":91,""optimized_tokens"":91},{""source_id"":""datasets\\raw\\kubernetes-scheduling.md#3"",""selected_sentence_indices"":[0,1],""original_tokens"":37,""optimized_tokens"":37},{""source_id"":""datasets\\raw\\kubernetes-scheduling.md#1"",""selected_sentence_indices"":[0,1,2,3,4,5,6],""original_tokens"":94,""optimized_tokens"":94},{""source_id"":""datasets\\raw\\kafka-overview.md#2"",""selected_sentence_indices"":[0,1,2,3,4,5],""original_tokens"":90,""optimized_tokens"":90}]",threshold,0.92
qt008,DIRECT,threshold-0.92,How do Kafka consumer groups divide work?,5,5,2,403,403,0,0.0,1,4,0.9925558312655086,0.08934559999033809,datasets\raw\kafka-overview.md|datasets\raw\kafka-overview.md|datasets\raw\kafka-overview.md|datasets\raw\kafka-overview.md|datasets\raw\postgres-replication.md,"[{""source_id"":""datasets\\raw\\kafka-overview.md#1"",""selected_sentence_indices"":[0,1,2,3,4,5,6],""original_tokens"":93,""optimized_tokens"":93},{""source_id"":""datasets\\raw\\kafka-overview.md#2"",""selected_sentence_indices"":[0,1,2,3,4,5],""original_tokens"":90,""optimized_tokens"":90},{""source_id"":""datasets\\raw\\kafka-overview.md#0"",""selected_sentence_indices"":[0,1,2,3,4,5],""original_tokens"":87,""optimized_tokens"":87},{""source_id"":""datasets\\raw\\kafka-overview.md#3"",""selected_sentence_indices"":[0,1],""original_tokens"":41,""optimized_tokens"":41},{""source_id"":""datasets\\raw\\postgres-replication.md#3"",""selected_sentence_indices"":[0,1,2,3,4],""original_tokens"":92,""optimized_tokens"":92}]",threshold,0.92
qt009,DIRECT,threshold-0.92,Why can a PostgreSQL replication slot consume disk space?,5,5,2,389,389,0,0.0,1,4,1.0282776349614395,0.07890189997851849,datasets\raw\postgres-replication.md|datasets\raw\postgres-replication.md|datasets\raw\postgres-mvcc.md|datasets\raw\postgres-replication.md|datasets\raw\postgres-replication.md,"[{""source_id"":""datasets\\raw\\postgres-replication.md#3"",""selected_sentence_indices"":[0,1,2,3,4],""original_tokens"":92,""optimized_tokens"":92},{""source_id"":""datasets\\raw\\postgres-replication.md#4"",""selected_sentence_indices"":[0,1],""original_tokens"":34,""optimized_tokens"":34},{""source_id"":""datasets\\raw\\postgres-mvcc.md#2"",""selected_sentence_indices"":[0,1,2,3,4,5],""original_tokens"":93,""optimized_tokens"":93},{""source_id"":""datasets\\raw\\postgres-replication.md#0"",""selected_sentence_indices"":[0,1,2,3,4],""original_tokens"":83,""optimized_tokens"":83},{""source_id"":""datasets\\raw\\postgres-replication.md#1"",""selected_sentence_indices"":[0,1,2,3,4],""original_tokens"":87,""optimized_tokens"":87}]",threshold,0.92
qt010,DIRECT,threshold-0.92,How does logical replication differ from physical streaming replication?,5,5,2,386,386,0,0.0,1,4,1.0362694300518136,0.08063520002178848,datasets\raw\postgres-replication.md|datasets\raw\postgres-replication.md|datasets\raw\postgres-replication.md|datasets\raw\postgres-replication.md|datasets\raw\kafka-overview.md,"[{""source_id"":""datasets\\raw\\postgres-replication.md#4"",""selected_sentence_indices"":[0,1],""original_tokens"":34,""optimized_tokens"":34},{""source_id"":""datasets\\raw\\postgres-replication.md#3"",""selected_sentence_indices"":[0,1,2,3,4],""original_tokens"":92,""optimized_tokens"":92},{""source_id"":""datasets\\raw\\postgres-replication.md#1"",""selected_sentence_indices"":[0,1,2,3,4],""original_tokens"":87,""optimized_tokens"":87},{""source_id"":""datasets\\raw\\postgres-replication.md#0"",""selected_sentence_indices"":[0,1,2,3,4],""original_tokens"":83,""optimized_tokens"":83},{""source_id"":""datasets\\raw\\kafka-overview.md#2"",""selected_sentence_indices"":[0,1,2,3,4,5],""original_tokens"":90,""optimized_tokens"":90}]",threshold,0.92
qt011,PARAPHRASE,threshold-0.92,How can database readers see stable data without making writers wait?,5,5,2,447,447,0,0.0,1,2,0.447427293064877,0.08816889999434352,datasets\raw\postgres-mvcc.md|datasets\raw\postgres-mvcc.md|datasets\raw\postgres-replication.md|datasets\raw\postgres-replication.md|datasets\raw\postgres-replication.md,"[{""source_id"":""datasets\\raw\\postgres-mvcc.md#1"",""selected_sentence_indices"":[0,1,2,3,4,5],""original_tokens"":94,""optimized_tokens"":94},{""source_id"":""datasets\\raw\\postgres-mvcc.md#0"",""selected_sentence_indices"":[0,1,2,3,4],""original_tokens"":91,""optimized_tokens"":91},{""source_id"":""datasets\\raw\\postgres-replication.md#0"",""selected_sentence_indices"":[0,1,2,3,4],""original_tokens"":83,""optimized_tokens"":83},{""source_id"":""datasets\\raw\\postgres-replication.md#1"",""selected_sentence_indices"":[0,1,2,3,4],""original_tokens"":87,""optimized_tokens"":87},{""source_id"":""datasets\\raw\\postgres-replication.md#3"",""selected_sentence_indices"":[0,1,2,3,4],""original_tokens"":92,""optimized_tokens"":92}]",threshold,0.92
qt012,PARAPHRASE,threshold-0.92,How are change records shipped and applied to a backup database?,5,5,2,385,385,0,0.0,1,2,0.5194805194805194,0.09202809981070459,datasets\raw\postgres-mvcc.md|datasets\raw\postgres-mvcc.md|datasets\raw\postgres-mvcc.md|datasets\raw\postgres-replication.md|datasets\raw\postgres-replication.md,"[{""source_id"":""datasets\\raw\\postgres-mvcc.md#0"",""selected_sentence_indices"":[0,1,2,3,4],""original_tokens"":91,""optimized_tokens"":91},{""source_id"":""datasets\\raw\\postgres-mvcc.md#3"",""selected_sentence_indices"":[0],""original_tokens"":26,""optimized_tokens"":26},{""source_id"":""datasets\\raw\\postgres-mvcc.md#2"",""selected_sentence_indices"":[0,1,2,3,4,5],""original_tokens"":93,""optimized_tokens"":93},{""source_id"":""datasets\\raw\\postgres-replication.md#0"",""selected_sentence_indices"":[0,1,2,3,4],""original_tokens"":83,""optimized_tokens"":83},{""source_id"":""datasets\\raw\\postgres-replication.md#3"",""selected_sentence_indices"":[0,1,2,3,4],""original_tokens"":92,""optimized_tokens"":92}]",threshold,0.92
qt013,PARAPHRASE,threshold-0.92,What decides where a newly requested workload runs in a cluster?,5,5,2,410,410,0,0.0,1,4,0.9756097560975611,0.08390729990787804,datasets\raw\kubernetes-scheduling.md|datasets\raw\kubernetes-scheduling.md|datasets\raw\kubernetes-scheduling.md|datasets\raw\postgres-replication.md|datasets\raw\kubernetes-scheduling.md,"[{""source_id"":""datasets\\raw\\kubernetes-scheduling.md#2"",""selected_sentence_indices"":[0,1,2,3,4,5,6],""original_tokens"":96,""optimized_tokens"":96},{""source_id"":""datasets\\raw\\kubernetes-scheduling.md#1"",""selected_sentence_indices"":[0,1,2,3,4,5,6],""original_tokens"":94,""optimized_tokens"":94},{""source_id"":""datasets\\raw\\kubernetes-scheduling.md#0"",""selected_sentence_indices"":[0,1,2,3,4],""original_tokens"":91,""optimized_tokens"":91},{""source_id"":""datasets\\raw\\postgres-replication.md#3"",""selected_sentence_indices"":[0,1,2,3,4],""original_tokens"":92,""optimized_tokens"":92},{""source_id"":""datasets\\raw\\kubernetes-scheduling.md#3"",""selected_sentence_indices"":[0,1],""original_tokens"":37,""optimized_tokens"":37}]",threshold,0.92
qt014,PARAPHRASE,threshold-0.92,How can separate applications independently reread the same ordered events?,5,5,2,403,403,0,0.0,1,4,0.9925558312655086,0.07973120012320578,datasets\raw\kafka-overview.md|datasets\raw\kafka-overview.md|datasets\raw\kafka-overview.md|datasets\raw\postgres-replication.md|datasets\raw\kafka-overview.md,"[{""source_id"":""datasets\\raw\\kafka-overview.md#2"",""selected_sentence_indices"":[0,1,2,3,4,5],""original_tokens"":90,""optimized_tokens"":90},{""source_id"":""datasets\\raw\\kafka-overview.md#3"",""selected_sentence_indices"":[0,1],""original_tokens"":41,""optimized_tokens"":41},{""source_id"":""datasets\\raw\\kafka-overview.md#0"",""selected_sentence_indices"":[0,1,2,3,4,5],""original_tokens"":87,""optimized_tokens"":87},{""source_id"":""datasets\\raw\\postgres-replication.md#3"",""selected_sentence_indices"":[0,1,2,3,4],""original_tokens"":92,""optimized_tokens"":92},{""source_id"":""datasets\\raw\\kafka-overview.md#1"",""selected_sentence_indices"":[0,1,2,3,4,5,6],""original_tokens"":93,""optimized_tokens"":93}]",threshold,0.92
qt015,PARAPHRASE,threshold-0.92,Why might old copies of updated rows remain on disk?,5,5,2,404,404,0,0.0,1,3,0.7425742574257426,0.09333440009504557,datasets\raw\postgres-mvcc.md|datasets\raw\postgres-mvcc.md|datasets\raw\postgres-mvcc.md|datasets\raw\postgres-replication.md|datasets\raw\postgres-replication.md,"[{""source_id"":""datasets\\raw\\postgres-mvcc.md#0"",""selected_sentence_indices"":[0,1,2,3,4],""original_tokens"":91,""optimized_tokens"":91},{""source_id"":""datasets\\raw\\postgres-mvcc.md#1"",""selected_sentence_indices"":[0,1,2,3,4,5],""original_tokens"":94,""optimized_tokens"":94},{""source_id"":""datasets\\raw\\postgres-mvcc.md#2"",""selected_sentence_indices"":[0,1,2,3,4,5],""original_tokens"":93,""optimized_tokens"":93},{""source_id"":""datasets\\raw\\postgres-replication.md#3"",""selected_sentence_indices"":[0,1,2,3,4],""original_tokens"":92,""optimized_tokens"":92},{""source_id"":""datasets\\raw\\postgres-replication.md#4"",""selected_sentence_indices"":[0,1],""original_tokens"":34,""optimized_tokens"":34}]",threshold,0.92
qt016,PARAPHRASE,threshold-0.92,How does the cluster avoid placing a workload on an unsuitable machine?,5,5,3,466,466,0,0.0,1,3,0.6437768240343348,0.11551989987492561,datasets\raw\kubernetes-scheduling.md|datasets\raw\kubernetes-scheduling.md|datasets\raw\kubernetes-scheduling.md|datasets\raw\postgres-replication.md|datasets\raw\kafka-overview.md,"[{""source_id"":""datasets\\raw\\kubernetes-scheduling.md#2"",""selected_sentence_indices"":[0,1,2,3,4,5,6],""original_tokens"":96,""optimized_tokens"":96},{""source_id"":""datasets\\raw\\kubernetes-scheduling.md#0"",""selected_sentence_indices"":[0,1,2,3,4],""original_tokens"":91,""optimized_tokens"":91},{""source_id"":""datasets\\raw\\kubernetes-scheduling.md#1"",""selected_sentence_indices"":[0,1,2,3,4,5,6],""original_tokens"":94,""optimized_tokens"":94},{""source_id"":""datasets\\raw\\postgres-replication.md#3"",""selected_sentence_indices"":[0,1,2,3,4],""original_tokens"":92,""optimized_tokens"":92},{""source_id"":""datasets\\raw\\kafka-overview.md#1"",""selected_sentence_indices"":[0,1,2,3,4,5,6],""original_tokens"":93,""optimized_tokens"":93}]",threshold,0.92
qt017,PARAPHRASE,threshold-0.92,How is an event log spread across servers for parallelism and resilience?,5,5,2,393,393,0,0.0,1,3,0.7633587786259541,0.08829469978809357,datasets\raw\kafka-overview.md|datasets\raw\kafka-overview.md|datasets\raw\kafka-overview.md|datasets\raw\postgres-replication.md|datasets\raw\postgres-replication.md,"[{""source_id"":""datasets\\raw\\kafka-overview.md#3"",""selected_sentence_indices"":[0,1],""original_tokens"":41,""optimized_tokens"":41},{""source_id"":""datasets\\raw\\kafka-overview.md#2"",""selected_sentence_indices"":[0,1,2,3,4,5],""original_tokens"":90,""optimized_tokens"":90},{""source_id"":""datasets\\raw\\kafka-overview.md#0"",""selected_sentence_indices"":[0,1,2,3,4,5],""original_tokens"":87,""optimized_tokens"":87},{""source_id"":""datasets\\raw\\postgres-replication.md#0"",""selected_sentence_indices"":[0,1,2,3,4],""original_tokens"":83,""optimized_tokens"":83},{""source_id"":""datasets\\raw\\postgres-replication.md#3"",""selected_sentence_indices"":[0,1,2,3,4],""original_tokens"":92,""optimized_tokens"":92}]",threshold,0.92
qt018,PARAPHRASE,threshold-0.92,What happens when the main database disappears and a copy must take writes?,5,5,2,450,450,0,0.0,1,3,0.6666666666666666,0.07788100000470877,datasets\raw\postgres-replication.md|datasets\raw\postgres-replication.md|datasets\raw\postgres-mvcc.md|datasets\raw\postgres-mvcc.md|datasets\raw\postgres-replication.md,"[{""source_id"":""datasets\\raw\\postgres-replication.md#3"",""selected_sentence_indices"":[0,1,2,3,4],""original_tokens"":92,""optimized_tokens"":92},{""source_id"":""datasets\\raw\\postgres-replication.md#2"",""selected_sentence_indices"":[0,1,2,3,4],""original_tokens"":91,""optimized_tokens"":91},{""source_id"":""datasets\\raw\\postgres-mvcc.md#2"",""selected_sentence_indices"":[0,1,2,3,4,5],""original_tokens"":93,""optimized_tokens"":93},{""source_id"":""datasets\\raw\\postgres-mvcc.md#0"",""selected_sentence_indices"":[0,1,2,3,4],""original_tokens"":91,""optimized_tokens"":91},{""source_id"":""datasets\\raw\\postgres-replication.md#0"",""selected_sentence_indices"":[0,1,2,3,4],""original_tokens"":83,""optimized_tokens"":83}]",threshold,0.92
qt019,PARAPHRASE,threshold-0.92,Why do declared resources matter more than momentary usage for workload placement?,5,5,3,466,466,0,0.0,1,3,0.6437768240343348,0.08393059996888041,datasets\raw\kubernetes-scheduling.md|datasets\raw\kubernetes-scheduling.md|datasets\raw\kubernetes-scheduling.md|datasets\raw\postgres-mvcc.md|datasets\raw\postgres-replication.md,"[{""source_id"":""datasets\\raw\\kubernetes-scheduling.md#1"",""selected_sentence_indices"":[0,1,2,3,4,5,6],""original_tokens"":94,""optimized_tokens"":94},{""source_id"":""datasets\\raw\\kubernetes-scheduling.md#2"",""selected_sentence_indices"":[0,1,2,3,4,5,6],""original_tokens"":96,""optimized_tokens"":96},{""source_id"":""datasets\\raw\\kubernetes-scheduling.md#0"",""selected_sentence_indices"":[0,1,2,3,4],""original_tokens"":91,""optimized_tokens"":91},{""source_id"":""datasets\\raw\\postgres-mvcc.md#2"",""selected_sentence_indices"":[0,1,2,3,4,5],""original_tokens"":93,""optimized_tokens"":93},{""source_id"":""datasets\\raw\\postgres-replication.md#3"",""selected_sentence_indices"":[0,1,2,3,4],""original_tokens"":92,""optimized_tokens"":92}]",threshold,0.92
qt020,PARAPHRASE,threshold-0.92,How can a stream reader go back and process earlier records again?,5,5,3,445,445,0,0.0,1,1,0.2247191011235955,0.0765130000654608,datasets\raw\postgres-replication.md|datasets\raw\postgres-replication.md|datasets\raw\postgres-mvcc.md|datasets\raw\postgres-replication.md|datasets\raw\kafka-overview.md,"[{""source_id"":""datasets\\raw\\postgres-replication.md#1"",""selected_sentence_indices"":[0,1,2,3,4],""original_tokens"":87,""optimized_tokens"":87},{""source_id"":""datasets\\raw\\postgres-replication.md#0"",""selected_sentence_indices"":[0,1,2,3,4],""original_tokens"":83,""optimized_tokens"":83},{""source_id"":""datasets\\raw\\postgres-mvcc.md#2"",""selected_sentence_indices"":[0,1,2,3,4,5],""original_tokens"":93,""optimized_tokens"":93},{""source_id"":""datasets\\raw\\postgres-replication.md#3"",""selected_sentence_indices"":[0,1,2,3,4],""original_tokens"":92,""optimized_tokens"":92},{""source_id"":""datasets\\raw\\kafka-overview.md#2"",""selected_sentence_indices"":[0,1,2,3,4,5],""original_tokens"":90,""optimized_tokens"":90}]",threshold,0.92
qt021,VAGUE,threshold-0.92,Why are old versions not getting cleaned up?,5,5,2,404,404,0,0.0,1,3,0.7425742574257426,0.08365519996732473,datasets\raw\postgres-mvcc.md|datasets\raw\postgres-mvcc.md|datasets\raw\postgres-mvcc.md|datasets\raw\postgres-replication.md|datasets\raw\postgres-replication.md,"[{""source_id"":""datasets\\raw\\postgres-mvcc.md#2"",""selected_sentence_indices"":[0,1,2,3,4,5],""original_tokens"":93,""optimized_tokens"":93},{""source_id"":""datasets\\raw\\postgres-mvcc.md#1"",""selected_sentence_indices"":[0,1,2,3,4,5],""original_tokens"":94,""optimized_tokens"":94},{""source_id"":""datasets\\raw\\postgres-mvcc.md#0"",""selected_sentence_indices"":[0,1,2,3,4],""original_tokens"":91,""optimized_tokens"":91},{""source_id"":""datasets\\raw\\postgres-replication.md#4"",""selected_sentence_indices"":[0,1],""original_tokens"":34,""optimized_tokens"":34},{""source_id"":""datasets\\raw\\postgres-replication.md#3"",""selected_sentence_indices"":[0,1,2,3,4],""original_tokens"":92,""optimized_tokens"":92}]",threshold,0.92
qt022,VAGUE,threshold-0.92,Why is the replica falling behind?,5,5,2,386,386,0,0.0,1,4,1.0362694300518136,0.08514999994076788,datasets\raw\postgres-replication.md|datasets\raw\postgres-replication.md|datasets\raw\postgres-replication.md|datasets\raw\postgres-replication.md|datasets\raw\kafka-overview.md,"[{""source_id"":""datasets\\raw\\postgres-replication.md#1"",""selected_sentence_indices"":[0,1,2,3,4],""original_tokens"":87,""optimized_tokens"":87},{""source_id"":""datasets\\raw\\postgres-replication.md#3"",""selected_sentence_indices"":[0,1,2,3,4],""original_tokens"":92,""optimized_tokens"":92},{""source_id"":""datasets\\raw\\postgres-replication.md#0"",""selected_sentence_indices"":[0,1,2,3,4],""original_tokens"":83,""optimized_tokens"":83},{""source_id"":""datasets\\raw\\postgres-replication.md#4"",""selected_sentence_indices"":[0,1],""original_tokens"":34,""optimized_tokens"":34},{""source_id"":""datasets\\raw\\kafka-overview.md#2"",""selected_sentence_indices"":[0,1,2,3,4,5],""original_tokens"":90,""optimized_tokens"":90}]",threshold,0.92
qt023,VAGUE,threshold-0.92,Why is my workload still pending?,5,5,2,405,405,0,0.0,1,4,0.9876543209876544,0.08424609992653131,datasets\raw\kubernetes-scheduling.md|datasets\raw\kubernetes-scheduling.md|datasets\raw\kubernetes-scheduling.md|datasets\raw\postgres-replication.md|datasets\raw\kubernetes-scheduling.md,"[{""source_id"":""datasets\\raw\\kubernetes-scheduling.md#0"",""selected_sentence_indices"":[0,1,2,3,4],""original_tokens"":91,""optimized_tokens"":91},{""source_id"":""datasets\\raw\\kubernetes-scheduling.md#1"",""selected_sentence_indices"":[0,1,2,3,4,5,6],""original_tokens"":94,""optimized_tokens"":94},{""source_id"":""datasets\\raw\\kubernetes-scheduling.md#2"",""selected_sentence_indices"":[0,1,2,3,4,5,6],""original_tokens"":96,""optimized_tokens"":96},{""source_id"":""datasets\\raw\\postgres-replication.md#1"",""selected_sentence_indices"":[0,1,2,3,4],""original_tokens"":87,""optimized_tokens"":87},{""source_id"":""datasets\\raw\\kubernetes-scheduling.md#3"",""selected_sentence_indices"":[0,1],""original_tokens"":37,""optimized_tokens"":37}]",threshold,0.92
qt024,VAGUE,threshold-0.92,How can I read the same messages again?,5,5,3,399,399,0,0.0,1,2,0.5012531328320802,0.0845503001473844,datasets\raw\kafka-overview.md|datasets\raw\postgres-mvcc.md|datasets\raw\kafka-overview.md|datasets\raw\postgres-mvcc.md|datasets\raw\postgres-replication.md,"[{""source_id"":""datasets\\raw\\kafka-overview.md#2"",""selected_sentence_indices"":[0,1,2,3,4,5],""original_tokens"":90,""optimized_tokens"":90},{""source_id"":""datasets\\raw\\postgres-mvcc.md#1"",""selected_sentence_indices"":[0,1,2,3,4,5],""original_tokens"":94,""optimized_tokens"":94},{""source_id"":""datasets\\raw\\kafka-overview.md#3"",""selected_sentence_indices"":[0,1],""original_tokens"":41,""optimized_tokens"":41},{""source_id"":""datasets\\raw\\postgres-mvcc.md#0"",""selected_sentence_indices"":[0,1,2,3,4],""original_tokens"":91,""optimized_tokens"":91},{""source_id"":""datasets\\raw\\postgres-replication.md#0"",""selected_sentence_indices"":[0,1,2,3,4],""original_tokens"":83,""optimized_tokens"":83}]",threshold,0.92
qt025,VAGUE,threshold-0.92,Why is commit slower now?,5,5,2,389,389,0,0.0,1,2,0.5141388174807198,0.07852250011637807,datasets\raw\postgres-mvcc.md|datasets\raw\postgres-mvcc.md|datasets\raw\postgres-replication.md|datasets\raw\postgres-mvcc.md|datasets\raw\postgres-replication.md,"[{""source_id"":""datasets\\raw\\postgres-mvcc.md#1"",""selected_sentence_indices"":[0,1,2,3,4,5],""original_tokens"":94,""optimized_tokens"":94},{""source_id"":""datasets\\raw\\postgres-mvcc.md#0"",""selected_sentence_indices"":[0,1,2,3,4],""original_tokens"":91,""optimized_tokens"":91},{""source_id"":""datasets\\raw\\postgres-replication.md#1"",""selected_sentence_indices"":[0,1,2,3,4],""original_tokens"":87,""optimized_tokens"":87},{""source_id"":""datasets\\raw\\postgres-mvcc.md#3"",""selected_sentence_indices"":[0],""original_tokens"":26,""optimized_tokens"":26},{""source_id"":""datasets\\raw\\postgres-replication.md#2"",""selected_sentence_indices"":[0,1,2,3,4],""original_tokens"":91,""optimized_tokens"":91}]",threshold,0.92
qt026,VAGUE,threshold-0.92,Why do reads keep changing between statements?,5,5,2,386,386,0,0.0,1,3,0.7772020725388601,0.07985209999606013,datasets\raw\postgres-mvcc.md|datasets\raw\postgres-mvcc.md|datasets\raw\postgres-mvcc.md|datasets\raw\postgres-replication.md|datasets\raw\postgres-replication.md,"[{""source_id"":""datasets\\raw\\postgres-mvcc.md#1"",""selected_sentence_indices"":[0,1,2,3,4,5],""original_tokens"":94,""optimized_tokens"":94},{""source_id"":""datasets\\raw\\postgres-mvcc.md#0"",""selected_sentence_indices"":[0,1,2,3,4],""original_tokens"":91,""optimized_tokens"":91},{""source_id"":""datasets\\raw\\postgres-mvcc.md#3"",""selected_sentence_indices"":[0],""original_tokens"":26,""optimized_tokens"":26},{""source_id"":""datasets\\raw\\postgres-replication.md#3"",""selected_sentence_indices"":[0,1,2,3,4],""original_tokens"":92,""optimized_tokens"":92},{""source_id"":""datasets\\raw\\postgres-replication.md#0"",""selected_sentence_indices"":[0,1,2,3,4],""original_tokens"":83,""optimized_tokens"":83}]",threshold,0.92
qt027,VAGUE,threshold-0.92,Why won't this workload run on that machine?,5,5,2,405,405,0,0.0,1,4,0.9876543209876544,0.08044910011813045,datasets\raw\kubernetes-scheduling.md|datasets\raw\kubernetes-scheduling.md|datasets\raw\kubernetes-scheduling.md|datasets\raw\kubernetes-scheduling.md|datasets\raw\postgres-replication.md,"[{""source_id"":""datasets\\raw\\kubernetes-scheduling.md#0"",""selected_sentence_indices"":[0,1,2,3,4],""original_tokens"":91,""optimized_tokens"":91},{""source_id"":""datasets\\raw\\kubernetes-scheduling.md#3"",""selected_sentence_indices"":[0,1],""original_tokens"":37,""optimized_tokens"":37},{""source_id"":""datasets\\raw\\kubernetes-scheduling.md#1"",""selected_sentence_indices"":[0,1,2,3,4,5,6],""original_tokens"":94,""optimized_tokens"":94},{""source_id"":""datasets\\raw\\kubernetes-scheduling.md#2"",""selected_sentence_indices"":[0,1,2,3,4,5,6],""original_tokens"":96,""optimized_tokens"":96},{""source_id"":""datasets\\raw\\postgres-replication.md#1"",""selected_sentence_indices"":[0,1,2,3,4],""original_tokens"":87,""optimized_tokens"":87}]",threshold,0.92
qt028,VAGUE,threshold-0.92,Why isn't one reader handling every partition?,5,5,2,405,405,0,0.0,1,4,0.9876543209876544,0.0780617999844253,datasets\raw\kafka-overview.md|datasets\raw\kafka-overview.md|datasets\raw\postgres-mvcc.md|datasets\raw\kafka-overview.md|datasets\raw\kafka-overview.md,"[{""source_id"":""datasets\\raw\\kafka-overview.md#2"",""selected_sentence_indices"":[0,1,2,3,4,5],""original_tokens"":90,""optimized_tokens"":90},{""source_id"":""datasets\\raw\\kafka-overview.md#1"",""selected_sentence_indices"":[0,1,2,3,4,5,6],""original_tokens"":93,""optimized_tokens"":93},{""source_id"":""datasets\\raw\\postgres-mvcc.md#1"",""selected_sentence_indices"":[0,1,2,3,4,5],""original_tokens"":94,""optimized_tokens"":94},{""source_id"":""datasets\\raw\\kafka-overview.md#3"",""selected_sentence_indices"":[0,1],""original_tokens"":41,""optimized_tokens"":41},{""source_id"":""datasets\\raw\\kafka-overview.md#0"",""selected_sentence_indices"":[0,1,2,3,4,5],""original_tokens"":87,""optimized_tokens"":87}]",threshold,0.92
qt029,VAGUE,threshold-0.92,Why is the log filling the disk?,5,5,3,399,399,0,0.0,1,2,0.5012531328320802,0.08115119999274611,datasets\raw\kafka-overview.md|datasets\raw\postgres-mvcc.md|datasets\raw\kafka-overview.md|datasets\raw\postgres-replication.md|datasets\raw\postgres-replication.md,"[{""source_id"":""datasets\\raw\\kafka-overview.md#3"",""selected_sentence_indices"":[0,1],""original_tokens"":41,""optimized_tokens"":41},{""source_id"":""datasets\\raw\\postgres-mvcc.md#2"",""selected_sentence_indices"":[0,1,2,3,4,5],""original_tokens"":93,""optimized_tokens"":93},{""source_id"":""datasets\\raw\\kafka-overview.md#2"",""selected_sentence_indices"":[0,1,2,3,4,5],""original_tokens"":90,""optimized_tokens"":90},{""source_id"":""datasets\\raw\\postgres-replication.md#0"",""selected_sentence_indices"":[0,1,2,3,4],""original_tokens"":83,""optimized_tokens"":83},{""source_id"":""datasets\\raw\\postgres-replication.md#3"",""selected_sentence_indices"":[0,1,2,3,4],""original_tokens"":92,""optimized_tokens"":92}]",threshold,0.92
qt030,VAGUE,threshold-0.92,Who actually starts the containers?,5,5,2,411,411,0,0.0,1,4,0.97323600973236,0.08475639997050166,datasets\raw\kubernetes-scheduling.md|datasets\raw\kubernetes-scheduling.md|datasets\raw\kubernetes-scheduling.md|datasets\raw\kubernetes-scheduling.md|datasets\raw\kafka-overview.md,"[{""source_id"":""datasets\\raw\\kubernetes-scheduling.md#3"",""selected_sentence_indices"":[0,1],""original_tokens"":37,""optimized_tokens"":37},{""source_id"":""datasets\\raw\\kubernetes-scheduling.md#2"",""selected_sentence_indices"":[0,1,2,3,4,5,6],""original_tokens"":96,""optimized_tokens"":96},{""source_id"":""datasets\\raw\\kubernetes-scheduling.md#0"",""selected_sentence_indices"":[0,1,2,3,4],""original_tokens"":91,""optimized_tokens"":91},{""source_id"":""datasets\\raw\\kubernetes-scheduling.md#1"",""selected_sentence_indices"":[0,1,2,3,4,5,6],""original_tokens"":94,""optimized_tokens"":94},{""source_id"":""datasets\\raw\\kafka-overview.md#1"",""selected_sentence_indices"":[0,1,2,3,4,5,6],""original_tokens"":93,""optimized_tokens"":93}]",threshold,0.92
qt031,EXACT_IDENTIFIER,threshold-0.92,What does WAL do in PostgreSQL streaming replication?,5,5,2,381,381,0,0.0,1,3,0.7874015748031495,0.08078709989786148,datasets\raw\postgres-replication.md|datasets\raw\postgres-replication.md|datasets\raw\postgres-replication.md|datasets\raw\postgres-mvcc.md|datasets\raw\postgres-mvcc.md,"[{""source_id"":""datasets\\raw\\postgres-replication.md#0"",""selected_sentence_indices"":[0,1,2,3,4],""original_tokens"":83,""optimized_tokens"":83},{""source_id"":""datasets\\raw\\postgres-replication.md#1"",""selected_sentence_indices"":[0,1,2,3,4],""original_tokens"":87,""optimized_tokens"":87},{""source_id"":""datasets\\raw\\postgres-replication.md#3"",""selected_sentence_indices"":[0,1,2,3,4],""original_tokens"":92,""optimized_tokens"":92},{""source_id"":""datasets\\raw\\postgres-mvcc.md#3"",""selected_sentence_indices"":[0],""original_tokens"":26,""optimized_tokens"":26},{""source_id"":""datasets\\raw\\postgres-mvcc.md#2"",""selected_sentence_indices"":[0,1,2,3,4,5],""original_tokens"":93,""optimized_tokens"":93}]",threshold,0.92
qt032,EXACT_IDENTIFIER,threshold-0.92,What does MVCC provide in PostgreSQL?,5,5,2,387,387,0,0.0,1,4,1.0335917312661498,0.08267639996483922,datasets\raw\postgres-mvcc.md|datasets\raw\postgres-mvcc.md|datasets\raw\postgres-mvcc.md|datasets\raw\postgres-mvcc.md|datasets\raw\postgres-replication.md,"[{""source_id"":""datasets\\raw\\postgres-mvcc.md#3"",""selected_sentence_indices"":[0],""original_tokens"":26,""optimized_tokens"":26},{""source_id"":""datasets\\raw\\postgres-mvcc.md#0"",""selected_sentence_indices"":[0,1,2,3,4],""original_tokens"":91,""optimized_tokens"":91},{""source_id"":""datasets\\raw\\postgres-mvcc.md#1"",""selected_sentence_indices"":[0,1,2,3,4,5],""original_tokens"":94,""optimized_tokens"":94},{""source_id"":""datasets\\raw\\postgres-mvcc.md#2"",""selected_sentence_indices"":[0,1,2,3,4,5],""original_tokens"":93,""optimized_tokens"":93},{""source_id"":""datasets\\raw\\postgres-replication.md#0"",""selected_sentence_indices"":[0,1,2,3,4],""original_tokens"":83,""optimized_tokens"":83}]",threshold,0.92
qt033,EXACT_IDENTIFIER,threshold-0.92,What does VACUUM do with obsolete row versions?,5,5,2,404,404,0,0.0,1,3,0.7425742574257426,0.07999640004709363,datasets\raw\postgres-mvcc.md|datasets\raw\postgres-mvcc.md|datasets\raw\postgres-mvcc.md|datasets\raw\postgres-replication.md|datasets\raw\postgres-replication.md,"[{""source_id"":""datasets\\raw\\postgres-mvcc.md#2"",""selected_sentence_indices"":[0,1,2,3,4,5],""original_tokens"":93,""optimized_tokens"":93},{""source_id"":""datasets\\raw\\postgres-mvcc.md#1"",""selected_sentence_indices"":[0,1,2,3,4,5],""original_tokens"":94,""optimized_tokens"":94},{""source_id"":""datasets\\raw\\postgres-mvcc.md#0"",""selected_sentence_indices"":[0,1,2,3,4],""original_tokens"":91,""optimized_tokens"":91},{""source_id"":""datasets\\raw\\postgres-replication.md#4"",""selected_sentence_indices"":[0,1],""original_tokens"":34,""optimized_tokens"":34},{""source_id"":""datasets\\raw\\postgres-replication.md#3"",""selected_sentence_indices"":[0,1,2,3,4],""original_tokens"":92,""optimized_tokens"":92}]",threshold,0.92
qt034,EXACT_IDENTIFIER,threshold-0.92,How does Read Committed choose snapshots?,5,5,3,445,445,0,0.0,1,2,0.449438202247191,0.08126079989597201,datasets\raw\postgres-mvcc.md|datasets\raw\postgres-mvcc.md|datasets\raw\postgres-replication.md|datasets\raw\kafka-overview.md|datasets\raw\postgres-replication.md,"[{""source_id"":""datasets\\raw\\postgres-mvcc.md#0"",""selected_sentence_indices"":[0,1,2,3,4],""original_tokens"":91,""optimized_tokens"":91},{""source_id"":""datasets\\raw\\postgres-mvcc.md#1"",""selected_sentence_indices"":[0,1,2,3,4,5],""original_tokens"":94,""optimized_tokens"":94},{""source_id"":""datasets\\raw\\postgres-replication.md#1"",""selected_sentence_indices"":[0,1,2,3,4],""original_tokens"":87,""optimized_tokens"":87},{""source_id"":""datasets\\raw\\kafka-overview.md#2"",""selected_sentence_indices"":[0,1,2,3,4,5],""original_tokens"":90,""optimized_tokens"":90},{""source_id"":""datasets\\raw\\postgres-replication.md#0"",""selected_sentence_indices"":[0,1,2,3,4],""original_tokens"":83,""optimized_tokens"":83}]",threshold,0.92
qt035,EXACT_IDENTIFIER,threshold-0.92,How does Repeatable Read use a snapshot?,5,5,3,450,450,0,0.0,1,2,0.4444444444444444,0.08288370002992451,datasets\raw\postgres-mvcc.md|datasets\raw\postgres-mvcc.md|datasets\raw\postgres-replication.md|datasets\raw\kafka-overview.md|datasets\raw\postgres-replication.md,"[{""source_id"":""datasets\\raw\\postgres-mvcc.md#1"",""selected_sentence_indices"":[0,1,2,3,4,5],""original_tokens"":94,""optimized_tokens"":94},{""source_id"":""datasets\\raw\\postgres-mvcc.md#0"",""selected_sentence_indices"":[0,1,2,3,4],""original_tokens"":91,""optimized_tokens"":91},{""source_id"":""datasets\\raw\\postgres-replication.md#0"",""selected_sentence_indices"":[0,1,2,3,4],""original_tokens"":83,""optimized_tokens"":83},{""source_id"":""datasets\\raw\\kafka-overview.md#2"",""selected_sentence_indices"":[0,1,2,3,4,5],""original_tokens"":90,""optimized_tokens"":90},{""source_id"":""datasets\\raw\\postgres-replication.md#3"",""selected_sentence_indices"":[0,1,2,3,4],""original_tokens"":92,""optimized_tokens"":92}]",threshold,0.92
qt036,EXACT_IDENTIFIER,threshold-0.92,What does node affinity do for a Pod?,5,5,2,411,411,0,0.0,1,4,0.97323600973236,0.08347760001197457,datasets\raw\kubernetes-scheduling.md|datasets\raw\kubernetes-scheduling.md|datasets\raw\kubernetes-scheduling.md|datasets\raw\kubernetes-scheduling.md|datasets\raw\kafka-overview.md,"[{""source_id"":""datasets\\raw\\kubernetes-scheduling.md#2"",""selected_sentence_indices"":[0,1,2,3,4,5,6],""original_tokens"":96,""optimized_tokens"":96},{""source_id"":""datasets\\raw\\kubernetes-scheduling.md#0"",""selected_sentence_indices"":[0,1,2,3,4],""original_tokens"":91,""optimized_tokens"":91},{""source_id"":""datasets\\raw\\kubernetes-scheduling.md#3"",""selected_sentence_indices"":[0,1],""original_tokens"":37,""optimized_tokens"":37},{""source_id"":""datasets\\raw\\kubernetes-scheduling.md#1"",""selected_sentence_indices"":[0,1,2,3,4,5,6],""original_tokens"":94,""optimized_tokens"":94},{""source_id"":""datasets\\raw\\kafka-overview.md#1"",""selected_sentence_indices"":[0,1,2,3,4,5,6],""original_tokens"":93,""optimized_tokens"":93}]",threshold,0.92
qt037,EXACT_IDENTIFIER,threshold-0.92,What does kubelet do after Pod binding?,5,5,2,355,355,0,0.0,1,3,0.8450704225352114,0.07964530005119741,datasets\raw\kubernetes-scheduling.md|datasets\raw\kubernetes-scheduling.md|datasets\raw\kubernetes-scheduling.md|datasets\raw\kafka-overview.md|datasets\raw\kafka-overview.md,"[{""source_id"":""datasets\\raw\\kubernetes-scheduling.md#2"",""selected_sentence_indices"":[0,1,2,3,4,5,6],""original_tokens"":96,""optimized_tokens"":96},{""source_id"":""datasets\\raw\\kubernetes-scheduling.md#3"",""selected_sentence_indices"":[0,1],""original_tokens"":37,""optimized_tokens"":37},{""source_id"":""datasets\\raw\\kubernetes-scheduling.md#0"",""selected_sentence_indices"":[0,1,2,3,4],""original_tokens"":91,""optimized_tokens"":91},{""source_id"":""datasets\\raw\\kafka-overview.md#3"",""selected_sentence_indices"":[0,1],""original_tokens"":41,""optimized_tokens"":41},{""source_id"":""datasets\\raw\\kafka-overview.md#2"",""selected_sentence_indices"":[0,1,2,3,4,5],""original_tokens"":90,""optimized_tokens"":90}]",threshold,0.92
qt038,EXACT_IDENTIFIER,threshold-0.92,What is a Kafka topic partition?,5,5,2,345,345,0,0.0,1,4,1.1594202898550725,0.0800246000289917,datasets\raw\kafka-overview.md|datasets\raw\kafka-overview.md|datasets\raw\kafka-overview.md|datasets\raw\kafka-overview.md|datasets\raw\postgres-replication.md,"[{""source_id"":""datasets\\raw\\kafka-overview.md#0"",""selected_sentence_indices"":[0,1,2,3,4,5],""original_tokens"":87,""optimized_tokens"":87},{""source_id"":""datasets\\raw\\kafka-overview.md#1"",""selected_sentence_indices"":[0,1,2,3,4,5,6],""original_tokens"":93,""optimized_tokens"":93},{""source_id"":""datasets\\raw\\kafka-overview.md#2"",""selected_sentence_indices"":[0,1,2,3,4,5],""original_tokens"":90,""optimized_tokens"":90},{""source_id"":""datasets\\raw\\kafka-overview.md#3"",""selected_sentence_indices"":[0,1],""original_tokens"":41,""optimized_tokens"":41},{""source_id"":""datasets\\raw\\postgres-replication.md#4"",""selected_sentence_indices"":[0,1],""original_tokens"":34,""optimized_tokens"":34}]",threshold,0.92
qt039,EXACT_IDENTIFIER,threshold-0.92,What does a Kafka consumer group do?,5,5,2,404,404,0,0.0,1,4,0.9900990099009901,0.07770080002956092,datasets\raw\kafka-overview.md|datasets\raw\kafka-overview.md|datasets\raw\kafka-overview.md|datasets\raw\kafka-overview.md|datasets\raw\postgres-mvcc.md,"[{""source_id"":""datasets\\raw\\kafka-overview.md#1"",""selected_sentence_indices"":[0,1,2,3,4,5,6],""original_tokens"":93,""optimized_tokens"":93},{""source_id"":""datasets\\raw\\kafka-overview.md#2"",""selected_sentence_indices"":[0,1,2,3,4,5],""original_tokens"":90,""optimized_tokens"":90},{""source_id"":""datasets\\raw\\kafka-overview.md#0"",""selected_sentence_indices"":[0,1,2,3,4,5],""original_tokens"":87,""optimized_tokens"":87},{""source_id"":""datasets\\raw\\kafka-overview.md#3"",""selected_sentence_indices"":[0,1],""original_tokens"":41,""optimized_tokens"":41},{""source_id"":""datasets\\raw\\postgres-mvcc.md#2"",""selected_sentence_indices"":[0,1,2,3,4,5],""original_tokens"":93,""optimized_tokens"":93}]",threshold,0.92
qt040,EXACT_IDENTIFIER,threshold-0.92,What is a replication slot?,5,5,2,386,386,0,0.0,1,4,1.0362694300518136,0.07646499993279576,datasets\raw\postgres-replication.md|datasets\raw\postgres-replication.md|datasets\raw\postgres-replication.md|datasets\raw\postgres-replication.md|datasets\raw\kafka-overview.md,"[{""source_id"":""datasets\\raw\\postgres-replication.md#3"",""selected_sentence_indices"":[0,1,2,3,4],""original_tokens"":92,""optimized_tokens"":92},{""source_id"":""datasets\\raw\\postgres-replication.md#0"",""selected_sentence_indices"":[0,1,2,3,4],""original_tokens"":83,""optimized_tokens"":83},{""source_id"":""datasets\\raw\\postgres-replication.md#4"",""selected_sentence_indices"":[0,1],""original_tokens"":34,""optimized_tokens"":34},{""source_id"":""datasets\\raw\\postgres-replication.md#1"",""selected_sentence_indices"":[0,1,2,3,4],""original_tokens"":87,""optimized_tokens"":87},{""source_id"":""datasets\\raw\\kafka-overview.md#2"",""selected_sentence_indices"":[0,1,2,3,4,5],""original_tokens"":90,""optimized_tokens"":90}]",threshold,0.92
qt041,MULTI_PART,threshold-0.92,"How does streaming replication work, and what can happen if an asynchronous standby has not received the latest WAL?",5,5,2,379,379,0,0.0,1,4,1.0554089709762533,0.08398420014418662,datasets\raw\postgres-replication.md|datasets\raw\postgres-replication.md|datasets\raw\postgres-replication.md|datasets\raw\postgres-mvcc.md|datasets\raw\postgres-replication.md,"[{""source_id"":""datasets\\raw\\postgres-replication.md#1"",""selected_sentence_indices"":[0,1,2,3,4],""original_tokens"":87,""optimized_tokens"":87},{""source_id"":""datasets\\raw\\postgres-replication.md#0"",""selected_sentence_indices"":[0,1,2,3,4],""original_tokens"":83,""optimized_tokens"":83},{""source_id"":""datasets\\raw\\postgres-replication.md#3"",""selected_sentence_indices"":[0,1,2,3,4],""original_tokens"":92,""optimized_tokens"":92},{""source_id"":""datasets\\raw\\postgres-mvcc.md#3"",""selected_sentence_indices"":[0],""original_tokens"":26,""optimized_tokens"":26},{""source_id"":""datasets\\raw\\postgres-replication.md#2"",""selected_sentence_indices"":[0,1,2,3,4],""original_tokens"":91,""optimized_tokens"":91}]",threshold,0.92
qt042,MULTI_PART,threshold-0.92,"How do snapshots provide MVCC visibility, and how does VACUUM reclaim obsolete versions?",5,5,2,396,396,0,0.0,1,4,1.0101010101010102,0.07961499993689358,datasets\raw\postgres-mvcc.md|datasets\raw\postgres-mvcc.md|datasets\raw\postgres-mvcc.md|datasets\raw\postgres-mvcc.md|datasets\raw\postgres-replication.md,"[{""source_id"":""datasets\\raw\\postgres-mvcc.md#2"",""selected_sentence_indices"":[0,1,2,3,4,5],""original_tokens"":93,""optimized_tokens"":93},{""source_id"":""datasets\\raw\\postgres-mvcc.md#0"",""selected_sentence_indices"":[0,1,2,3,4],""original_tokens"":91,""optimized_tokens"":91},{""source_id"":""datasets\\raw\\postgres-mvcc.md#1"",""selected_sentence_indices"":[0,1,2,3,4,5],""original_tokens"":94,""optimized_tokens"":94},{""source_id"":""datasets\\raw\\postgres-mvcc.md#3"",""selected_sentence_indices"":[0],""original_tokens"":26,""optimized_tokens"":26},{""source_id"":""datasets\\raw\\postgres-replication.md#3"",""selected_sentence_indices"":[0,1,2,3,4],""original_tokens"":92,""optimized_tokens"":92}]",threshold,0.92
qt043,MULTI_PART,threshold-0.92,"How does Kubernetes filter and score nodes, and what happens after a Pod is bound?",5,5,2,411,411,0,0.0,1,4,0.97323600973236,0.08000619988888502,datasets\raw\kubernetes-scheduling.md|datasets\raw\kubernetes-scheduling.md|datasets\raw\kubernetes-scheduling.md|datasets\raw\kubernetes-scheduling.md|datasets\raw\kafka-overview.md,"[{""source_id"":""datasets\\raw\\kubernetes-scheduling.md#0"",""selected_sentence_indices"":[0,1,2,3,4],""original_tokens"":91,""optimized_tokens"":91},{""source_id"":""datasets\\raw\\kubernetes-scheduling.md#2"",""selected_sentence_indices"":[0,1,2,3,4,5,6],""original_tokens"":96,""optimized_tokens"":96},{""source_id"":""datasets\\raw\\kubernetes-scheduling.md#3"",""selected_sentence_indices"":[0,1],""original_tokens"":37,""optimized_tokens"":37},{""source_id"":""datasets\\raw\\kubernetes-scheduling.md#1"",""selected_sentence_indices"":[0,1,2,3,4,5,6],""original_tokens"":94,""optimized_tokens"":94},{""source_id"":""datasets\\raw\\kafka-overview.md#1"",""selected_sentence_indices"":[0,1,2,3,4,5,6],""original_tokens"":93,""optimized_tokens"":93}]",threshold,0.92
qt044,MULTI_PART,threshold-0.92,"How do Kafka partitions enable parallelism, and how are they replicated across brokers?",5,5,2,345,345,0,0.0,1,4,1.1594202898550725,0.06908240006305277,datasets\raw\kafka-overview.md|datasets\raw\kafka-overview.md|datasets\raw\kafka-overview.md|datasets\raw\kafka-overview.md|datasets\raw\postgres-replication.md,"[{""source_id"":""datasets\\raw\\kafka-overview.md#1"",""selected_sentence_indices"":[0,1,2,3,4,5,6],""original_tokens"":93,""optimized_tokens"":93},{""source_id"":""datasets\\raw\\kafka-overview.md#2"",""selected_sentence_indices"":[0,1,2,3,4,5],""original_tokens"":90,""optimized_tokens"":90},{""source_id"":""datasets\\raw\\kafka-overview.md#0"",""selected_sentence_indices"":[0,1,2,3,4,5],""original_tokens"":87,""optimized_tokens"":87},{""source_id"":""datasets\\raw\\kafka-overview.md#3"",""selected_sentence_indices"":[0,1],""original_tokens"":41,""optimized_tokens"":41},{""source_id"":""datasets\\raw\\postgres-replication.md#4"",""selected_sentence_indices"":[0,1],""original_tokens"":34,""optimized_tokens"":34}]",threshold,0.92
qt045,MULTI_PART,threshold-0.92,"What improves with synchronous replication, and why can commit latency increase?",5,5,2,386,386,0,0.0,1,4,1.0362694300518136,0.07955009979195893,datasets\raw\postgres-replication.md|datasets\raw\postgres-replication.md|datasets\raw\postgres-replication.md|datasets\raw\kafka-overview.md|datasets\raw\postgres-replication.md,"[{""source_id"":""datasets\\raw\\postgres-replication.md#1"",""selected_sentence_indices"":[0,1,2,3,4],""original_tokens"":87,""optimized_tokens"":87},{""source_id"":""datasets\\raw\\postgres-replication.md#3"",""selected_sentence_indices"":[0,1,2,3,4],""original_tokens"":92,""optimized_tokens"":92},{""source_id"":""datasets\\raw\\postgres-replication.md#0"",""selected_sentence_indices"":[0,1,2,3,4],""original_tokens"":83,""optimized_tokens"":83},{""source_id"":""datasets\\raw\\kafka-overview.md#2"",""selected_sentence_indices"":[0,1,2,3,4,5],""original_tokens"":90,""optimized_tokens"":90},{""source_id"":""datasets\\raw\\postgres-replication.md#4"",""selected_sentence_indices"":[0,1],""original_tokens"":34,""optimized_tokens"":34}]",threshold,0.92
qt046,MULTI_PART,threshold-0.92,"Why do readers usually avoid blocking writers, and when are row locks still used?",5,5,3,454,454,0,0.0,1,2,0.44052863436123346,0.0795213000383228,datasets\raw\postgres-mvcc.md|datasets\raw\postgres-mvcc.md|datasets\raw\postgres-replication.md|datasets\raw\kafka-overview.md|datasets\raw\postgres-replication.md,"[{""source_id"":""datasets\\raw\\postgres-mvcc.md#1"",""selected_sentence_indices"":[0,1,2,3,4,5],""original_tokens"":94,""optimized_tokens"":94},{""source_id"":""datasets\\raw\\postgres-mvcc.md#0"",""selected_sentence_indices"":[0,1,2,3,4],""original_tokens"":91,""optimized_tokens"":91},{""source_id"":""datasets\\raw\\postgres-replication.md#3"",""selected_sentence_indices"":[0,1,2,3,4],""original_tokens"":92,""optimized_tokens"":92},{""source_id"":""datasets\\raw\\kafka-overview.md#2"",""selected_sentence_indices"":[0,1,2,3,4,5],""original_tokens"":90,""optimized_tokens"":90},{""source_id"":""datasets\\raw\\postgres-replication.md#1"",""selected_sentence_indices"":[0,1,2,3,4],""original_tokens"":87,""optimized_tokens"":87}]",threshold,0.92
qt047,MULTI_PART,threshold-0.92,"How do taints, tolerations, and node affinity jointly influence Pod placement?",5,5,2,408,408,0,0.0,1,4,0.9803921568627451,0.07870590011589229,datasets\raw\kubernetes-scheduling.md|datasets\raw\kubernetes-scheduling.md|datasets\raw\kubernetes-scheduling.md|datasets\raw\kubernetes-scheduling.md|datasets\raw\kafka-overview.md,"[{""source_id"":""datasets\\raw\\kubernetes-scheduling.md#2"",""selected_sentence_indices"":[0,1,2,3,4,5,6],""original_tokens"":96,""optimized_tokens"":96},{""source_id"":""datasets\\raw\\kubernetes-scheduling.md#0"",""selected_sentence_indices"":[0,1,2,3,4],""original_tokens"":91,""optimized_tokens"":91},{""source_id"":""datasets\\raw\\kubernetes-scheduling.md#1"",""selected_sentence_indices"":[0,1,2,3,4,5,6],""original_tokens"":94,""optimized_tokens"":94},{""source_id"":""datasets\\raw\\kubernetes-scheduling.md#3"",""selected_sentence_indices"":[0,1],""original_tokens"":37,""optimized_tokens"":37},{""source_id"":""datasets\\raw\\kafka-overview.md#2"",""selected_sentence_indices"":[0,1,2,3,4,5],""original_tokens"":90,""optimized_tokens"":90}]",threshold,0.92
qt048,MULTI_PART,threshold-0.92,"How do consumer groups distribute partitions, and how can consumers replay old events?",5,5,2,403,403,0,0.0,1,4,0.9925558312655086,0.08130759978666902,datasets\raw\kafka-overview.md|datasets\raw\kafka-overview.md|datasets\raw\kafka-overview.md|datasets\raw\kafka-overview.md|datasets\raw\postgres-replication.md,"[{""source_id"":""datasets\\raw\\kafka-overview.md#2"",""selected_sentence_indices"":[0,1,2,3,4,5],""original_tokens"":90,""optimized_tokens"":90},{""source_id"":""datasets\\raw\\kafka-overview.md#1"",""selected_sentence_indices"":[0,1,2,3,4,5,6],""original_tokens"":93,""optimized_tokens"":93},{""source_id"":""datasets\\raw\\kafka-overview.md#3"",""selected_sentence_indices"":[0,1],""original_tokens"":41,""optimized_tokens"":41},{""source_id"":""datasets\\raw\\kafka-overview.md#0"",""selected_sentence_indices"":[0,1,2,3,4,5],""original_tokens"":87,""optimized_tokens"":87},{""source_id"":""datasets\\raw\\postgres-replication.md#3"",""selected_sentence_indices"":[0,1,2,3,4],""original_tokens"":92,""optimized_tokens"":92}]",threshold,0.92
qt049,MULTI_PART,threshold-0.92,"How is a standby promoted, and why is external failover orchestration often used?",5,5,2,394,394,0,0.0,1,4,1.015228426395939,0.08784459996968508,datasets\raw\postgres-replication.md|datasets\raw\postgres-replication.md|datasets\raw\postgres-replication.md|datasets\raw\postgres-replication.md|datasets\raw\kafka-overview.md,"[{""source_id"":""datasets\\raw\\postgres-replication.md#2"",""selected_sentence_indices"":[0,1,2,3,4],""original_tokens"":91,""optimized_tokens"":91},{""source_id"":""datasets\\raw\\postgres-replication.md#3"",""selected_sentence_indices"":[0,1,2,3,4],""original_tokens"":92,""optimized_tokens"":92},{""source_id"":""datasets\\raw\\postgres-replication.md#1"",""selected_sentence_indices"":[0,1,2,3,4],""original_tokens"":87,""optimized_tokens"":87},{""source_id"":""datasets\\raw\\postgres-replication.md#0"",""selected_sentence_indices"":[0,1,2,3,4],""original_tokens"":83,""optimized_tokens"":83},{""source_id"":""datasets\\raw\\kafka-overview.md#3"",""selected_sentence_indices"":[0,1],""original_tokens"":41,""optimized_tokens"":41}]",threshold,0.92
qt050,MULTI_PART,threshold-0.92,"How do resource requests affect scheduling, and how are they different from limits?",5,5,2,408,408,0,0.0,1,4,0.9803921568627451,0.08639830001629889,datasets\raw\kubernetes-scheduling.md|datasets\raw\kubernetes-scheduling.md|datasets\raw\kubernetes-scheduling.md|datasets\raw\kubernetes-scheduling.md|datasets\raw\kafka-overview.md,"[{""source_id"":""datasets\\raw\\kubernetes-scheduling.md#1"",""selected_sentence_indices"":[0,1,2,3,4,5,6],""original_tokens"":94,""optimized_tokens"":94},{""source_id"":""datasets\\raw\\kubernetes-scheduling.md#2"",""selected_sentence_indices"":[0,1,2,3,4,5,6],""original_tokens"":96,""optimized_tokens"":96},{""source_id"":""datasets\\raw\\kubernetes-scheduling.md#0"",""selected_sentence_indices"":[0,1,2,3,4],""original_tokens"":91,""optimized_tokens"":91},{""source_id"":""datasets\\raw\\kubernetes-scheduling.md#3"",""selected_sentence_indices"":[0,1],""original_tokens"":37,""optimized_tokens"":37},{""source_id"":""datasets\\raw\\kafka-overview.md#2"",""selected_sentence_indices"":[0,1,2,3,4,5],""original_tokens"":90,""optimized_tokens"":90}]",threshold,0.92
qt001,DIRECT,threshold-0.95,How does PostgreSQL streaming replication work?,5,5,2,389,389,0,0.0,1,4,1.0282776349614395,0.07825589994899929,datasets\raw\postgres-replication.md|datasets\raw\postgres-replication.md|datasets\raw\postgres-replication.md|datasets\raw\postgres-replication.md|datasets\raw\postgres-mvcc.md,"[{""source_id"":""datasets\\raw\\postgres-replication.md#0"",""selected_sentence_indices"":[0,1,2,3,4],""original_tokens"":83,""optimized_tokens"":83},{""source_id"":""datasets\\raw\\postgres-replication.md#1"",""selected_sentence_indices"":[0,1,2,3,4],""original_tokens"":87,""optimized_tokens"":87},{""source_id"":""datasets\\raw\\postgres-replication.md#3"",""selected_sentence_indices"":[0,1,2,3,4],""original_tokens"":92,""optimized_tokens"":92},{""source_id"":""datasets\\raw\\postgres-replication.md#4"",""selected_sentence_indices"":[0,1],""original_tokens"":34,""optimized_tokens"":34},{""source_id"":""datasets\\raw\\postgres-mvcc.md#2"",""selected_sentence_indices"":[0,1,2,3,4,5],""original_tokens"":93,""optimized_tokens"":93}]",threshold,0.95
qt002,DIRECT,threshold-0.95,How does PostgreSQL MVCC determine row visibility?,5,5,2,396,396,0,0.0,1,4,1.0101010101010102,0.08306050021201372,datasets\raw\postgres-mvcc.md|datasets\raw\postgres-mvcc.md|datasets\raw\postgres-mvcc.md|datasets\raw\postgres-mvcc.md|datasets\raw\postgres-replication.md,"[{""source_id"":""datasets\\raw\\postgres-mvcc.md#1"",""selected_sentence_indices"":[0,1,2,3,4,5],""original_tokens"":94,""optimized_tokens"":94},{""source_id"":""datasets\\raw\\postgres-mvcc.md#0"",""selected_sentence_indices"":[0,1,2,3,4],""original_tokens"":91,""optimized_tokens"":91},{""source_id"":""datasets\\raw\\postgres-mvcc.md#3"",""selected_sentence_indices"":[0],""original_tokens"":26,""optimized_tokens"":26},{""source_id"":""datasets\\raw\\postgres-mvcc.md#2"",""selected_sentence_indices"":[0,1,2,3,4,5],""original_tokens"":93,""optimized_tokens"":93},{""source_id"":""datasets\\raw\\postgres-replication.md#3"",""selected_sentence_indices"":[0,1,2,3,4],""original_tokens"":92,""optimized_tokens"":92}]",threshold,0.95
qt003,DIRECT,threshold-0.95,How does Kubernetes select a node for a Pod?,5,5,2,411,411,0,0.0,1,4,0.97323600973236,0.08378240000456572,datasets\raw\kubernetes-scheduling.md|datasets\raw\kubernetes-scheduling.md|datasets\raw\kubernetes-scheduling.md|datasets\raw\kubernetes-scheduling.md|datasets\raw\kafka-overview.md,"[{""source_id"":""datasets\\raw\\kubernetes-scheduling.md#0"",""selected_sentence_indices"":[0,1,2,3,4],""original_tokens"":91,""optimized_tokens"":91},{""source_id"":""datasets\\raw\\kubernetes-scheduling.md#2"",""selected_sentence_indices"":[0,1,2,3,4,5,6],""original_tokens"":96,""optimized_tokens"":96},{""source_id"":""datasets\\raw\\kubernetes-scheduling.md#3"",""selected_sentence_indices"":[0,1],""original_tokens"":37,""optimized_tokens"":37},{""source_id"":""datasets\\raw\\kubernetes-scheduling.md#1"",""selected_sentence_indices"":[0,1,2,3,4,5,6],""original_tokens"":94,""optimized_tokens"":94},{""source_id"":""datasets\\raw\\kafka-overview.md#1"",""selected_sentence_indices"":[0,1,2,3,4,5,6],""original_tokens"":93,""optimized_tokens"":93}]",threshold,0.95
qt004,DIRECT,threshold-0.95,What is Apache Kafka used for?,5,5,2,404,404,0,0.0,1,4,0.9900990099009901,0.08698699995875359,datasets\raw\kafka-overview.md|datasets\raw\kafka-overview.md|datasets\raw\kafka-overview.md|datasets\raw\kafka-overview.md|datasets\raw\postgres-mvcc.md,"[{""source_id"":""datasets\\raw\\kafka-overview.md#0"",""selected_sentence_indices"":[0,1,2,3,4,5],""original_tokens"":87,""optimized_tokens"":87},{""source_id"":""datasets\\raw\\kafka-overview.md#1"",""selected_sentence_indices"":[0,1,2,3,4,5,6],""original_tokens"":93,""optimized_tokens"":93},{""source_id"":""datasets\\raw\\kafka-overview.md#3"",""selected_sentence_indices"":[0,1],""original_tokens"":41,""optimized_tokens"":41},{""source_id"":""datasets\\raw\\kafka-overview.md#2"",""selected_sentence_indices"":[0,1,2,3,4,5],""original_tokens"":90,""optimized_tokens"":90},{""source_id"":""datasets\\raw\\postgres-mvcc.md#2"",""selected_sentence_indices"":[0,1,2,3,4,5],""original_tokens"":93,""optimized_tokens"":93}]",threshold,0.95
qt005,DIRECT,threshold-0.95,What trade-off does synchronous PostgreSQL replication make?,5,5,2,322,322,0,0.0,1,4,1.2422360248447204,0.0830436001997441,datasets\raw\postgres-replication.md|datasets\raw\postgres-replication.md|datasets\raw\postgres-replication.md|datasets\raw\postgres-replication.md|datasets\raw\postgres-mvcc.md,"[{""source_id"":""datasets\\raw\\postgres-replication.md#3"",""selected_sentence_indices"":[0,1,2,3,4],""original_tokens"":92,""optimized_tokens"":92},{""source_id"":""datasets\\raw\\postgres-replication.md#0"",""selected_sentence_indices"":[0,1,2,3,4],""original_tokens"":83,""optimized_tokens"":83},{""source_id"":""datasets\\raw\\postgres-replication.md#1"",""selected_sentence_indices"":[0,1,2,3,4],""original_tokens"":87,""optimized_tokens"":87},{""source_id"":""datasets\\raw\\postgres-replication.md#4"",""selected_sentence_indices"":[0,1],""original_tokens"":34,""optimized_tokens"":34},{""source_id"":""datasets\\raw\\postgres-mvcc.md#3"",""selected_sentence_indices"":[0],""original_tokens"":26,""optimized_tokens"":26}]",threshold,0.95
qt006,DIRECT,threshold-0.95,What does PostgreSQL VACUUM do?,5,5,2,385,385,0,0.0,1,3,0.7792207792207793,0.08084559999406338,datasets\raw\postgres-mvcc.md|datasets\raw\postgres-mvcc.md|datasets\raw\postgres-replication.md|datasets\raw\postgres-replication.md|datasets\raw\postgres-mvcc.md,"[{""source_id"":""datasets\\raw\\postgres-mvcc.md#2"",""selected_sentence_indices"":[0,1,2,3,4,5],""original_tokens"":93,""optimized_tokens"":93},{""source_id"":""datasets\\raw\\postgres-mvcc.md#0"",""selected_sentence_indices"":[0,1,2,3,4],""original_tokens"":91,""optimized_tokens"":91},{""source_id"":""datasets\\raw\\postgres-replication.md#3"",""selected_sentence_indices"":[0,1,2,3,4],""original_tokens"":92,""optimized_tokens"":92},{""source_id"":""datasets\\raw\\postgres-replication.md#0"",""selected_sentence_indices"":[0,1,2,3,4],""original_tokens"":83,""optimized_tokens"":83},{""source_id"":""datasets\\raw\\postgres-mvcc.md#3"",""selected_sentence_indices"":[0],""original_tokens"":26,""optimized_tokens"":26}]",threshold,0.95
qt007,DIRECT,threshold-0.95,How do Kubernetes taints and tolerations affect scheduling?,5,5,2,408,408,0,0.0,1,4,0.9803921568627451,0.08141409978270531,datasets\raw\kubernetes-scheduling.md|datasets\raw\kubernetes-scheduling.md|datasets\raw\kubernetes-scheduling.md|datasets\raw\kubernetes-scheduling.md|datasets\raw\kafka-overview.md,"[{""source_id"":""datasets\\raw\\kubernetes-scheduling.md#2"",""selected_sentence_indices"":[0,1,2,3,4,5,6],""original_tokens"":96,""optimized_tokens"":96},{""source_id"":""datasets\\raw\\kubernetes-scheduling.md#0"",""selected_sentence_indices"":[0,1,2,3,4],""original_tokens"":91,""optimized_tokens"":91},{""source_id"":""datasets\\raw\\kubernetes-scheduling.md#3"",""selected_sentence_indices"":[0,1],""original_tokens"":37,""optimized_tokens"":37},{""source_id"":""datasets\\raw\\kubernetes-scheduling.md#1"",""selected_sentence_indices"":[0,1,2,3,4,5,6],""original_tokens"":94,""optimized_tokens"":94},{""source_id"":""datasets\\raw\\kafka-overview.md#2"",""selected_sentence_indices"":[0,1,2,3,4,5],""original_tokens"":90,""optimized_tokens"":90}]",threshold,0.95
qt008,DIRECT,threshold-0.95,How do Kafka consumer groups divide work?,5,5,2,403,403,0,0.0,1,4,0.9925558312655086,0.0842102998867631,datasets\raw\kafka-overview.md|datasets\raw\kafka-overview.md|datasets\raw\kafka-overview.md|datasets\raw\kafka-overview.md|datasets\raw\postgres-replication.md,"[{""source_id"":""datasets\\raw\\kafka-overview.md#1"",""selected_sentence_indices"":[0,1,2,3,4,5,6],""original_tokens"":93,""optimized_tokens"":93},{""source_id"":""datasets\\raw\\kafka-overview.md#2"",""selected_sentence_indices"":[0,1,2,3,4,5],""original_tokens"":90,""optimized_tokens"":90},{""source_id"":""datasets\\raw\\kafka-overview.md#0"",""selected_sentence_indices"":[0,1,2,3,4,5],""original_tokens"":87,""optimized_tokens"":87},{""source_id"":""datasets\\raw\\kafka-overview.md#3"",""selected_sentence_indices"":[0,1],""original_tokens"":41,""optimized_tokens"":41},{""source_id"":""datasets\\raw\\postgres-replication.md#3"",""selected_sentence_indices"":[0,1,2,3,4],""original_tokens"":92,""optimized_tokens"":92}]",threshold,0.95
qt009,DIRECT,threshold-0.95,Why can a PostgreSQL replication slot consume disk space?,5,5,2,389,389,0,0.0,1,4,1.0282776349614395,0.08360880007967353,datasets\raw\postgres-replication.md|datasets\raw\postgres-replication.md|datasets\raw\postgres-mvcc.md|datasets\raw\postgres-replication.md|datasets\raw\postgres-replication.md,"[{""source_id"":""datasets\\raw\\postgres-replication.md#3"",""selected_sentence_indices"":[0,1,2,3,4],""original_tokens"":92,""optimized_tokens"":92},{""source_id"":""datasets\\raw\\postgres-replication.md#4"",""selected_sentence_indices"":[0,1],""original_tokens"":34,""optimized_tokens"":34},{""source_id"":""datasets\\raw\\postgres-mvcc.md#2"",""selected_sentence_indices"":[0,1,2,3,4,5],""original_tokens"":93,""optimized_tokens"":93},{""source_id"":""datasets\\raw\\postgres-replication.md#0"",""selected_sentence_indices"":[0,1,2,3,4],""original_tokens"":83,""optimized_tokens"":83},{""source_id"":""datasets\\raw\\postgres-replication.md#1"",""selected_sentence_indices"":[0,1,2,3,4],""original_tokens"":87,""optimized_tokens"":87}]",threshold,0.95
qt010,DIRECT,threshold-0.95,How does logical replication differ from physical streaming replication?,5,5,2,386,386,0,0.0,1,4,1.0362694300518136,0.08302420005202293,datasets\raw\postgres-replication.md|datasets\raw\postgres-replication.md|datasets\raw\postgres-replication.md|datasets\raw\postgres-replication.md|datasets\raw\kafka-overview.md,"[{""source_id"":""datasets\\raw\\postgres-replication.md#4"",""selected_sentence_indices"":[0,1],""original_tokens"":34,""optimized_tokens"":34},{""source_id"":""datasets\\raw\\postgres-replication.md#3"",""selected_sentence_indices"":[0,1,2,3,4],""original_tokens"":92,""optimized_tokens"":92},{""source_id"":""datasets\\raw\\postgres-replication.md#1"",""selected_sentence_indices"":[0,1,2,3,4],""original_tokens"":87,""optimized_tokens"":87},{""source_id"":""datasets\\raw\\postgres-replication.md#0"",""selected_sentence_indices"":[0,1,2,3,4],""original_tokens"":83,""optimized_tokens"":83},{""source_id"":""datasets\\raw\\kafka-overview.md#2"",""selected_sentence_indices"":[0,1,2,3,4,5],""original_tokens"":90,""optimized_tokens"":90}]",threshold,0.95
qt011,PARAPHRASE,threshold-0.95,How can database readers see stable data without making writers wait?,5,5,2,447,447,0,0.0,1,2,0.447427293064877,0.07798450021073222,datasets\raw\postgres-mvcc.md|datasets\raw\postgres-mvcc.md|datasets\raw\postgres-replication.md|datasets\raw\postgres-replication.md|datasets\raw\postgres-replication.md,"[{""source_id"":""datasets\\raw\\postgres-mvcc.md#1"",""selected_sentence_indices"":[0,1,2,3,4,5],""original_tokens"":94,""optimized_tokens"":94},{""source_id"":""datasets\\raw\\postgres-mvcc.md#0"",""selected_sentence_indices"":[0,1,2,3,4],""original_tokens"":91,""optimized_tokens"":91},{""source_id"":""datasets\\raw\\postgres-replication.md#0"",""selected_sentence_indices"":[0,1,2,3,4],""original_tokens"":83,""optimized_tokens"":83},{""source_id"":""datasets\\raw\\postgres-replication.md#1"",""selected_sentence_indices"":[0,1,2,3,4],""original_tokens"":87,""optimized_tokens"":87},{""source_id"":""datasets\\raw\\postgres-replication.md#3"",""selected_sentence_indices"":[0,1,2,3,4],""original_tokens"":92,""optimized_tokens"":92}]",threshold,0.95
qt012,PARAPHRASE,threshold-0.95,How are change records shipped and applied to a backup database?,5,5,2,385,385,0,0.0,1,2,0.5194805194805194,0.0810767998918891,datasets\raw\postgres-mvcc.md|datasets\raw\postgres-mvcc.md|datasets\raw\postgres-mvcc.md|datasets\raw\postgres-replication.md|datasets\raw\postgres-replication.md,"[{""source_id"":""datasets\\raw\\postgres-mvcc.md#0"",""selected_sentence_indices"":[0,1,2,3,4],""original_tokens"":91,""optimized_tokens"":91},{""source_id"":""datasets\\raw\\postgres-mvcc.md#3"",""selected_sentence_indices"":[0],""original_tokens"":26,""optimized_tokens"":26},{""source_id"":""datasets\\raw\\postgres-mvcc.md#2"",""selected_sentence_indices"":[0,1,2,3,4,5],""original_tokens"":93,""optimized_tokens"":93},{""source_id"":""datasets\\raw\\postgres-replication.md#0"",""selected_sentence_indices"":[0,1,2,3,4],""original_tokens"":83,""optimized_tokens"":83},{""source_id"":""datasets\\raw\\postgres-replication.md#3"",""selected_sentence_indices"":[0,1,2,3,4],""original_tokens"":92,""optimized_tokens"":92}]",threshold,0.95
qt013,PARAPHRASE,threshold-0.95,What decides where a newly requested workload runs in a cluster?,5,5,2,410,410,0,0.0,1,4,0.9756097560975611,0.07717539998702705,datasets\raw\kubernetes-scheduling.md|datasets\raw\kubernetes-scheduling.md|datasets\raw\kubernetes-scheduling.md|datasets\raw\postgres-replication.md|datasets\raw\kubernetes-scheduling.md,"[{""source_id"":""datasets\\raw\\kubernetes-scheduling.md#2"",""selected_sentence_indices"":[0,1,2,3,4,5,6],""original_tokens"":96,""optimized_tokens"":96},{""source_id"":""datasets\\raw\\kubernetes-scheduling.md#1"",""selected_sentence_indices"":[0,1,2,3,4,5,6],""original_tokens"":94,""optimized_tokens"":94},{""source_id"":""datasets\\raw\\kubernetes-scheduling.md#0"",""selected_sentence_indices"":[0,1,2,3,4],""original_tokens"":91,""optimized_tokens"":91},{""source_id"":""datasets\\raw\\postgres-replication.md#3"",""selected_sentence_indices"":[0,1,2,3,4],""original_tokens"":92,""optimized_tokens"":92},{""source_id"":""datasets\\raw\\kubernetes-scheduling.md#3"",""selected_sentence_indices"":[0,1],""original_tokens"":37,""optimized_tokens"":37}]",threshold,0.95
qt014,PARAPHRASE,threshold-0.95,How can separate applications independently reread the same ordered events?,5,5,2,403,403,0,0.0,1,4,0.9925558312655086,0.0811186998616904,datasets\raw\kafka-overview.md|datasets\raw\kafka-overview.md|datasets\raw\kafka-overview.md|datasets\raw\postgres-replication.md|datasets\raw\kafka-overview.md,"[{""source_id"":""datasets\\raw\\kafka-overview.md#2"",""selected_sentence_indices"":[0,1,2,3,4,5],""original_tokens"":90,""optimized_tokens"":90},{""source_id"":""datasets\\raw\\kafka-overview.md#3"",""selected_sentence_indices"":[0,1],""original_tokens"":41,""optimized_tokens"":41},{""source_id"":""datasets\\raw\\kafka-overview.md#0"",""selected_sentence_indices"":[0,1,2,3,4,5],""original_tokens"":87,""optimized_tokens"":87},{""source_id"":""datasets\\raw\\postgres-replication.md#3"",""selected_sentence_indices"":[0,1,2,3,4],""original_tokens"":92,""optimized_tokens"":92},{""source_id"":""datasets\\raw\\kafka-overview.md#1"",""selected_sentence_indices"":[0,1,2,3,4,5,6],""original_tokens"":93,""optimized_tokens"":93}]",threshold,0.95
qt015,PARAPHRASE,threshold-0.95,Why might old copies of updated rows remain on disk?,5,5,2,404,404,0,0.0,1,3,0.7425742574257426,0.08006229996681213,datasets\raw\postgres-mvcc.md|datasets\raw\postgres-mvcc.md|datasets\raw\postgres-mvcc.md|datasets\raw\postgres-replication.md|datasets\raw\postgres-replication.md,"[{""source_id"":""datasets\\raw\\postgres-mvcc.md#0"",""selected_sentence_indices"":[0,1,2,3,4],""original_tokens"":91,""optimized_tokens"":91},{""source_id"":""datasets\\raw\\postgres-mvcc.md#1"",""selected_sentence_indices"":[0,1,2,3,4,5],""original_tokens"":94,""optimized_tokens"":94},{""source_id"":""datasets\\raw\\postgres-mvcc.md#2"",""selected_sentence_indices"":[0,1,2,3,4,5],""original_tokens"":93,""optimized_tokens"":93},{""source_id"":""datasets\\raw\\postgres-replication.md#3"",""selected_sentence_indices"":[0,1,2,3,4],""original_tokens"":92,""optimized_tokens"":92},{""source_id"":""datasets\\raw\\postgres-replication.md#4"",""selected_sentence_indices"":[0,1],""original_tokens"":34,""optimized_tokens"":34}]",threshold,0.95
qt016,PARAPHRASE,threshold-0.95,How does the cluster avoid placing a workload on an unsuitable machine?,5,5,3,466,466,0,0.0,1,3,0.6437768240343348,0.08242069999687374,datasets\raw\kubernetes-scheduling.md|datasets\raw\kubernetes-scheduling.md|datasets\raw\kubernetes-scheduling.md|datasets\raw\postgres-replication.md|datasets\raw\kafka-overview.md,"[{""source_id"":""datasets\\raw\\kubernetes-scheduling.md#2"",""selected_sentence_indices"":[0,1,2,3,4,5,6],""original_tokens"":96,""optimized_tokens"":96},{""source_id"":""datasets\\raw\\kubernetes-scheduling.md#0"",""selected_sentence_indices"":[0,1,2,3,4],""original_tokens"":91,""optimized_tokens"":91},{""source_id"":""datasets\\raw\\kubernetes-scheduling.md#1"",""selected_sentence_indices"":[0,1,2,3,4,5,6],""original_tokens"":94,""optimized_tokens"":94},{""source_id"":""datasets\\raw\\postgres-replication.md#3"",""selected_sentence_indices"":[0,1,2,3,4],""original_tokens"":92,""optimized_tokens"":92},{""source_id"":""datasets\\raw\\kafka-overview.md#1"",""selected_sentence_indices"":[0,1,2,3,4,5,6],""original_tokens"":93,""optimized_tokens"":93}]",threshold,0.95
qt017,PARAPHRASE,threshold-0.95,How is an event log spread across servers for parallelism and resilience?,5,5,2,393,393,0,0.0,1,3,0.7633587786259541,0.07851899997331202,datasets\raw\kafka-overview.md|datasets\raw\kafka-overview.md|datasets\raw\kafka-overview.md|datasets\raw\postgres-replication.md|datasets\raw\postgres-replication.md,"[{""source_id"":""datasets\\raw\\kafka-overview.md#3"",""selected_sentence_indices"":[0,1],""original_tokens"":41,""optimized_tokens"":41},{""source_id"":""datasets\\raw\\kafka-overview.md#2"",""selected_sentence_indices"":[0,1,2,3,4,5],""original_tokens"":90,""optimized_tokens"":90},{""source_id"":""datasets\\raw\\kafka-overview.md#0"",""selected_sentence_indices"":[0,1,2,3,4,5],""original_tokens"":87,""optimized_tokens"":87},{""source_id"":""datasets\\raw\\postgres-replication.md#0"",""selected_sentence_indices"":[0,1,2,3,4],""original_tokens"":83,""optimized_tokens"":83},{""source_id"":""datasets\\raw\\postgres-replication.md#3"",""selected_sentence_indices"":[0,1,2,3,4],""original_tokens"":92,""optimized_tokens"":92}]",threshold,0.95
qt018,PARAPHRASE,threshold-0.95,What happens when the main database disappears and a copy must take writes?,5,5,2,450,450,0,0.0,1,3,0.6666666666666666,0.08994439989328384,datasets\raw\postgres-replication.md|datasets\raw\postgres-replication.md|datasets\raw\postgres-mvcc.md|datasets\raw\postgres-mvcc.md|datasets\raw\postgres-replication.md,"[{""source_id"":""datasets\\raw\\postgres-replication.md#3"",""selected_sentence_indices"":[0,1,2,3,4],""original_tokens"":92,""optimized_tokens"":92},{""source_id"":""datasets\\raw\\postgres-replication.md#2"",""selected_sentence_indices"":[0,1,2,3,4],""original_tokens"":91,""optimized_tokens"":91},{""source_id"":""datasets\\raw\\postgres-mvcc.md#2"",""selected_sentence_indices"":[0,1,2,3,4,5],""original_tokens"":93,""optimized_tokens"":93},{""source_id"":""datasets\\raw\\postgres-mvcc.md#0"",""selected_sentence_indices"":[0,1,2,3,4],""original_tokens"":91,""optimized_tokens"":91},{""source_id"":""datasets\\raw\\postgres-replication.md#0"",""selected_sentence_indices"":[0,1,2,3,4],""original_tokens"":83,""optimized_tokens"":83}]",threshold,0.95
qt019,PARAPHRASE,threshold-0.95,Why do declared resources matter more than momentary usage for workload placement?,5,5,3,466,466,0,0.0,1,3,0.6437768240343348,0.08093879977241158,datasets\raw\kubernetes-scheduling.md|datasets\raw\kubernetes-scheduling.md|datasets\raw\kubernetes-scheduling.md|datasets\raw\postgres-mvcc.md|datasets\raw\postgres-replication.md,"[{""source_id"":""datasets\\raw\\kubernetes-scheduling.md#1"",""selected_sentence_indices"":[0,1,2,3,4,5,6],""original_tokens"":94,""optimized_tokens"":94},{""source_id"":""datasets\\raw\\kubernetes-scheduling.md#2"",""selected_sentence_indices"":[0,1,2,3,4,5,6],""original_tokens"":96,""optimized_tokens"":96},{""source_id"":""datasets\\raw\\kubernetes-scheduling.md#0"",""selected_sentence_indices"":[0,1,2,3,4],""original_tokens"":91,""optimized_tokens"":91},{""source_id"":""datasets\\raw\\postgres-mvcc.md#2"",""selected_sentence_indices"":[0,1,2,3,4,5],""original_tokens"":93,""optimized_tokens"":93},{""source_id"":""datasets\\raw\\postgres-replication.md#3"",""selected_sentence_indices"":[0,1,2,3,4],""original_tokens"":92,""optimized_tokens"":92}]",threshold,0.95
qt020,PARAPHRASE,threshold-0.95,How can a stream reader go back and process earlier records again?,5,5,3,445,445,0,0.0,1,1,0.2247191011235955,0.07695599994622171,datasets\raw\postgres-replication.md|datasets\raw\postgres-replication.md|datasets\raw\postgres-mvcc.md|datasets\raw\postgres-replication.md|datasets\raw\kafka-overview.md,"[{""source_id"":""datasets\\raw\\postgres-replication.md#1"",""selected_sentence_indices"":[0,1,2,3,4],""original_tokens"":87,""optimized_tokens"":87},{""source_id"":""datasets\\raw\\postgres-replication.md#0"",""selected_sentence_indices"":[0,1,2,3,4],""original_tokens"":83,""optimized_tokens"":83},{""source_id"":""datasets\\raw\\postgres-mvcc.md#2"",""selected_sentence_indices"":[0,1,2,3,4,5],""original_tokens"":93,""optimized_tokens"":93},{""source_id"":""datasets\\raw\\postgres-replication.md#3"",""selected_sentence_indices"":[0,1,2,3,4],""original_tokens"":92,""optimized_tokens"":92},{""source_id"":""datasets\\raw\\kafka-overview.md#2"",""selected_sentence_indices"":[0,1,2,3,4,5],""original_tokens"":90,""optimized_tokens"":90}]",threshold,0.95
qt021,VAGUE,threshold-0.95,Why are old versions not getting cleaned up?,5,5,2,404,404,0,0.0,1,3,0.7425742574257426,0.08047619997523725,datasets\raw\postgres-mvcc.md|datasets\raw\postgres-mvcc.md|datasets\raw\postgres-mvcc.md|datasets\raw\postgres-replication.md|datasets\raw\postgres-replication.md,"[{""source_id"":""datasets\\raw\\postgres-mvcc.md#2"",""selected_sentence_indices"":[0,1,2,3,4,5],""original_tokens"":93,""optimized_tokens"":93},{""source_id"":""datasets\\raw\\postgres-mvcc.md#1"",""selected_sentence_indices"":[0,1,2,3,4,5],""original_tokens"":94,""optimized_tokens"":94},{""source_id"":""datasets\\raw\\postgres-mvcc.md#0"",""selected_sentence_indices"":[0,1,2,3,4],""original_tokens"":91,""optimized_tokens"":91},{""source_id"":""datasets\\raw\\postgres-replication.md#4"",""selected_sentence_indices"":[0,1],""original_tokens"":34,""optimized_tokens"":34},{""source_id"":""datasets\\raw\\postgres-replication.md#3"",""selected_sentence_indices"":[0,1,2,3,4],""original_tokens"":92,""optimized_tokens"":92}]",threshold,0.95
qt022,VAGUE,threshold-0.95,Why is the replica falling behind?,5,5,2,386,386,0,0.0,1,4,1.0362694300518136,0.08034979994408786,datasets\raw\postgres-replication.md|datasets\raw\postgres-replication.md|datasets\raw\postgres-replication.md|datasets\raw\postgres-replication.md|datasets\raw\kafka-overview.md,"[{""source_id"":""datasets\\raw\\postgres-replication.md#1"",""selected_sentence_indices"":[0,1,2,3,4],""original_tokens"":87,""optimized_tokens"":87},{""source_id"":""datasets\\raw\\postgres-replication.md#3"",""selected_sentence_indices"":[0,1,2,3,4],""original_tokens"":92,""optimized_tokens"":92},{""source_id"":""datasets\\raw\\postgres-replication.md#0"",""selected_sentence_indices"":[0,1,2,3,4],""original_tokens"":83,""optimized_tokens"":83},{""source_id"":""datasets\\raw\\postgres-replication.md#4"",""selected_sentence_indices"":[0,1],""original_tokens"":34,""optimized_tokens"":34},{""source_id"":""datasets\\raw\\kafka-overview.md#2"",""selected_sentence_indices"":[0,1,2,3,4,5],""original_tokens"":90,""optimized_tokens"":90}]",threshold,0.95
qt023,VAGUE,threshold-0.95,Why is my workload still pending?,5,5,2,405,405,0,0.0,1,4,0.9876543209876544,0.08221199992112815,datasets\raw\kubernetes-scheduling.md|datasets\raw\kubernetes-scheduling.md|datasets\raw\kubernetes-scheduling.md|datasets\raw\postgres-replication.md|datasets\raw\kubernetes-scheduling.md,"[{""source_id"":""datasets\\raw\\kubernetes-scheduling.md#0"",""selected_sentence_indices"":[0,1,2,3,4],""original_tokens"":91,""optimized_tokens"":91},{""source_id"":""datasets\\raw\\kubernetes-scheduling.md#1"",""selected_sentence_indices"":[0,1,2,3,4,5,6],""original_tokens"":94,""optimized_tokens"":94},{""source_id"":""datasets\\raw\\kubernetes-scheduling.md#2"",""selected_sentence_indices"":[0,1,2,3,4,5,6],""original_tokens"":96,""optimized_tokens"":96},{""source_id"":""datasets\\raw\\postgres-replication.md#1"",""selected_sentence_indices"":[0,1,2,3,4],""original_tokens"":87,""optimized_tokens"":87},{""source_id"":""datasets\\raw\\kubernetes-scheduling.md#3"",""selected_sentence_indices"":[0,1],""original_tokens"":37,""optimized_tokens"":37}]",threshold,0.95
qt024,VAGUE,threshold-0.95,How can I read the same messages again?,5,5,3,399,399,0,0.0,1,2,0.5012531328320802,0.08177350019104779,datasets\raw\kafka-overview.md|datasets\raw\postgres-mvcc.md|datasets\raw\kafka-overview.md|datasets\raw\postgres-mvcc.md|datasets\raw\postgres-replication.md,"[{""source_id"":""datasets\\raw\\kafka-overview.md#2"",""selected_sentence_indices"":[0,1,2,3,4,5],""original_tokens"":90,""optimized_tokens"":90},{""source_id"":""datasets\\raw\\postgres-mvcc.md#1"",""selected_sentence_indices"":[0,1,2,3,4,5],""original_tokens"":94,""optimized_tokens"":94},{""source_id"":""datasets\\raw\\kafka-overview.md#3"",""selected_sentence_indices"":[0,1],""original_tokens"":41,""optimized_tokens"":41},{""source_id"":""datasets\\raw\\postgres-mvcc.md#0"",""selected_sentence_indices"":[0,1,2,3,4],""original_tokens"":91,""optimized_tokens"":91},{""source_id"":""datasets\\raw\\postgres-replication.md#0"",""selected_sentence_indices"":[0,1,2,3,4],""original_tokens"":83,""optimized_tokens"":83}]",threshold,0.95
qt025,VAGUE,threshold-0.95,Why is commit slower now?,5,5,2,389,389,0,0.0,1,2,0.5141388174807198,0.07764800009317696,datasets\raw\postgres-mvcc.md|datasets\raw\postgres-mvcc.md|datasets\raw\postgres-replication.md|datasets\raw\postgres-mvcc.md|datasets\raw\postgres-replication.md,"[{""source_id"":""datasets\\raw\\postgres-mvcc.md#1"",""selected_sentence_indices"":[0,1,2,3,4,5],""original_tokens"":94,""optimized_tokens"":94},{""source_id"":""datasets\\raw\\postgres-mvcc.md#0"",""selected_sentence_indices"":[0,1,2,3,4],""original_tokens"":91,""optimized_tokens"":91},{""source_id"":""datasets\\raw\\postgres-replication.md#1"",""selected_sentence_indices"":[0,1,2,3,4],""original_tokens"":87,""optimized_tokens"":87},{""source_id"":""datasets\\raw\\postgres-mvcc.md#3"",""selected_sentence_indices"":[0],""original_tokens"":26,""optimized_tokens"":26},{""source_id"":""datasets\\raw\\postgres-replication.md#2"",""selected_sentence_indices"":[0,1,2,3,4],""original_tokens"":91,""optimized_tokens"":91}]",threshold,0.95
qt026,VAGUE,threshold-0.95,Why do reads keep changing between statements?,5,5,2,386,386,0,0.0,1,3,0.7772020725388601,0.076411799993366,datasets\raw\postgres-mvcc.md|datasets\raw\postgres-mvcc.md|datasets\raw\postgres-mvcc.md|datasets\raw\postgres-replication.md|datasets\raw\postgres-replication.md,"[{""source_id"":""datasets\\raw\\postgres-mvcc.md#1"",""selected_sentence_indices"":[0,1,2,3,4,5],""original_tokens"":94,""optimized_tokens"":94},{""source_id"":""datasets\\raw\\postgres-mvcc.md#0"",""selected_sentence_indices"":[0,1,2,3,4],""original_tokens"":91,""optimized_tokens"":91},{""source_id"":""datasets\\raw\\postgres-mvcc.md#3"",""selected_sentence_indices"":[0],""original_tokens"":26,""optimized_tokens"":26},{""source_id"":""datasets\\raw\\postgres-replication.md#3"",""selected_sentence_indices"":[0,1,2,3,4],""original_tokens"":92,""optimized_tokens"":92},{""source_id"":""datasets\\raw\\postgres-replication.md#0"",""selected_sentence_indices"":[0,1,2,3,4],""original_tokens"":83,""optimized_tokens"":83}]",threshold,0.95
qt027,VAGUE,threshold-0.95,Why won't this workload run on that machine?,5,5,2,405,405,0,0.0,1,4,0.9876543209876544,0.07930129999294877,datasets\raw\kubernetes-scheduling.md|datasets\raw\kubernetes-scheduling.md|datasets\raw\kubernetes-scheduling.md|datasets\raw\kubernetes-scheduling.md|datasets\raw\postgres-replication.md,"[{""source_id"":""datasets\\raw\\kubernetes-scheduling.md#0"",""selected_sentence_indices"":[0,1,2,3,4],""original_tokens"":91,""optimized_tokens"":91},{""source_id"":""datasets\\raw\\kubernetes-scheduling.md#3"",""selected_sentence_indices"":[0,1],""original_tokens"":37,""optimized_tokens"":37},{""source_id"":""datasets\\raw\\kubernetes-scheduling.md#1"",""selected_sentence_indices"":[0,1,2,3,4,5,6],""original_tokens"":94,""optimized_tokens"":94},{""source_id"":""datasets\\raw\\kubernetes-scheduling.md#2"",""selected_sentence_indices"":[0,1,2,3,4,5,6],""original_tokens"":96,""optimized_tokens"":96},{""source_id"":""datasets\\raw\\postgres-replication.md#1"",""selected_sentence_indices"":[0,1,2,3,4],""original_tokens"":87,""optimized_tokens"":87}]",threshold,0.95
qt028,VAGUE,threshold-0.95,Why isn't one reader handling every partition?,5,5,2,405,405,0,0.0,1,4,0.9876543209876544,0.09586630016565323,datasets\raw\kafka-overview.md|datasets\raw\kafka-overview.md|datasets\raw\postgres-mvcc.md|datasets\raw\kafka-overview.md|datasets\raw\kafka-overview.md,"[{""source_id"":""datasets\\raw\\kafka-overview.md#2"",""selected_sentence_indices"":[0,1,2,3,4,5],""original_tokens"":90,""optimized_tokens"":90},{""source_id"":""datasets\\raw\\kafka-overview.md#1"",""selected_sentence_indices"":[0,1,2,3,4,5,6],""original_tokens"":93,""optimized_tokens"":93},{""source_id"":""datasets\\raw\\postgres-mvcc.md#1"",""selected_sentence_indices"":[0,1,2,3,4,5],""original_tokens"":94,""optimized_tokens"":94},{""source_id"":""datasets\\raw\\kafka-overview.md#3"",""selected_sentence_indices"":[0,1],""original_tokens"":41,""optimized_tokens"":41},{""source_id"":""datasets\\raw\\kafka-overview.md#0"",""selected_sentence_indices"":[0,1,2,3,4,5],""original_tokens"":87,""optimized_tokens"":87}]",threshold,0.95
qt029,VAGUE,threshold-0.95,Why is the log filling the disk?,5,5,3,399,399,0,0.0,1,2,0.5012531328320802,0.09966549999080598,datasets\raw\kafka-overview.md|datasets\raw\postgres-mvcc.md|datasets\raw\kafka-overview.md|datasets\raw\postgres-replication.md|datasets\raw\postgres-replication.md,"[{""source_id"":""datasets\\raw\\kafka-overview.md#3"",""selected_sentence_indices"":[0,1],""original_tokens"":41,""optimized_tokens"":41},{""source_id"":""datasets\\raw\\postgres-mvcc.md#2"",""selected_sentence_indices"":[0,1,2,3,4,5],""original_tokens"":93,""optimized_tokens"":93},{""source_id"":""datasets\\raw\\kafka-overview.md#2"",""selected_sentence_indices"":[0,1,2,3,4,5],""original_tokens"":90,""optimized_tokens"":90},{""source_id"":""datasets\\raw\\postgres-replication.md#0"",""selected_sentence_indices"":[0,1,2,3,4],""original_tokens"":83,""optimized_tokens"":83},{""source_id"":""datasets\\raw\\postgres-replication.md#3"",""selected_sentence_indices"":[0,1,2,3,4],""original_tokens"":92,""optimized_tokens"":92}]",threshold,0.95
qt030,VAGUE,threshold-0.95,Who actually starts the containers?,5,5,2,411,411,0,0.0,1,4,0.97323600973236,0.12657890003174543,datasets\raw\kubernetes-scheduling.md|datasets\raw\kubernetes-scheduling.md|datasets\raw\kubernetes-scheduling.md|datasets\raw\kubernetes-scheduling.md|datasets\raw\kafka-overview.md,"[{""source_id"":""datasets\\raw\\kubernetes-scheduling.md#3"",""selected_sentence_indices"":[0,1],""original_tokens"":37,""optimized_tokens"":37},{""source_id"":""datasets\\raw\\kubernetes-scheduling.md#2"",""selected_sentence_indices"":[0,1,2,3,4,5,6],""original_tokens"":96,""optimized_tokens"":96},{""source_id"":""datasets\\raw\\kubernetes-scheduling.md#0"",""selected_sentence_indices"":[0,1,2,3,4],""original_tokens"":91,""optimized_tokens"":91},{""source_id"":""datasets\\raw\\kubernetes-scheduling.md#1"",""selected_sentence_indices"":[0,1,2,3,4,5,6],""original_tokens"":94,""optimized_tokens"":94},{""source_id"":""datasets\\raw\\kafka-overview.md#1"",""selected_sentence_indices"":[0,1,2,3,4,5,6],""original_tokens"":93,""optimized_tokens"":93}]",threshold,0.95
qt031,EXACT_IDENTIFIER,threshold-0.95,What does WAL do in PostgreSQL streaming replication?,5,5,2,381,381,0,0.0,1,3,0.7874015748031495,0.10134440008550882,datasets\raw\postgres-replication.md|datasets\raw\postgres-replication.md|datasets\raw\postgres-replication.md|datasets\raw\postgres-mvcc.md|datasets\raw\postgres-mvcc.md,"[{""source_id"":""datasets\\raw\\postgres-replication.md#0"",""selected_sentence_indices"":[0,1,2,3,4],""original_tokens"":83,""optimized_tokens"":83},{""source_id"":""datasets\\raw\\postgres-replication.md#1"",""selected_sentence_indices"":[0,1,2,3,4],""original_tokens"":87,""optimized_tokens"":87},{""source_id"":""datasets\\raw\\postgres-replication.md#3"",""selected_sentence_indices"":[0,1,2,3,4],""original_tokens"":92,""optimized_tokens"":92},{""source_id"":""datasets\\raw\\postgres-mvcc.md#3"",""selected_sentence_indices"":[0],""original_tokens"":26,""optimized_tokens"":26},{""source_id"":""datasets\\raw\\postgres-mvcc.md#2"",""selected_sentence_indices"":[0,1,2,3,4,5],""original_tokens"":93,""optimized_tokens"":93}]",threshold,0.95
qt032,EXACT_IDENTIFIER,threshold-0.95,What does MVCC provide in PostgreSQL?,5,5,2,387,387,0,0.0,1,4,1.0335917312661498,0.07811870006844401,datasets\raw\postgres-mvcc.md|datasets\raw\postgres-mvcc.md|datasets\raw\postgres-mvcc.md|datasets\raw\postgres-mvcc.md|datasets\raw\postgres-replication.md,"[{""source_id"":""datasets\\raw\\postgres-mvcc.md#3"",""selected_sentence_indices"":[0],""original_tokens"":26,""optimized_tokens"":26},{""source_id"":""datasets\\raw\\postgres-mvcc.md#0"",""selected_sentence_indices"":[0,1,2,3,4],""original_tokens"":91,""optimized_tokens"":91},{""source_id"":""datasets\\raw\\postgres-mvcc.md#1"",""selected_sentence_indices"":[0,1,2,3,4,5],""original_tokens"":94,""optimized_tokens"":94},{""source_id"":""datasets\\raw\\postgres-mvcc.md#2"",""selected_sentence_indices"":[0,1,2,3,4,5],""original_tokens"":93,""optimized_tokens"":93},{""source_id"":""datasets\\raw\\postgres-replication.md#0"",""selected_sentence_indices"":[0,1,2,3,4],""original_tokens"":83,""optimized_tokens"":83}]",threshold,0.95
qt033,EXACT_IDENTIFIER,threshold-0.95,What does VACUUM do with obsolete row versions?,5,5,2,404,404,0,0.0,1,3,0.7425742574257426,0.08302340004593134,datasets\raw\postgres-mvcc.md|datasets\raw\postgres-mvcc.md|datasets\raw\postgres-mvcc.md|datasets\raw\postgres-replication.md|datasets\raw\postgres-replication.md,"[{""source_id"":""datasets\\raw\\postgres-mvcc.md#2"",""selected_sentence_indices"":[0,1,2,3,4,5],""original_tokens"":93,""optimized_tokens"":93},{""source_id"":""datasets\\raw\\postgres-mvcc.md#1"",""selected_sentence_indices"":[0,1,2,3,4,5],""original_tokens"":94,""optimized_tokens"":94},{""source_id"":""datasets\\raw\\postgres-mvcc.md#0"",""selected_sentence_indices"":[0,1,2,3,4],""original_tokens"":91,""optimized_tokens"":91},{""source_id"":""datasets\\raw\\postgres-replication.md#4"",""selected_sentence_indices"":[0,1],""original_tokens"":34,""optimized_tokens"":34},{""source_id"":""datasets\\raw\\postgres-replication.md#3"",""selected_sentence_indices"":[0,1,2,3,4],""original_tokens"":92,""optimized_tokens"":92}]",threshold,0.95
qt034,EXACT_IDENTIFIER,threshold-0.95,How does Read Committed choose snapshots?,5,5,3,445,445,0,0.0,1,2,0.449438202247191,0.0788771000225097,datasets\raw\postgres-mvcc.md|datasets\raw\postgres-mvcc.md|datasets\raw\postgres-replication.md|datasets\raw\kafka-overview.md|datasets\raw\postgres-replication.md,"[{""source_id"":""datasets\\raw\\postgres-mvcc.md#0"",""selected_sentence_indices"":[0,1,2,3,4],""original_tokens"":91,""optimized_tokens"":91},{""source_id"":""datasets\\raw\\postgres-mvcc.md#1"",""selected_sentence_indices"":[0,1,2,3,4,5],""original_tokens"":94,""optimized_tokens"":94},{""source_id"":""datasets\\raw\\postgres-replication.md#1"",""selected_sentence_indices"":[0,1,2,3,4],""original_tokens"":87,""optimized_tokens"":87},{""source_id"":""datasets\\raw\\kafka-overview.md#2"",""selected_sentence_indices"":[0,1,2,3,4,5],""original_tokens"":90,""optimized_tokens"":90},{""source_id"":""datasets\\raw\\postgres-replication.md#0"",""selected_sentence_indices"":[0,1,2,3,4],""original_tokens"":83,""optimized_tokens"":83}]",threshold,0.95
qt035,EXACT_IDENTIFIER,threshold-0.95,How does Repeatable Read use a snapshot?,5,5,3,450,450,0,0.0,1,2,0.4444444444444444,0.07976639992557466,datasets\raw\postgres-mvcc.md|datasets\raw\postgres-mvcc.md|datasets\raw\postgres-replication.md|datasets\raw\kafka-overview.md|datasets\raw\postgres-replication.md,"[{""source_id"":""datasets\\raw\\postgres-mvcc.md#1"",""selected_sentence_indices"":[0,1,2,3,4,5],""original_tokens"":94,""optimized_tokens"":94},{""source_id"":""datasets\\raw\\postgres-mvcc.md#0"",""selected_sentence_indices"":[0,1,2,3,4],""original_tokens"":91,""optimized_tokens"":91},{""source_id"":""datasets\\raw\\postgres-replication.md#0"",""selected_sentence_indices"":[0,1,2,3,4],""original_tokens"":83,""optimized_tokens"":83},{""source_id"":""datasets\\raw\\kafka-overview.md#2"",""selected_sentence_indices"":[0,1,2,3,4,5],""original_tokens"":90,""optimized_tokens"":90},{""source_id"":""datasets\\raw\\postgres-replication.md#3"",""selected_sentence_indices"":[0,1,2,3,4],""original_tokens"":92,""optimized_tokens"":92}]",threshold,0.95
qt036,EXACT_IDENTIFIER,threshold-0.95,What does node affinity do for a Pod?,5,5,2,411,411,0,0.0,1,4,0.97323600973236,0.08101679990068078,datasets\raw\kubernetes-scheduling.md|datasets\raw\kubernetes-scheduling.md|datasets\raw\kubernetes-scheduling.md|datasets\raw\kubernetes-scheduling.md|datasets\raw\kafka-overview.md,"[{""source_id"":""datasets\\raw\\kubernetes-scheduling.md#2"",""selected_sentence_indices"":[0,1,2,3,4,5,6],""original_tokens"":96,""optimized_tokens"":96},{""source_id"":""datasets\\raw\\kubernetes-scheduling.md#0"",""selected_sentence_indices"":[0,1,2,3,4],""original_tokens"":91,""optimized_tokens"":91},{""source_id"":""datasets\\raw\\kubernetes-scheduling.md#3"",""selected_sentence_indices"":[0,1],""original_tokens"":37,""optimized_tokens"":37},{""source_id"":""datasets\\raw\\kubernetes-scheduling.md#1"",""selected_sentence_indices"":[0,1,2,3,4,5,6],""original_tokens"":94,""optimized_tokens"":94},{""source_id"":""datasets\\raw\\kafka-overview.md#1"",""selected_sentence_indices"":[0,1,2,3,4,5,6],""original_tokens"":93,""optimized_tokens"":93}]",threshold,0.95
qt037,EXACT_IDENTIFIER,threshold-0.95,What does kubelet do after Pod binding?,5,5,2,355,355,0,0.0,1,3,0.8450704225352114,0.08006429998204112,datasets\raw\kubernetes-scheduling.md|datasets\raw\kubernetes-scheduling.md|datasets\raw\kubernetes-scheduling.md|datasets\raw\kafka-overview.md|datasets\raw\kafka-overview.md,"[{""source_id"":""datasets\\raw\\kubernetes-scheduling.md#2"",""selected_sentence_indices"":[0,1,2,3,4,5,6],""original_tokens"":96,""optimized_tokens"":96},{""source_id"":""datasets\\raw\\kubernetes-scheduling.md#3"",""selected_sentence_indices"":[0,1],""original_tokens"":37,""optimized_tokens"":37},{""source_id"":""datasets\\raw\\kubernetes-scheduling.md#0"",""selected_sentence_indices"":[0,1,2,3,4],""original_tokens"":91,""optimized_tokens"":91},{""source_id"":""datasets\\raw\\kafka-overview.md#3"",""selected_sentence_indices"":[0,1],""original_tokens"":41,""optimized_tokens"":41},{""source_id"":""datasets\\raw\\kafka-overview.md#2"",""selected_sentence_indices"":[0,1,2,3,4,5],""original_tokens"":90,""optimized_tokens"":90}]",threshold,0.95
qt038,EXACT_IDENTIFIER,threshold-0.95,What is a Kafka topic partition?,5,5,2,345,345,0,0.0,1,4,1.1594202898550725,0.07757190009579062,datasets\raw\kafka-overview.md|datasets\raw\kafka-overview.md|datasets\raw\kafka-overview.md|datasets\raw\kafka-overview.md|datasets\raw\postgres-replication.md,"[{""source_id"":""datasets\\raw\\kafka-overview.md#0"",""selected_sentence_indices"":[0,1,2,3,4,5],""original_tokens"":87,""optimized_tokens"":87},{""source_id"":""datasets\\raw\\kafka-overview.md#1"",""selected_sentence_indices"":[0,1,2,3,4,5,6],""original_tokens"":93,""optimized_tokens"":93},{""source_id"":""datasets\\raw\\kafka-overview.md#2"",""selected_sentence_indices"":[0,1,2,3,4,5],""original_tokens"":90,""optimized_tokens"":90},{""source_id"":""datasets\\raw\\kafka-overview.md#3"",""selected_sentence_indices"":[0,1],""original_tokens"":41,""optimized_tokens"":41},{""source_id"":""datasets\\raw\\postgres-replication.md#4"",""selected_sentence_indices"":[0,1],""original_tokens"":34,""optimized_tokens"":34}]",threshold,0.95
qt039,EXACT_IDENTIFIER,threshold-0.95,What does a Kafka consumer group do?,5,5,2,404,404,0,0.0,1,4,0.9900990099009901,0.08191019995138049,datasets\raw\kafka-overview.md|datasets\raw\kafka-overview.md|datasets\raw\kafka-overview.md|datasets\raw\kafka-overview.md|datasets\raw\postgres-mvcc.md,"[{""source_id"":""datasets\\raw\\kafka-overview.md#1"",""selected_sentence_indices"":[0,1,2,3,4,5,6],""original_tokens"":93,""optimized_tokens"":93},{""source_id"":""datasets\\raw\\kafka-overview.md#2"",""selected_sentence_indices"":[0,1,2,3,4,5],""original_tokens"":90,""optimized_tokens"":90},{""source_id"":""datasets\\raw\\kafka-overview.md#0"",""selected_sentence_indices"":[0,1,2,3,4,5],""original_tokens"":87,""optimized_tokens"":87},{""source_id"":""datasets\\raw\\kafka-overview.md#3"",""selected_sentence_indices"":[0,1],""original_tokens"":41,""optimized_tokens"":41},{""source_id"":""datasets\\raw\\postgres-mvcc.md#2"",""selected_sentence_indices"":[0,1,2,3,4,5],""original_tokens"":93,""optimized_tokens"":93}]",threshold,0.95
qt040,EXACT_IDENTIFIER,threshold-0.95,What is a replication slot?,5,5,2,386,386,0,0.0,1,4,1.0362694300518136,0.07657380006276071,datasets\raw\postgres-replication.md|datasets\raw\postgres-replication.md|datasets\raw\postgres-replication.md|datasets\raw\postgres-replication.md|datasets\raw\kafka-overview.md,"[{""source_id"":""datasets\\raw\\postgres-replication.md#3"",""selected_sentence_indices"":[0,1,2,3,4],""original_tokens"":92,""optimized_tokens"":92},{""source_id"":""datasets\\raw\\postgres-replication.md#0"",""selected_sentence_indices"":[0,1,2,3,4],""original_tokens"":83,""optimized_tokens"":83},{""source_id"":""datasets\\raw\\postgres-replication.md#4"",""selected_sentence_indices"":[0,1],""original_tokens"":34,""optimized_tokens"":34},{""source_id"":""datasets\\raw\\postgres-replication.md#1"",""selected_sentence_indices"":[0,1,2,3,4],""original_tokens"":87,""optimized_tokens"":87},{""source_id"":""datasets\\raw\\kafka-overview.md#2"",""selected_sentence_indices"":[0,1,2,3,4,5],""original_tokens"":90,""optimized_tokens"":90}]",threshold,0.95
qt041,MULTI_PART,threshold-0.95,"How does streaming replication work, and what can happen if an asynchronous standby has not received the latest WAL?",5,5,2,379,379,0,0.0,1,4,1.0554089709762533,0.08978740009479225,datasets\raw\postgres-replication.md|datasets\raw\postgres-replication.md|datasets\raw\postgres-replication.md|datasets\raw\postgres-mvcc.md|datasets\raw\postgres-replication.md,"[{""source_id"":""datasets\\raw\\postgres-replication.md#1"",""selected_sentence_indices"":[0,1,2,3,4],""original_tokens"":87,""optimized_tokens"":87},{""source_id"":""datasets\\raw\\postgres-replication.md#0"",""selected_sentence_indices"":[0,1,2,3,4],""original_tokens"":83,""optimized_tokens"":83},{""source_id"":""datasets\\raw\\postgres-replication.md#3"",""selected_sentence_indices"":[0,1,2,3,4],""original_tokens"":92,""optimized_tokens"":92},{""source_id"":""datasets\\raw\\postgres-mvcc.md#3"",""selected_sentence_indices"":[0],""original_tokens"":26,""optimized_tokens"":26},{""source_id"":""datasets\\raw\\postgres-replication.md#2"",""selected_sentence_indices"":[0,1,2,3,4],""original_tokens"":91,""optimized_tokens"":91}]",threshold,0.95
qt042,MULTI_PART,threshold-0.95,"How do snapshots provide MVCC visibility, and how does VACUUM reclaim obsolete versions?",5,5,2,396,396,0,0.0,1,4,1.0101010101010102,0.08400260005146265,datasets\raw\postgres-mvcc.md|datasets\raw\postgres-mvcc.md|datasets\raw\postgres-mvcc.md|datasets\raw\postgres-mvcc.md|datasets\raw\postgres-replication.md,"[{""source_id"":""datasets\\raw\\postgres-mvcc.md#2"",""selected_sentence_indices"":[0,1,2,3,4,5],""original_tokens"":93,""optimized_tokens"":93},{""source_id"":""datasets\\raw\\postgres-mvcc.md#0"",""selected_sentence_indices"":[0,1,2,3,4],""original_tokens"":91,""optimized_tokens"":91},{""source_id"":""datasets\\raw\\postgres-mvcc.md#1"",""selected_sentence_indices"":[0,1,2,3,4,5],""original_tokens"":94,""optimized_tokens"":94},{""source_id"":""datasets\\raw\\postgres-mvcc.md#3"",""selected_sentence_indices"":[0],""original_tokens"":26,""optimized_tokens"":26},{""source_id"":""datasets\\raw\\postgres-replication.md#3"",""selected_sentence_indices"":[0,1,2,3,4],""original_tokens"":92,""optimized_tokens"":92}]",threshold,0.95
qt043,MULTI_PART,threshold-0.95,"How does Kubernetes filter and score nodes, and what happens after a Pod is bound?",5,5,2,411,411,0,0.0,1,4,0.97323600973236,0.07999380002729595,datasets\raw\kubernetes-scheduling.md|datasets\raw\kubernetes-scheduling.md|datasets\raw\kubernetes-scheduling.md|datasets\raw\kubernetes-scheduling.md|datasets\raw\kafka-overview.md,"[{""source_id"":""datasets\\raw\\kubernetes-scheduling.md#0"",""selected_sentence_indices"":[0,1,2,3,4],""original_tokens"":91,""optimized_tokens"":91},{""source_id"":""datasets\\raw\\kubernetes-scheduling.md#2"",""selected_sentence_indices"":[0,1,2,3,4,5,6],""original_tokens"":96,""optimized_tokens"":96},{""source_id"":""datasets\\raw\\kubernetes-scheduling.md#3"",""selected_sentence_indices"":[0,1],""original_tokens"":37,""optimized_tokens"":37},{""source_id"":""datasets\\raw\\kubernetes-scheduling.md#1"",""selected_sentence_indices"":[0,1,2,3,4,5,6],""original_tokens"":94,""optimized_tokens"":94},{""source_id"":""datasets\\raw\\kafka-overview.md#1"",""selected_sentence_indices"":[0,1,2,3,4,5,6],""original_tokens"":93,""optimized_tokens"":93}]",threshold,0.95
qt044,MULTI_PART,threshold-0.95,"How do Kafka partitions enable parallelism, and how are they replicated across brokers?",5,5,2,345,345,0,0.0,1,4,1.1594202898550725,0.08147859992459416,datasets\raw\kafka-overview.md|datasets\raw\kafka-overview.md|datasets\raw\kafka-overview.md|datasets\raw\kafka-overview.md|datasets\raw\postgres-replication.md,"[{""source_id"":""datasets\\raw\\kafka-overview.md#1"",""selected_sentence_indices"":[0,1,2,3,4,5,6],""original_tokens"":93,""optimized_tokens"":93},{""source_id"":""datasets\\raw\\kafka-overview.md#2"",""selected_sentence_indices"":[0,1,2,3,4,5],""original_tokens"":90,""optimized_tokens"":90},{""source_id"":""datasets\\raw\\kafka-overview.md#0"",""selected_sentence_indices"":[0,1,2,3,4,5],""original_tokens"":87,""optimized_tokens"":87},{""source_id"":""datasets\\raw\\kafka-overview.md#3"",""selected_sentence_indices"":[0,1],""original_tokens"":41,""optimized_tokens"":41},{""source_id"":""datasets\\raw\\postgres-replication.md#4"",""selected_sentence_indices"":[0,1],""original_tokens"":34,""optimized_tokens"":34}]",threshold,0.95
qt045,MULTI_PART,threshold-0.95,"What improves with synchronous replication, and why can commit latency increase?",5,5,2,386,386,0,0.0,1,4,1.0362694300518136,0.07879759999923408,datasets\raw\postgres-replication.md|datasets\raw\postgres-replication.md|datasets\raw\postgres-replication.md|datasets\raw\kafka-overview.md|datasets\raw\postgres-replication.md,"[{""source_id"":""datasets\\raw\\postgres-replication.md#1"",""selected_sentence_indices"":[0,1,2,3,4],""original_tokens"":87,""optimized_tokens"":87},{""source_id"":""datasets\\raw\\postgres-replication.md#3"",""selected_sentence_indices"":[0,1,2,3,4],""original_tokens"":92,""optimized_tokens"":92},{""source_id"":""datasets\\raw\\postgres-replication.md#0"",""selected_sentence_indices"":[0,1,2,3,4],""original_tokens"":83,""optimized_tokens"":83},{""source_id"":""datasets\\raw\\kafka-overview.md#2"",""selected_sentence_indices"":[0,1,2,3,4,5],""original_tokens"":90,""optimized_tokens"":90},{""source_id"":""datasets\\raw\\postgres-replication.md#4"",""selected_sentence_indices"":[0,1],""original_tokens"":34,""optimized_tokens"":34}]",threshold,0.95
qt046,MULTI_PART,threshold-0.95,"Why do readers usually avoid blocking writers, and when are row locks still used?",5,5,3,454,454,0,0.0,1,2,0.44052863436123346,0.07927910005673766,datasets\raw\postgres-mvcc.md|datasets\raw\postgres-mvcc.md|datasets\raw\postgres-replication.md|datasets\raw\kafka-overview.md|datasets\raw\postgres-replication.md,"[{""source_id"":""datasets\\raw\\postgres-mvcc.md#1"",""selected_sentence_indices"":[0,1,2,3,4,5],""original_tokens"":94,""optimized_tokens"":94},{""source_id"":""datasets\\raw\\postgres-mvcc.md#0"",""selected_sentence_indices"":[0,1,2,3,4],""original_tokens"":91,""optimized_tokens"":91},{""source_id"":""datasets\\raw\\postgres-replication.md#3"",""selected_sentence_indices"":[0,1,2,3,4],""original_tokens"":92,""optimized_tokens"":92},{""source_id"":""datasets\\raw\\kafka-overview.md#2"",""selected_sentence_indices"":[0,1,2,3,4,5],""original_tokens"":90,""optimized_tokens"":90},{""source_id"":""datasets\\raw\\postgres-replication.md#1"",""selected_sentence_indices"":[0,1,2,3,4],""original_tokens"":87,""optimized_tokens"":87}]",threshold,0.95
qt047,MULTI_PART,threshold-0.95,"How do taints, tolerations, and node affinity jointly influence Pod placement?",5,5,2,408,408,0,0.0,1,4,0.9803921568627451,0.08208909980021417,datasets\raw\kubernetes-scheduling.md|datasets\raw\kubernetes-scheduling.md|datasets\raw\kubernetes-scheduling.md|datasets\raw\kubernetes-scheduling.md|datasets\raw\kafka-overview.md,"[{""source_id"":""datasets\\raw\\kubernetes-scheduling.md#2"",""selected_sentence_indices"":[0,1,2,3,4,5,6],""original_tokens"":96,""optimized_tokens"":96},{""source_id"":""datasets\\raw\\kubernetes-scheduling.md#0"",""selected_sentence_indices"":[0,1,2,3,4],""original_tokens"":91,""optimized_tokens"":91},{""source_id"":""datasets\\raw\\kubernetes-scheduling.md#1"",""selected_sentence_indices"":[0,1,2,3,4,5,6],""original_tokens"":94,""optimized_tokens"":94},{""source_id"":""datasets\\raw\\kubernetes-scheduling.md#3"",""selected_sentence_indices"":[0,1],""original_tokens"":37,""optimized_tokens"":37},{""source_id"":""datasets\\raw\\kafka-overview.md#2"",""selected_sentence_indices"":[0,1,2,3,4,5],""original_tokens"":90,""optimized_tokens"":90}]",threshold,0.95
qt048,MULTI_PART,threshold-0.95,"How do consumer groups distribute partitions, and how can consumers replay old events?",5,5,2,403,403,0,0.0,1,4,0.9925558312655086,0.07889810018241405,datasets\raw\kafka-overview.md|datasets\raw\kafka-overview.md|datasets\raw\kafka-overview.md|datasets\raw\kafka-overview.md|datasets\raw\postgres-replication.md,"[{""source_id"":""datasets\\raw\\kafka-overview.md#2"",""selected_sentence_indices"":[0,1,2,3,4,5],""original_tokens"":90,""optimized_tokens"":90},{""source_id"":""datasets\\raw\\kafka-overview.md#1"",""selected_sentence_indices"":[0,1,2,3,4,5,6],""original_tokens"":93,""optimized_tokens"":93},{""source_id"":""datasets\\raw\\kafka-overview.md#3"",""selected_sentence_indices"":[0,1],""original_tokens"":41,""optimized_tokens"":41},{""source_id"":""datasets\\raw\\kafka-overview.md#0"",""selected_sentence_indices"":[0,1,2,3,4,5],""original_tokens"":87,""optimized_tokens"":87},{""source_id"":""datasets\\raw\\postgres-replication.md#3"",""selected_sentence_indices"":[0,1,2,3,4],""original_tokens"":92,""optimized_tokens"":92}]",threshold,0.95
qt049,MULTI_PART,threshold-0.95,"How is a standby promoted, and why is external failover orchestration often used?",5,5,2,394,394,0,0.0,1,4,1.015228426395939,0.08693789993412793,datasets\raw\postgres-replication.md|datasets\raw\postgres-replication.md|datasets\raw\postgres-replication.md|datasets\raw\postgres-replication.md|datasets\raw\kafka-overview.md,"[{""source_id"":""datasets\\raw\\postgres-replication.md#2"",""selected_sentence_indices"":[0,1,2,3,4],""original_tokens"":91,""optimized_tokens"":91},{""source_id"":""datasets\\raw\\postgres-replication.md#3"",""selected_sentence_indices"":[0,1,2,3,4],""original_tokens"":92,""optimized_tokens"":92},{""source_id"":""datasets\\raw\\postgres-replication.md#1"",""selected_sentence_indices"":[0,1,2,3,4],""original_tokens"":87,""optimized_tokens"":87},{""source_id"":""datasets\\raw\\postgres-replication.md#0"",""selected_sentence_indices"":[0,1,2,3,4],""original_tokens"":83,""optimized_tokens"":83},{""source_id"":""datasets\\raw\\kafka-overview.md#3"",""selected_sentence_indices"":[0,1],""original_tokens"":41,""optimized_tokens"":41}]",threshold,0.95
qt050,MULTI_PART,threshold-0.95,"How do resource requests affect scheduling, and how are they different from limits?",5,5,2,408,408,0,0.0,1,4,0.9803921568627451,0.0845119000878185,datasets\raw\kubernetes-scheduling.md|datasets\raw\kubernetes-scheduling.md|datasets\raw\kubernetes-scheduling.md|datasets\raw\kubernetes-scheduling.md|datasets\raw\kafka-overview.md,"[{""source_id"":""datasets\\raw\\kubernetes-scheduling.md#1"",""selected_sentence_indices"":[0,1,2,3,4,5,6],""original_tokens"":94,""optimized_tokens"":94},{""source_id"":""datasets\\raw\\kubernetes-scheduling.md#2"",""selected_sentence_indices"":[0,1,2,3,4,5,6],""original_tokens"":96,""optimized_tokens"":96},{""source_id"":""datasets\\raw\\kubernetes-scheduling.md#0"",""selected_sentence_indices"":[0,1,2,3,4],""original_tokens"":91,""optimized_tokens"":91},{""source_id"":""datasets\\raw\\kubernetes-scheduling.md#3"",""selected_sentence_indices"":[0,1],""original_tokens"":37,""optimized_tokens"":37},{""source_id"":""datasets\\raw\\kafka-overview.md#2"",""selected_sentence_indices"":[0,1,2,3,4,5],""original_tokens"":90,""optimized_tokens"":90}]",threshold,0.95
qt001,DIRECT,ratio-1.00,How does PostgreSQL streaming replication work?,5,5,2,389,389,0,0.0,1,4,1.0282776349614395,0.0817335001192987,datasets\raw\postgres-replication.md|datasets\raw\postgres-replication.md|datasets\raw\postgres-replication.md|datasets\raw\postgres-replication.md|datasets\raw\postgres-mvcc.md,"[{""source_id"":""datasets\\raw\\postgres-replication.md#0"",""selected_sentence_indices"":[0,1,2,3,4],""original_tokens"":83,""optimized_tokens"":83},{""source_id"":""datasets\\raw\\postgres-replication.md#1"",""selected_sentence_indices"":[0,1,2,3,4],""original_tokens"":87,""optimized_tokens"":87},{""source_id"":""datasets\\raw\\postgres-replication.md#3"",""selected_sentence_indices"":[0,1,2,3,4],""original_tokens"":92,""optimized_tokens"":92},{""source_id"":""datasets\\raw\\postgres-replication.md#4"",""selected_sentence_indices"":[0,1],""original_tokens"":34,""optimized_tokens"":34},{""source_id"":""datasets\\raw\\postgres-mvcc.md#2"",""selected_sentence_indices"":[0,1,2,3,4,5],""original_tokens"":93,""optimized_tokens"":93}]",ratio,1.0
qt002,DIRECT,ratio-1.00,How does PostgreSQL MVCC determine row visibility?,5,5,2,396,396,0,0.0,1,4,1.0101010101010102,0.08511099987663329,datasets\raw\postgres-mvcc.md|datasets\raw\postgres-mvcc.md|datasets\raw\postgres-mvcc.md|datasets\raw\postgres-mvcc.md|datasets\raw\postgres-replication.md,"[{""source_id"":""datasets\\raw\\postgres-mvcc.md#1"",""selected_sentence_indices"":[0,1,2,3,4,5],""original_tokens"":94,""optimized_tokens"":94},{""source_id"":""datasets\\raw\\postgres-mvcc.md#0"",""selected_sentence_indices"":[0,1,2,3,4],""original_tokens"":91,""optimized_tokens"":91},{""source_id"":""datasets\\raw\\postgres-mvcc.md#3"",""selected_sentence_indices"":[0],""original_tokens"":26,""optimized_tokens"":26},{""source_id"":""datasets\\raw\\postgres-mvcc.md#2"",""selected_sentence_indices"":[0,1,2,3,4,5],""original_tokens"":93,""optimized_tokens"":93},{""source_id"":""datasets\\raw\\postgres-replication.md#3"",""selected_sentence_indices"":[0,1,2,3,4],""original_tokens"":92,""optimized_tokens"":92}]",ratio,1.0
qt003,DIRECT,ratio-1.00,How does Kubernetes select a node for a Pod?,5,5,2,411,411,0,0.0,1,4,0.97323600973236,0.10639820015057921,datasets\raw\kubernetes-scheduling.md|datasets\raw\kubernetes-scheduling.md|datasets\raw\kubernetes-scheduling.md|datasets\raw\kubernetes-scheduling.md|datasets\raw\kafka-overview.md,"[{""source_id"":""datasets\\raw\\kubernetes-scheduling.md#0"",""selected_sentence_indices"":[0,1,2,3,4],""original_tokens"":91,""optimized_tokens"":91},{""source_id"":""datasets\\raw\\kubernetes-scheduling.md#2"",""selected_sentence_indices"":[0,1,2,3,4,5,6],""original_tokens"":96,""optimized_tokens"":96},{""source_id"":""datasets\\raw\\kubernetes-scheduling.md#3"",""selected_sentence_indices"":[0,1],""original_tokens"":37,""optimized_tokens"":37},{""source_id"":""datasets\\raw\\kubernetes-scheduling.md#1"",""selected_sentence_indices"":[0,1,2,3,4,5,6],""original_tokens"":94,""optimized_tokens"":94},{""source_id"":""datasets\\raw\\kafka-overview.md#1"",""selected_sentence_indices"":[0,1,2,3,4,5,6],""original_tokens"":93,""optimized_tokens"":93}]",ratio,1.0
qt004,DIRECT,ratio-1.00,What is Apache Kafka used for?,5,5,2,404,404,0,0.0,1,4,0.9900990099009901,0.09198220004327595,datasets\raw\kafka-overview.md|datasets\raw\kafka-overview.md|datasets\raw\kafka-overview.md|datasets\raw\kafka-overview.md|datasets\raw\postgres-mvcc.md,"[{""source_id"":""datasets\\raw\\kafka-overview.md#0"",""selected_sentence_indices"":[0,1,2,3,4,5],""original_tokens"":87,""optimized_tokens"":87},{""source_id"":""datasets\\raw\\kafka-overview.md#1"",""selected_sentence_indices"":[0,1,2,3,4,5,6],""original_tokens"":93,""optimized_tokens"":93},{""source_id"":""datasets\\raw\\kafka-overview.md#3"",""selected_sentence_indices"":[0,1],""original_tokens"":41,""optimized_tokens"":41},{""source_id"":""datasets\\raw\\kafka-overview.md#2"",""selected_sentence_indices"":[0,1,2,3,4,5],""original_tokens"":90,""optimized_tokens"":90},{""source_id"":""datasets\\raw\\postgres-mvcc.md#2"",""selected_sentence_indices"":[0,1,2,3,4,5],""original_tokens"":93,""optimized_tokens"":93}]",ratio,1.0
qt005,DIRECT,ratio-1.00,What trade-off does synchronous PostgreSQL replication make?,5,5,2,322,322,0,0.0,1,4,1.2422360248447204,0.08952499995939434,datasets\raw\postgres-replication.md|datasets\raw\postgres-replication.md|datasets\raw\postgres-replication.md|datasets\raw\postgres-replication.md|datasets\raw\postgres-mvcc.md,"[{""source_id"":""datasets\\raw\\postgres-replication.md#3"",""selected_sentence_indices"":[0,1,2,3,4],""original_tokens"":92,""optimized_tokens"":92},{""source_id"":""datasets\\raw\\postgres-replication.md#0"",""selected_sentence_indices"":[0,1,2,3,4],""original_tokens"":83,""optimized_tokens"":83},{""source_id"":""datasets\\raw\\postgres-replication.md#1"",""selected_sentence_indices"":[0,1,2,3,4],""original_tokens"":87,""optimized_tokens"":87},{""source_id"":""datasets\\raw\\postgres-replication.md#4"",""selected_sentence_indices"":[0,1],""original_tokens"":34,""optimized_tokens"":34},{""source_id"":""datasets\\raw\\postgres-mvcc.md#3"",""selected_sentence_indices"":[0],""original_tokens"":26,""optimized_tokens"":26}]",ratio,1.0
qt006,DIRECT,ratio-1.00,What does PostgreSQL VACUUM do?,5,5,2,385,385,0,0.0,1,3,0.7792207792207793,0.08821860002353787,datasets\raw\postgres-mvcc.md|datasets\raw\postgres-mvcc.md|datasets\raw\postgres-replication.md|datasets\raw\postgres-replication.md|datasets\raw\postgres-mvcc.md,"[{""source_id"":""datasets\\raw\\postgres-mvcc.md#2"",""selected_sentence_indices"":[0,1,2,3,4,5],""original_tokens"":93,""optimized_tokens"":93},{""source_id"":""datasets\\raw\\postgres-mvcc.md#0"",""selected_sentence_indices"":[0,1,2,3,4],""original_tokens"":91,""optimized_tokens"":91},{""source_id"":""datasets\\raw\\postgres-replication.md#3"",""selected_sentence_indices"":[0,1,2,3,4],""original_tokens"":92,""optimized_tokens"":92},{""source_id"":""datasets\\raw\\postgres-replication.md#0"",""selected_sentence_indices"":[0,1,2,3,4],""original_tokens"":83,""optimized_tokens"":83},{""source_id"":""datasets\\raw\\postgres-mvcc.md#3"",""selected_sentence_indices"":[0],""original_tokens"":26,""optimized_tokens"":26}]",ratio,1.0
qt007,DIRECT,ratio-1.00,How do Kubernetes taints and tolerations affect scheduling?,5,5,2,408,408,0,0.0,1,4,0.9803921568627451,0.07917099981568754,datasets\raw\kubernetes-scheduling.md|datasets\raw\kubernetes-scheduling.md|datasets\raw\kubernetes-scheduling.md|datasets\raw\kubernetes-scheduling.md|datasets\raw\kafka-overview.md,"[{""source_id"":""datasets\\raw\\kubernetes-scheduling.md#2"",""selected_sentence_indices"":[0,1,2,3,4,5,6],""original_tokens"":96,""optimized_tokens"":96},{""source_id"":""datasets\\raw\\kubernetes-scheduling.md#0"",""selected_sentence_indices"":[0,1,2,3,4],""original_tokens"":91,""optimized_tokens"":91},{""source_id"":""datasets\\raw\\kubernetes-scheduling.md#3"",""selected_sentence_indices"":[0,1],""original_tokens"":37,""optimized_tokens"":37},{""source_id"":""datasets\\raw\\kubernetes-scheduling.md#1"",""selected_sentence_indices"":[0,1,2,3,4,5,6],""original_tokens"":94,""optimized_tokens"":94},{""source_id"":""datasets\\raw\\kafka-overview.md#2"",""selected_sentence_indices"":[0,1,2,3,4,5],""original_tokens"":90,""optimized_tokens"":90}]",ratio,1.0
qt008,DIRECT,ratio-1.00,How do Kafka consumer groups divide work?,5,5,2,403,403,0,0.0,1,4,0.9925558312655086,0.08629380003549159,datasets\raw\kafka-overview.md|datasets\raw\kafka-overview.md|datasets\raw\kafka-overview.md|datasets\raw\kafka-overview.md|datasets\raw\postgres-replication.md,"[{""source_id"":""datasets\\raw\\kafka-overview.md#1"",""selected_sentence_indices"":[0,1,2,3,4,5,6],""original_tokens"":93,""optimized_tokens"":93},{""source_id"":""datasets\\raw\\kafka-overview.md#2"",""selected_sentence_indices"":[0,1,2,3,4,5],""original_tokens"":90,""optimized_tokens"":90},{""source_id"":""datasets\\raw\\kafka-overview.md#0"",""selected_sentence_indices"":[0,1,2,3,4,5],""original_tokens"":87,""optimized_tokens"":87},{""source_id"":""datasets\\raw\\kafka-overview.md#3"",""selected_sentence_indices"":[0,1],""original_tokens"":41,""optimized_tokens"":41},{""source_id"":""datasets\\raw\\postgres-replication.md#3"",""selected_sentence_indices"":[0,1,2,3,4],""original_tokens"":92,""optimized_tokens"":92}]",ratio,1.0
qt009,DIRECT,ratio-1.00,Why can a PostgreSQL replication slot consume disk space?,5,5,2,389,389,0,0.0,1,4,1.0282776349614395,0.0845363000407815,datasets\raw\postgres-replication.md|datasets\raw\postgres-replication.md|datasets\raw\postgres-mvcc.md|datasets\raw\postgres-replication.md|datasets\raw\postgres-replication.md,"[{""source_id"":""datasets\\raw\\postgres-replication.md#3"",""selected_sentence_indices"":[0,1,2,3,4],""original_tokens"":92,""optimized_tokens"":92},{""source_id"":""datasets\\raw\\postgres-replication.md#4"",""selected_sentence_indices"":[0,1],""original_tokens"":34,""optimized_tokens"":34},{""source_id"":""datasets\\raw\\postgres-mvcc.md#2"",""selected_sentence_indices"":[0,1,2,3,4,5],""original_tokens"":93,""optimized_tokens"":93},{""source_id"":""datasets\\raw\\postgres-replication.md#0"",""selected_sentence_indices"":[0,1,2,3,4],""original_tokens"":83,""optimized_tokens"":83},{""source_id"":""datasets\\raw\\postgres-replication.md#1"",""selected_sentence_indices"":[0,1,2,3,4],""original_tokens"":87,""optimized_tokens"":87}]",ratio,1.0
qt010,DIRECT,ratio-1.00,How does logical replication differ from physical streaming replication?,5,5,2,386,386,0,0.0,1,4,1.0362694300518136,0.07241440005600452,datasets\raw\postgres-replication.md|datasets\raw\postgres-replication.md|datasets\raw\postgres-replication.md|datasets\raw\postgres-replication.md|datasets\raw\kafka-overview.md,"[{""source_id"":""datasets\\raw\\postgres-replication.md#4"",""selected_sentence_indices"":[0,1],""original_tokens"":34,""optimized_tokens"":34},{""source_id"":""datasets\\raw\\postgres-replication.md#3"",""selected_sentence_indices"":[0,1,2,3,4],""original_tokens"":92,""optimized_tokens"":92},{""source_id"":""datasets\\raw\\postgres-replication.md#1"",""selected_sentence_indices"":[0,1,2,3,4],""original_tokens"":87,""optimized_tokens"":87},{""source_id"":""datasets\\raw\\postgres-replication.md#0"",""selected_sentence_indices"":[0,1,2,3,4],""original_tokens"":83,""optimized_tokens"":83},{""source_id"":""datasets\\raw\\kafka-overview.md#2"",""selected_sentence_indices"":[0,1,2,3,4,5],""original_tokens"":90,""optimized_tokens"":90}]",ratio,1.0
qt011,PARAPHRASE,ratio-1.00,How can database readers see stable data without making writers wait?,5,5,2,447,447,0,0.0,1,2,0.447427293064877,0.08140929997898638,datasets\raw\postgres-mvcc.md|datasets\raw\postgres-mvcc.md|datasets\raw\postgres-replication.md|datasets\raw\postgres-replication.md|datasets\raw\postgres-replication.md,"[{""source_id"":""datasets\\raw\\postgres-mvcc.md#1"",""selected_sentence_indices"":[0,1,2,3,4,5],""original_tokens"":94,""optimized_tokens"":94},{""source_id"":""datasets\\raw\\postgres-mvcc.md#0"",""selected_sentence_indices"":[0,1,2,3,4],""original_tokens"":91,""optimized_tokens"":91},{""source_id"":""datasets\\raw\\postgres-replication.md#0"",""selected_sentence_indices"":[0,1,2,3,4],""original_tokens"":83,""optimized_tokens"":83},{""source_id"":""datasets\\raw\\postgres-replication.md#1"",""selected_sentence_indices"":[0,1,2,3,4],""original_tokens"":87,""optimized_tokens"":87},{""source_id"":""datasets\\raw\\postgres-replication.md#3"",""selected_sentence_indices"":[0,1,2,3,4],""original_tokens"":92,""optimized_tokens"":92}]",ratio,1.0
qt012,PARAPHRASE,ratio-1.00,How are change records shipped and applied to a backup database?,5,5,2,385,385,0,0.0,1,2,0.5194805194805194,0.07744109979830682,datasets\raw\postgres-mvcc.md|datasets\raw\postgres-mvcc.md|datasets\raw\postgres-mvcc.md|datasets\raw\postgres-replication.md|datasets\raw\postgres-replication.md,"[{""source_id"":""datasets\\raw\\postgres-mvcc.md#0"",""selected_sentence_indices"":[0,1,2,3,4],""original_tokens"":91,""optimized_tokens"":91},{""source_id"":""datasets\\raw\\postgres-mvcc.md#3"",""selected_sentence_indices"":[0],""original_tokens"":26,""optimized_tokens"":26},{""source_id"":""datasets\\raw\\postgres-mvcc.md#2"",""selected_sentence_indices"":[0,1,2,3,4,5],""original_tokens"":93,""optimized_tokens"":93},{""source_id"":""datasets\\raw\\postgres-replication.md#0"",""selected_sentence_indices"":[0,1,2,3,4],""original_tokens"":83,""optimized_tokens"":83},{""source_id"":""datasets\\raw\\postgres-replication.md#3"",""selected_sentence_indices"":[0,1,2,3,4],""original_tokens"":92,""optimized_tokens"":92}]",ratio,1.0
qt013,PARAPHRASE,ratio-1.00,What decides where a newly requested workload runs in a cluster?,5,5,2,410,410,0,0.0,1,4,0.9756097560975611,0.07685020007193089,datasets\raw\kubernetes-scheduling.md|datasets\raw\kubernetes-scheduling.md|datasets\raw\kubernetes-scheduling.md|datasets\raw\postgres-replication.md|datasets\raw\kubernetes-scheduling.md,"[{""source_id"":""datasets\\raw\\kubernetes-scheduling.md#2"",""selected_sentence_indices"":[0,1,2,3,4,5,6],""original_tokens"":96,""optimized_tokens"":96},{""source_id"":""datasets\\raw\\kubernetes-scheduling.md#1"",""selected_sentence_indices"":[0,1,2,3,4,5,6],""original_tokens"":94,""optimized_tokens"":94},{""source_id"":""datasets\\raw\\kubernetes-scheduling.md#0"",""selected_sentence_indices"":[0,1,2,3,4],""original_tokens"":91,""optimized_tokens"":91},{""source_id"":""datasets\\raw\\postgres-replication.md#3"",""selected_sentence_indices"":[0,1,2,3,4],""original_tokens"":92,""optimized_tokens"":92},{""source_id"":""datasets\\raw\\kubernetes-scheduling.md#3"",""selected_sentence_indices"":[0,1],""original_tokens"":37,""optimized_tokens"":37}]",ratio,1.0
qt014,PARAPHRASE,ratio-1.00,How can separate applications independently reread the same ordered events?,5,5,2,403,403,0,0.0,1,4,0.9925558312655086,0.08287920011207461,datasets\raw\kafka-overview.md|datasets\raw\kafka-overview.md|datasets\raw\kafka-overview.md|datasets\raw\postgres-replication.md|datasets\raw\kafka-overview.md,"[{""source_id"":""datasets\\raw\\kafka-overview.md#2"",""selected_sentence_indices"":[0,1,2,3,4,5],""original_tokens"":90,""optimized_tokens"":90},{""source_id"":""datasets\\raw\\kafka-overview.md#3"",""selected_sentence_indices"":[0,1],""original_tokens"":41,""optimized_tokens"":41},{""source_id"":""datasets\\raw\\kafka-overview.md#0"",""selected_sentence_indices"":[0,1,2,3,4,5],""original_tokens"":87,""optimized_tokens"":87},{""source_id"":""datasets\\raw\\postgres-replication.md#3"",""selected_sentence_indices"":[0,1,2,3,4],""original_tokens"":92,""optimized_tokens"":92},{""source_id"":""datasets\\raw\\kafka-overview.md#1"",""selected_sentence_indices"":[0,1,2,3,4,5,6],""original_tokens"":93,""optimized_tokens"":93}]",ratio,1.0
qt015,PARAPHRASE,ratio-1.00,Why might old copies of updated rows remain on disk?,5,5,2,404,404,0,0.0,1,3,0.7425742574257426,0.07739890017546713,datasets\raw\postgres-mvcc.md|datasets\raw\postgres-mvcc.md|datasets\raw\postgres-mvcc.md|datasets\raw\postgres-replication.md|datasets\raw\postgres-replication.md,"[{""source_id"":""datasets\\raw\\postgres-mvcc.md#0"",""selected_sentence_indices"":[0,1,2,3,4],""original_tokens"":91,""optimized_tokens"":91},{""source_id"":""datasets\\raw\\postgres-mvcc.md#1"",""selected_sentence_indices"":[0,1,2,3,4,5],""original_tokens"":94,""optimized_tokens"":94},{""source_id"":""datasets\\raw\\postgres-mvcc.md#2"",""selected_sentence_indices"":[0,1,2,3,4,5],""original_tokens"":93,""optimized_tokens"":93},{""source_id"":""datasets\\raw\\postgres-replication.md#3"",""selected_sentence_indices"":[0,1,2,3,4],""original_tokens"":92,""optimized_tokens"":92},{""source_id"":""datasets\\raw\\postgres-replication.md#4"",""selected_sentence_indices"":[0,1],""original_tokens"":34,""optimized_tokens"":34}]",ratio,1.0
qt016,PARAPHRASE,ratio-1.00,How does the cluster avoid placing a workload on an unsuitable machine?,5,5,3,466,466,0,0.0,1,3,0.6437768240343348,0.08092560013756156,datasets\raw\kubernetes-scheduling.md|datasets\raw\kubernetes-scheduling.md|datasets\raw\kubernetes-scheduling.md|datasets\raw\postgres-replication.md|datasets\raw\kafka-overview.md,"[{""source_id"":""datasets\\raw\\kubernetes-scheduling.md#2"",""selected_sentence_indices"":[0,1,2,3,4,5,6],""original_tokens"":96,""optimized_tokens"":96},{""source_id"":""datasets\\raw\\kubernetes-scheduling.md#0"",""selected_sentence_indices"":[0,1,2,3,4],""original_tokens"":91,""optimized_tokens"":91},{""source_id"":""datasets\\raw\\kubernetes-scheduling.md#1"",""selected_sentence_indices"":[0,1,2,3,4,5,6],""original_tokens"":94,""optimized_tokens"":94},{""source_id"":""datasets\\raw\\postgres-replication.md#3"",""selected_sentence_indices"":[0,1,2,3,4],""original_tokens"":92,""optimized_tokens"":92},{""source_id"":""datasets\\raw\\kafka-overview.md#1"",""selected_sentence_indices"":[0,1,2,3,4,5,6],""original_tokens"":93,""optimized_tokens"":93}]",ratio,1.0
qt017,PARAPHRASE,ratio-1.00,How is an event log spread across servers for parallelism and resilience?,5,5,2,393,393,0,0.0,1,3,0.7633587786259541,0.08032479998655617,datasets\raw\kafka-overview.md|datasets\raw\kafka-overview.md|datasets\raw\kafka-overview.md|datasets\raw\postgres-replication.md|datasets\raw\postgres-replication.md,"[{""source_id"":""datasets\\raw\\kafka-overview.md#3"",""selected_sentence_indices"":[0,1],""original_tokens"":41,""optimized_tokens"":41},{""source_id"":""datasets\\raw\\kafka-overview.md#2"",""selected_sentence_indices"":[0,1,2,3,4,5],""original_tokens"":90,""optimized_tokens"":90},{""source_id"":""datasets\\raw\\kafka-overview.md#0"",""selected_sentence_indices"":[0,1,2,3,4,5],""original_tokens"":87,""optimized_tokens"":87},{""source_id"":""datasets\\raw\\postgres-replication.md#0"",""selected_sentence_indices"":[0,1,2,3,4],""original_tokens"":83,""optimized_tokens"":83},{""source_id"":""datasets\\raw\\postgres-replication.md#3"",""selected_sentence_indices"":[0,1,2,3,4],""original_tokens"":92,""optimized_tokens"":92}]",ratio,1.0
qt018,PARAPHRASE,ratio-1.00,What happens when the main database disappears and a copy must take writes?,5,5,2,450,450,0,0.0,1,3,0.6666666666666666,0.07840250013396144,datasets\raw\postgres-replication.md|datasets\raw\postgres-replication.md|datasets\raw\postgres-mvcc.md|datasets\raw\postgres-mvcc.md|datasets\raw\postgres-replication.md,"[{""source_id"":""datasets\\raw\\postgres-replication.md#3"",""selected_sentence_indices"":[0,1,2,3,4],""original_tokens"":92,""optimized_tokens"":92},{""source_id"":""datasets\\raw\\postgres-replication.md#2"",""selected_sentence_indices"":[0,1,2,3,4],""original_tokens"":91,""optimized_tokens"":91},{""source_id"":""datasets\\raw\\postgres-mvcc.md#2"",""selected_sentence_indices"":[0,1,2,3,4,5],""original_tokens"":93,""optimized_tokens"":93},{""source_id"":""datasets\\raw\\postgres-mvcc.md#0"",""selected_sentence_indices"":[0,1,2,3,4],""original_tokens"":91,""optimized_tokens"":91},{""source_id"":""datasets\\raw\\postgres-replication.md#0"",""selected_sentence_indices"":[0,1,2,3,4],""original_tokens"":83,""optimized_tokens"":83}]",ratio,1.0
qt019,PARAPHRASE,ratio-1.00,Why do declared resources matter more than momentary usage for workload placement?,5,5,3,466,466,0,0.0,1,3,0.6437768240343348,0.07510589994490147,datasets\raw\kubernetes-scheduling.md|datasets\raw\kubernetes-scheduling.md|datasets\raw\kubernetes-scheduling.md|datasets\raw\postgres-mvcc.md|datasets\raw\postgres-replication.md,"[{""source_id"":""datasets\\raw\\kubernetes-scheduling.md#1"",""selected_sentence_indices"":[0,1,2,3,4,5,6],""original_tokens"":94,""optimized_tokens"":94},{""source_id"":""datasets\\raw\\kubernetes-scheduling.md#2"",""selected_sentence_indices"":[0,1,2,3,4,5,6],""original_tokens"":96,""optimized_tokens"":96},{""source_id"":""datasets\\raw\\kubernetes-scheduling.md#0"",""selected_sentence_indices"":[0,1,2,3,4],""original_tokens"":91,""optimized_tokens"":91},{""source_id"":""datasets\\raw\\postgres-mvcc.md#2"",""selected_sentence_indices"":[0,1,2,3,4,5],""original_tokens"":93,""optimized_tokens"":93},{""source_id"":""datasets\\raw\\postgres-replication.md#3"",""selected_sentence_indices"":[0,1,2,3,4],""original_tokens"":92,""optimized_tokens"":92}]",ratio,1.0
qt020,PARAPHRASE,ratio-1.00,How can a stream reader go back and process earlier records again?,5,5,3,445,445,0,0.0,1,1,0.2247191011235955,0.07636549999006093,datasets\raw\postgres-replication.md|datasets\raw\postgres-replication.md|datasets\raw\postgres-mvcc.md|datasets\raw\postgres-replication.md|datasets\raw\kafka-overview.md,"[{""source_id"":""datasets\\raw\\postgres-replication.md#1"",""selected_sentence_indices"":[0,1,2,3,4],""original_tokens"":87,""optimized_tokens"":87},{""source_id"":""datasets\\raw\\postgres-replication.md#0"",""selected_sentence_indices"":[0,1,2,3,4],""original_tokens"":83,""optimized_tokens"":83},{""source_id"":""datasets\\raw\\postgres-mvcc.md#2"",""selected_sentence_indices"":[0,1,2,3,4,5],""original_tokens"":93,""optimized_tokens"":93},{""source_id"":""datasets\\raw\\postgres-replication.md#3"",""selected_sentence_indices"":[0,1,2,3,4],""original_tokens"":92,""optimized_tokens"":92},{""source_id"":""datasets\\raw\\kafka-overview.md#2"",""selected_sentence_indices"":[0,1,2,3,4,5],""original_tokens"":90,""optimized_tokens"":90}]",ratio,1.0
qt021,VAGUE,ratio-1.00,Why are old versions not getting cleaned up?,5,5,2,404,404,0,0.0,1,3,0.7425742574257426,0.08097170013934374,datasets\raw\postgres-mvcc.md|datasets\raw\postgres-mvcc.md|datasets\raw\postgres-mvcc.md|datasets\raw\postgres-replication.md|datasets\raw\postgres-replication.md,"[{""source_id"":""datasets\\raw\\postgres-mvcc.md#2"",""selected_sentence_indices"":[0,1,2,3,4,5],""original_tokens"":93,""optimized_tokens"":93},{""source_id"":""datasets\\raw\\postgres-mvcc.md#1"",""selected_sentence_indices"":[0,1,2,3,4,5],""original_tokens"":94,""optimized_tokens"":94},{""source_id"":""datasets\\raw\\postgres-mvcc.md#0"",""selected_sentence_indices"":[0,1,2,3,4],""original_tokens"":91,""optimized_tokens"":91},{""source_id"":""datasets\\raw\\postgres-replication.md#4"",""selected_sentence_indices"":[0,1],""original_tokens"":34,""optimized_tokens"":34},{""source_id"":""datasets\\raw\\postgres-replication.md#3"",""selected_sentence_indices"":[0,1,2,3,4],""original_tokens"":92,""optimized_tokens"":92}]",ratio,1.0
qt022,VAGUE,ratio-1.00,Why is the replica falling behind?,5,5,2,386,386,0,0.0,1,4,1.0362694300518136,0.08195240003988147,datasets\raw\postgres-replication.md|datasets\raw\postgres-replication.md|datasets\raw\postgres-replication.md|datasets\raw\postgres-replication.md|datasets\raw\kafka-overview.md,"[{""source_id"":""datasets\\raw\\postgres-replication.md#1"",""selected_sentence_indices"":[0,1,2,3,4],""original_tokens"":87,""optimized_tokens"":87},{""source_id"":""datasets\\raw\\postgres-replication.md#3"",""selected_sentence_indices"":[0,1,2,3,4],""original_tokens"":92,""optimized_tokens"":92},{""source_id"":""datasets\\raw\\postgres-replication.md#0"",""selected_sentence_indices"":[0,1,2,3,4],""original_tokens"":83,""optimized_tokens"":83},{""source_id"":""datasets\\raw\\postgres-replication.md#4"",""selected_sentence_indices"":[0,1],""original_tokens"":34,""optimized_tokens"":34},{""source_id"":""datasets\\raw\\kafka-overview.md#2"",""selected_sentence_indices"":[0,1,2,3,4,5],""original_tokens"":90,""optimized_tokens"":90}]",ratio,1.0
qt023,VAGUE,ratio-1.00,Why is my workload still pending?,5,5,2,405,405,0,0.0,1,4,0.9876543209876544,0.0810056000482291,datasets\raw\kubernetes-scheduling.md|datasets\raw\kubernetes-scheduling.md|datasets\raw\kubernetes-scheduling.md|datasets\raw\postgres-replication.md|datasets\raw\kubernetes-scheduling.md,"[{""source_id"":""datasets\\raw\\kubernetes-scheduling.md#0"",""selected_sentence_indices"":[0,1,2,3,4],""original_tokens"":91,""optimized_tokens"":91},{""source_id"":""datasets\\raw\\kubernetes-scheduling.md#1"",""selected_sentence_indices"":[0,1,2,3,4,5,6],""original_tokens"":94,""optimized_tokens"":94},{""source_id"":""datasets\\raw\\kubernetes-scheduling.md#2"",""selected_sentence_indices"":[0,1,2,3,4,5,6],""original_tokens"":96,""optimized_tokens"":96},{""source_id"":""datasets\\raw\\postgres-replication.md#1"",""selected_sentence_indices"":[0,1,2,3,4],""original_tokens"":87,""optimized_tokens"":87},{""source_id"":""datasets\\raw\\kubernetes-scheduling.md#3"",""selected_sentence_indices"":[0,1],""original_tokens"":37,""optimized_tokens"":37}]",ratio,1.0
qt024,VAGUE,ratio-1.00,How can I read the same messages again?,5,5,3,399,399,0,0.0,1,2,0.5012531328320802,0.08225230011157691,datasets\raw\kafka-overview.md|datasets\raw\postgres-mvcc.md|datasets\raw\kafka-overview.md|datasets\raw\postgres-mvcc.md|datasets\raw\postgres-replication.md,"[{""source_id"":""datasets\\raw\\kafka-overview.md#2"",""selected_sentence_indices"":[0,1,2,3,4,5],""original_tokens"":90,""optimized_tokens"":90},{""source_id"":""datasets\\raw\\postgres-mvcc.md#1"",""selected_sentence_indices"":[0,1,2,3,4,5],""original_tokens"":94,""optimized_tokens"":94},{""source_id"":""datasets\\raw\\kafka-overview.md#3"",""selected_sentence_indices"":[0,1],""original_tokens"":41,""optimized_tokens"":41},{""source_id"":""datasets\\raw\\postgres-mvcc.md#0"",""selected_sentence_indices"":[0,1,2,3,4],""original_tokens"":91,""optimized_tokens"":91},{""source_id"":""datasets\\raw\\postgres-replication.md#0"",""selected_sentence_indices"":[0,1,2,3,4],""original_tokens"":83,""optimized_tokens"":83}]",ratio,1.0
qt025,VAGUE,ratio-1.00,Why is commit slower now?,5,5,2,389,389,0,0.0,1,2,0.5141388174807198,0.07972009992226958,datasets\raw\postgres-mvcc.md|datasets\raw\postgres-mvcc.md|datasets\raw\postgres-replication.md|datasets\raw\postgres-mvcc.md|datasets\raw\postgres-replication.md,"[{""source_id"":""datasets\\raw\\postgres-mvcc.md#1"",""selected_sentence_indices"":[0,1,2,3,4,5],""original_tokens"":94,""optimized_tokens"":94},{""source_id"":""datasets\\raw\\postgres-mvcc.md#0"",""selected_sentence_indices"":[0,1,2,3,4],""original_tokens"":91,""optimized_tokens"":91},{""source_id"":""datasets\\raw\\postgres-replication.md#1"",""selected_sentence_indices"":[0,1,2,3,4],""original_tokens"":87,""optimized_tokens"":87},{""source_id"":""datasets\\raw\\postgres-mvcc.md#3"",""selected_sentence_indices"":[0],""original_tokens"":26,""optimized_tokens"":26},{""source_id"":""datasets\\raw\\postgres-replication.md#2"",""selected_sentence_indices"":[0,1,2,3,4],""original_tokens"":91,""optimized_tokens"":91}]",ratio,1.0
qt026,VAGUE,ratio-1.00,Why do reads keep changing between statements?,5,5,2,386,386,0,0.0,1,3,0.7772020725388601,0.07736330013722181,datasets\raw\postgres-mvcc.md|datasets\raw\postgres-mvcc.md|datasets\raw\postgres-mvcc.md|datasets\raw\postgres-replication.md|datasets\raw\postgres-replication.md,"[{""source_id"":""datasets\\raw\\postgres-mvcc.md#1"",""selected_sentence_indices"":[0,1,2,3,4,5],""original_tokens"":94,""optimized_tokens"":94},{""source_id"":""datasets\\raw\\postgres-mvcc.md#0"",""selected_sentence_indices"":[0,1,2,3,4],""original_tokens"":91,""optimized_tokens"":91},{""source_id"":""datasets\\raw\\postgres-mvcc.md#3"",""selected_sentence_indices"":[0],""original_tokens"":26,""optimized_tokens"":26},{""source_id"":""datasets\\raw\\postgres-replication.md#3"",""selected_sentence_indices"":[0,1,2,3,4],""original_tokens"":92,""optimized_tokens"":92},{""source_id"":""datasets\\raw\\postgres-replication.md#0"",""selected_sentence_indices"":[0,1,2,3,4],""original_tokens"":83,""optimized_tokens"":83}]",ratio,1.0
qt027,VAGUE,ratio-1.00,Why won't this workload run on that machine?,5,5,2,405,405,0,0.0,1,4,0.9876543209876544,0.07884049997664988,datasets\raw\kubernetes-scheduling.md|datasets\raw\kubernetes-scheduling.md|datasets\raw\kubernetes-scheduling.md|datasets\raw\kubernetes-scheduling.md|datasets\raw\postgres-replication.md,"[{""source_id"":""datasets\\raw\\kubernetes-scheduling.md#0"",""selected_sentence_indices"":[0,1,2,3,4],""original_tokens"":91,""optimized_tokens"":91},{""source_id"":""datasets\\raw\\kubernetes-scheduling.md#3"",""selected_sentence_indices"":[0,1],""original_tokens"":37,""optimized_tokens"":37},{""source_id"":""datasets\\raw\\kubernetes-scheduling.md#1"",""selected_sentence_indices"":[0,1,2,3,4,5,6],""original_tokens"":94,""optimized_tokens"":94},{""source_id"":""datasets\\raw\\kubernetes-scheduling.md#2"",""selected_sentence_indices"":[0,1,2,3,4,5,6],""original_tokens"":96,""optimized_tokens"":96},{""source_id"":""datasets\\raw\\postgres-replication.md#1"",""selected_sentence_indices"":[0,1,2,3,4],""original_tokens"":87,""optimized_tokens"":87}]",ratio,1.0
qt028,VAGUE,ratio-1.00,Why isn't one reader handling every partition?,5,5,2,405,405,0,0.0,1,4,0.9876543209876544,0.07366639981046319,datasets\raw\kafka-overview.md|datasets\raw\kafka-overview.md|datasets\raw\postgres-mvcc.md|datasets\raw\kafka-overview.md|datasets\raw\kafka-overview.md,"[{""source_id"":""datasets\\raw\\kafka-overview.md#2"",""selected_sentence_indices"":[0,1,2,3,4,5],""original_tokens"":90,""optimized_tokens"":90},{""source_id"":""datasets\\raw\\kafka-overview.md#1"",""selected_sentence_indices"":[0,1,2,3,4,5,6],""original_tokens"":93,""optimized_tokens"":93},{""source_id"":""datasets\\raw\\postgres-mvcc.md#1"",""selected_sentence_indices"":[0,1,2,3,4,5],""original_tokens"":94,""optimized_tokens"":94},{""source_id"":""datasets\\raw\\kafka-overview.md#3"",""selected_sentence_indices"":[0,1],""original_tokens"":41,""optimized_tokens"":41},{""source_id"":""datasets\\raw\\kafka-overview.md#0"",""selected_sentence_indices"":[0,1,2,3,4,5],""original_tokens"":87,""optimized_tokens"":87}]",ratio,1.0
qt029,VAGUE,ratio-1.00,Why is the log filling the disk?,5,5,3,399,399,0,0.0,1,2,0.5012531328320802,0.08561099995858967,datasets\raw\kafka-overview.md|datasets\raw\postgres-mvcc.md|datasets\raw\kafka-overview.md|datasets\raw\postgres-replication.md|datasets\raw\postgres-replication.md,"[{""source_id"":""datasets\\raw\\kafka-overview.md#3"",""selected_sentence_indices"":[0,1],""original_tokens"":41,""optimized_tokens"":41},{""source_id"":""datasets\\raw\\postgres-mvcc.md#2"",""selected_sentence_indices"":[0,1,2,3,4,5],""original_tokens"":93,""optimized_tokens"":93},{""source_id"":""datasets\\raw\\kafka-overview.md#2"",""selected_sentence_indices"":[0,1,2,3,4,5],""original_tokens"":90,""optimized_tokens"":90},{""source_id"":""datasets\\raw\\postgres-replication.md#0"",""selected_sentence_indices"":[0,1,2,3,4],""original_tokens"":83,""optimized_tokens"":83},{""source_id"":""datasets\\raw\\postgres-replication.md#3"",""selected_sentence_indices"":[0,1,2,3,4],""original_tokens"":92,""optimized_tokens"":92}]",ratio,1.0
qt030,VAGUE,ratio-1.00,Who actually starts the containers?,5,5,2,411,411,0,0.0,1,4,0.97323600973236,0.08348809997551143,datasets\raw\kubernetes-scheduling.md|datasets\raw\kubernetes-scheduling.md|datasets\raw\kubernetes-scheduling.md|datasets\raw\kubernetes-scheduling.md|datasets\raw\kafka-overview.md,"[{""source_id"":""datasets\\raw\\kubernetes-scheduling.md#3"",""selected_sentence_indices"":[0,1],""original_tokens"":37,""optimized_tokens"":37},{""source_id"":""datasets\\raw\\kubernetes-scheduling.md#2"",""selected_sentence_indices"":[0,1,2,3,4,5,6],""original_tokens"":96,""optimized_tokens"":96},{""source_id"":""datasets\\raw\\kubernetes-scheduling.md#0"",""selected_sentence_indices"":[0,1,2,3,4],""original_tokens"":91,""optimized_tokens"":91},{""source_id"":""datasets\\raw\\kubernetes-scheduling.md#1"",""selected_sentence_indices"":[0,1,2,3,4,5,6],""original_tokens"":94,""optimized_tokens"":94},{""source_id"":""datasets\\raw\\kafka-overview.md#1"",""selected_sentence_indices"":[0,1,2,3,4,5,6],""original_tokens"":93,""optimized_tokens"":93}]",ratio,1.0
qt031,EXACT_IDENTIFIER,ratio-1.00,What does WAL do in PostgreSQL streaming replication?,5,5,2,381,381,0,0.0,1,3,0.7874015748031495,0.07493690005503595,datasets\raw\postgres-replication.md|datasets\raw\postgres-replication.md|datasets\raw\postgres-replication.md|datasets\raw\postgres-mvcc.md|datasets\raw\postgres-mvcc.md,"[{""source_id"":""datasets\\raw\\postgres-replication.md#0"",""selected_sentence_indices"":[0,1,2,3,4],""original_tokens"":83,""optimized_tokens"":83},{""source_id"":""datasets\\raw\\postgres-replication.md#1"",""selected_sentence_indices"":[0,1,2,3,4],""original_tokens"":87,""optimized_tokens"":87},{""source_id"":""datasets\\raw\\postgres-replication.md#3"",""selected_sentence_indices"":[0,1,2,3,4],""original_tokens"":92,""optimized_tokens"":92},{""source_id"":""datasets\\raw\\postgres-mvcc.md#3"",""selected_sentence_indices"":[0],""original_tokens"":26,""optimized_tokens"":26},{""source_id"":""datasets\\raw\\postgres-mvcc.md#2"",""selected_sentence_indices"":[0,1,2,3,4,5],""original_tokens"":93,""optimized_tokens"":93}]",ratio,1.0
qt032,EXACT_IDENTIFIER,ratio-1.00,What does MVCC provide in PostgreSQL?,5,5,2,387,387,0,0.0,1,4,1.0335917312661498,0.07731820014305413,datasets\raw\postgres-mvcc.md|datasets\raw\postgres-mvcc.md|datasets\raw\postgres-mvcc.md|datasets\raw\postgres-mvcc.md|datasets\raw\postgres-replication.md,"[{""source_id"":""datasets\\raw\\postgres-mvcc.md#3"",""selected_sentence_indices"":[0],""original_tokens"":26,""optimized_tokens"":26},{""source_id"":""datasets\\raw\\postgres-mvcc.md#0"",""selected_sentence_indices"":[0,1,2,3,4],""original_tokens"":91,""optimized_tokens"":91},{""source_id"":""datasets\\raw\\postgres-mvcc.md#1"",""selected_sentence_indices"":[0,1,2,3,4,5],""original_tokens"":94,""optimized_tokens"":94},{""source_id"":""datasets\\raw\\postgres-mvcc.md#2"",""selected_sentence_indices"":[0,1,2,3,4,5],""original_tokens"":93,""optimized_tokens"":93},{""source_id"":""datasets\\raw\\postgres-replication.md#0"",""selected_sentence_indices"":[0,1,2,3,4],""original_tokens"":83,""optimized_tokens"":83}]",ratio,1.0
qt033,EXACT_IDENTIFIER,ratio-1.00,What does VACUUM do with obsolete row versions?,5,5,2,404,404,0,0.0,1,3,0.7425742574257426,0.08280720002949238,datasets\raw\postgres-mvcc.md|datasets\raw\postgres-mvcc.md|datasets\raw\postgres-mvcc.md|datasets\raw\postgres-replication.md|datasets\raw\postgres-replication.md,"[{""source_id"":""datasets\\raw\\postgres-mvcc.md#2"",""selected_sentence_indices"":[0,1,2,3,4,5],""original_tokens"":93,""optimized_tokens"":93},{""source_id"":""datasets\\raw\\postgres-mvcc.md#1"",""selected_sentence_indices"":[0,1,2,3,4,5],""original_tokens"":94,""optimized_tokens"":94},{""source_id"":""datasets\\raw\\postgres-mvcc.md#0"",""selected_sentence_indices"":[0,1,2,3,4],""original_tokens"":91,""optimized_tokens"":91},{""source_id"":""datasets\\raw\\postgres-replication.md#4"",""selected_sentence_indices"":[0,1],""original_tokens"":34,""optimized_tokens"":34},{""source_id"":""datasets\\raw\\postgres-replication.md#3"",""selected_sentence_indices"":[0,1,2,3,4],""original_tokens"":92,""optimized_tokens"":92}]",ratio,1.0
qt034,EXACT_IDENTIFIER,ratio-1.00,How does Read Committed choose snapshots?,5,5,3,445,445,0,0.0,1,2,0.449438202247191,0.07654340006411076,datasets\raw\postgres-mvcc.md|datasets\raw\postgres-mvcc.md|datasets\raw\postgres-replication.md|datasets\raw\kafka-overview.md|datasets\raw\postgres-replication.md,"[{""source_id"":""datasets\\raw\\postgres-mvcc.md#0"",""selected_sentence_indices"":[0,1,2,3,4],""original_tokens"":91,""optimized_tokens"":91},{""source_id"":""datasets\\raw\\postgres-mvcc.md#1"",""selected_sentence_indices"":[0,1,2,3,4,5],""original_tokens"":94,""optimized_tokens"":94},{""source_id"":""datasets\\raw\\postgres-replication.md#1"",""selected_sentence_indices"":[0,1,2,3,4],""original_tokens"":87,""optimized_tokens"":87},{""source_id"":""datasets\\raw\\kafka-overview.md#2"",""selected_sentence_indices"":[0,1,2,3,4,5],""original_tokens"":90,""optimized_tokens"":90},{""source_id"":""datasets\\raw\\postgres-replication.md#0"",""selected_sentence_indices"":[0,1,2,3,4],""original_tokens"":83,""optimized_tokens"":83}]",ratio,1.0
qt035,EXACT_IDENTIFIER,ratio-1.00,How does Repeatable Read use a snapshot?,5,5,3,450,450,0,0.0,1,2,0.4444444444444444,0.08416890003718436,datasets\raw\postgres-mvcc.md|datasets\raw\postgres-mvcc.md|datasets\raw\postgres-replication.md|datasets\raw\kafka-overview.md|datasets\raw\postgres-replication.md,"[{""source_id"":""datasets\\raw\\postgres-mvcc.md#1"",""selected_sentence_indices"":[0,1,2,3,4,5],""original_tokens"":94,""optimized_tokens"":94},{""source_id"":""datasets\\raw\\postgres-mvcc.md#0"",""selected_sentence_indices"":[0,1,2,3,4],""original_tokens"":91,""optimized_tokens"":91},{""source_id"":""datasets\\raw\\postgres-replication.md#0"",""selected_sentence_indices"":[0,1,2,3,4],""original_tokens"":83,""optimized_tokens"":83},{""source_id"":""datasets\\raw\\kafka-overview.md#2"",""selected_sentence_indices"":[0,1,2,3,4,5],""original_tokens"":90,""optimized_tokens"":90},{""source_id"":""datasets\\raw\\postgres-replication.md#3"",""selected_sentence_indices"":[0,1,2,3,4],""original_tokens"":92,""optimized_tokens"":92}]",ratio,1.0
qt036,EXACT_IDENTIFIER,ratio-1.00,What does node affinity do for a Pod?,5,5,2,411,411,0,0.0,1,4,0.97323600973236,0.07922239997424185,datasets\raw\kubernetes-scheduling.md|datasets\raw\kubernetes-scheduling.md|datasets\raw\kubernetes-scheduling.md|datasets\raw\kubernetes-scheduling.md|datasets\raw\kafka-overview.md,"[{""source_id"":""datasets\\raw\\kubernetes-scheduling.md#2"",""selected_sentence_indices"":[0,1,2,3,4,5,6],""original_tokens"":96,""optimized_tokens"":96},{""source_id"":""datasets\\raw\\kubernetes-scheduling.md#0"",""selected_sentence_indices"":[0,1,2,3,4],""original_tokens"":91,""optimized_tokens"":91},{""source_id"":""datasets\\raw\\kubernetes-scheduling.md#3"",""selected_sentence_indices"":[0,1],""original_tokens"":37,""optimized_tokens"":37},{""source_id"":""datasets\\raw\\kubernetes-scheduling.md#1"",""selected_sentence_indices"":[0,1,2,3,4,5,6],""original_tokens"":94,""optimized_tokens"":94},{""source_id"":""datasets\\raw\\kafka-overview.md#1"",""selected_sentence_indices"":[0,1,2,3,4,5,6],""original_tokens"":93,""optimized_tokens"":93}]",ratio,1.0
qt037,EXACT_IDENTIFIER,ratio-1.00,What does kubelet do after Pod binding?,5,5,2,355,355,0,0.0,1,3,0.8450704225352114,0.07924120011739433,datasets\raw\kubernetes-scheduling.md|datasets\raw\kubernetes-scheduling.md|datasets\raw\kubernetes-scheduling.md|datasets\raw\kafka-overview.md|datasets\raw\kafka-overview.md,"[{""source_id"":""datasets\\raw\\kubernetes-scheduling.md#2"",""selected_sentence_indices"":[0,1,2,3,4,5,6],""original_tokens"":96,""optimized_tokens"":96},{""source_id"":""datasets\\raw\\kubernetes-scheduling.md#3"",""selected_sentence_indices"":[0,1],""original_tokens"":37,""optimized_tokens"":37},{""source_id"":""datasets\\raw\\kubernetes-scheduling.md#0"",""selected_sentence_indices"":[0,1,2,3,4],""original_tokens"":91,""optimized_tokens"":91},{""source_id"":""datasets\\raw\\kafka-overview.md#3"",""selected_sentence_indices"":[0,1],""original_tokens"":41,""optimized_tokens"":41},{""source_id"":""datasets\\raw\\kafka-overview.md#2"",""selected_sentence_indices"":[0,1,2,3,4,5],""original_tokens"":90,""optimized_tokens"":90}]",ratio,1.0
qt038,EXACT_IDENTIFIER,ratio-1.00,What is a Kafka topic partition?,5,5,2,345,345,0,0.0,1,4,1.1594202898550725,0.08006299985572696,datasets\raw\kafka-overview.md|datasets\raw\kafka-overview.md|datasets\raw\kafka-overview.md|datasets\raw\kafka-overview.md|datasets\raw\postgres-replication.md,"[{""source_id"":""datasets\\raw\\kafka-overview.md#0"",""selected_sentence_indices"":[0,1,2,3,4,5],""original_tokens"":87,""optimized_tokens"":87},{""source_id"":""datasets\\raw\\kafka-overview.md#1"",""selected_sentence_indices"":[0,1,2,3,4,5,6],""original_tokens"":93,""optimized_tokens"":93},{""source_id"":""datasets\\raw\\kafka-overview.md#2"",""selected_sentence_indices"":[0,1,2,3,4,5],""original_tokens"":90,""optimized_tokens"":90},{""source_id"":""datasets\\raw\\kafka-overview.md#3"",""selected_sentence_indices"":[0,1],""original_tokens"":41,""optimized_tokens"":41},{""source_id"":""datasets\\raw\\postgres-replication.md#4"",""selected_sentence_indices"":[0,1],""original_tokens"":34,""optimized_tokens"":34}]",ratio,1.0
qt039,EXACT_IDENTIFIER,ratio-1.00,What does a Kafka consumer group do?,5,5,2,404,404,0,0.0,1,4,0.9900990099009901,0.08015420008450747,datasets\raw\kafka-overview.md|datasets\raw\kafka-overview.md|datasets\raw\kafka-overview.md|datasets\raw\kafka-overview.md|datasets\raw\postgres-mvcc.md,"[{""source_id"":""datasets\\raw\\kafka-overview.md#1"",""selected_sentence_indices"":[0,1,2,3,4,5,6],""original_tokens"":93,""optimized_tokens"":93},{""source_id"":""datasets\\raw\\kafka-overview.md#2"",""selected_sentence_indices"":[0,1,2,3,4,5],""original_tokens"":90,""optimized_tokens"":90},{""source_id"":""datasets\\raw\\kafka-overview.md#0"",""selected_sentence_indices"":[0,1,2,3,4,5],""original_tokens"":87,""optimized_tokens"":87},{""source_id"":""datasets\\raw\\kafka-overview.md#3"",""selected_sentence_indices"":[0,1],""original_tokens"":41,""optimized_tokens"":41},{""source_id"":""datasets\\raw\\postgres-mvcc.md#2"",""selected_sentence_indices"":[0,1,2,3,4,5],""original_tokens"":93,""optimized_tokens"":93}]",ratio,1.0
qt040,EXACT_IDENTIFIER,ratio-1.00,What is a replication slot?,5,5,2,386,386,0,0.0,1,4,1.0362694300518136,0.08215480018407106,datasets\raw\postgres-replication.md|datasets\raw\postgres-replication.md|datasets\raw\postgres-replication.md|datasets\raw\postgres-replication.md|datasets\raw\kafka-overview.md,"[{""source_id"":""datasets\\raw\\postgres-replication.md#3"",""selected_sentence_indices"":[0,1,2,3,4],""original_tokens"":92,""optimized_tokens"":92},{""source_id"":""datasets\\raw\\postgres-replication.md#0"",""selected_sentence_indices"":[0,1,2,3,4],""original_tokens"":83,""optimized_tokens"":83},{""source_id"":""datasets\\raw\\postgres-replication.md#4"",""selected_sentence_indices"":[0,1],""original_tokens"":34,""optimized_tokens"":34},{""source_id"":""datasets\\raw\\postgres-replication.md#1"",""selected_sentence_indices"":[0,1,2,3,4],""original_tokens"":87,""optimized_tokens"":87},{""source_id"":""datasets\\raw\\kafka-overview.md#2"",""selected_sentence_indices"":[0,1,2,3,4,5],""original_tokens"":90,""optimized_tokens"":90}]",ratio,1.0
qt041,MULTI_PART,ratio-1.00,"How does streaming replication work, and what can happen if an asynchronous standby has not received the latest WAL?",5,5,2,379,379,0,0.0,1,4,1.0554089709762533,0.0847700999584049,datasets\raw\postgres-replication.md|datasets\raw\postgres-replication.md|datasets\raw\postgres-replication.md|datasets\raw\postgres-mvcc.md|datasets\raw\postgres-replication.md,"[{""source_id"":""datasets\\raw\\postgres-replication.md#1"",""selected_sentence_indices"":[0,1,2,3,4],""original_tokens"":87,""optimized_tokens"":87},{""source_id"":""datasets\\raw\\postgres-replication.md#0"",""selected_sentence_indices"":[0,1,2,3,4],""original_tokens"":83,""optimized_tokens"":83},{""source_id"":""datasets\\raw\\postgres-replication.md#3"",""selected_sentence_indices"":[0,1,2,3,4],""original_tokens"":92,""optimized_tokens"":92},{""source_id"":""datasets\\raw\\postgres-mvcc.md#3"",""selected_sentence_indices"":[0],""original_tokens"":26,""optimized_tokens"":26},{""source_id"":""datasets\\raw\\postgres-replication.md#2"",""selected_sentence_indices"":[0,1,2,3,4],""original_tokens"":91,""optimized_tokens"":91}]",ratio,1.0
qt042,MULTI_PART,ratio-1.00,"How do snapshots provide MVCC visibility, and how does VACUUM reclaim obsolete versions?",5,5,2,396,396,0,0.0,1,4,1.0101010101010102,0.08048089989461005,datasets\raw\postgres-mvcc.md|datasets\raw\postgres-mvcc.md|datasets\raw\postgres-mvcc.md|datasets\raw\postgres-mvcc.md|datasets\raw\postgres-replication.md,"[{""source_id"":""datasets\\raw\\postgres-mvcc.md#2"",""selected_sentence_indices"":[0,1,2,3,4,5],""original_tokens"":93,""optimized_tokens"":93},{""source_id"":""datasets\\raw\\postgres-mvcc.md#0"",""selected_sentence_indices"":[0,1,2,3,4],""original_tokens"":91,""optimized_tokens"":91},{""source_id"":""datasets\\raw\\postgres-mvcc.md#1"",""selected_sentence_indices"":[0,1,2,3,4,5],""original_tokens"":94,""optimized_tokens"":94},{""source_id"":""datasets\\raw\\postgres-mvcc.md#3"",""selected_sentence_indices"":[0],""original_tokens"":26,""optimized_tokens"":26},{""source_id"":""datasets\\raw\\postgres-replication.md#3"",""selected_sentence_indices"":[0,1,2,3,4],""original_tokens"":92,""optimized_tokens"":92}]",ratio,1.0
qt043,MULTI_PART,ratio-1.00,"How does Kubernetes filter and score nodes, and what happens after a Pod is bound?",5,5,2,411,411,0,0.0,1,4,0.97323600973236,0.08099879999645054,datasets\raw\kubernetes-scheduling.md|datasets\raw\kubernetes-scheduling.md|datasets\raw\kubernetes-scheduling.md|datasets\raw\kubernetes-scheduling.md|datasets\raw\kafka-overview.md,"[{""source_id"":""datasets\\raw\\kubernetes-scheduling.md#0"",""selected_sentence_indices"":[0,1,2,3,4],""original_tokens"":91,""optimized_tokens"":91},{""source_id"":""datasets\\raw\\kubernetes-scheduling.md#2"",""selected_sentence_indices"":[0,1,2,3,4,5,6],""original_tokens"":96,""optimized_tokens"":96},{""source_id"":""datasets\\raw\\kubernetes-scheduling.md#3"",""selected_sentence_indices"":[0,1],""original_tokens"":37,""optimized_tokens"":37},{""source_id"":""datasets\\raw\\kubernetes-scheduling.md#1"",""selected_sentence_indices"":[0,1,2,3,4,5,6],""original_tokens"":94,""optimized_tokens"":94},{""source_id"":""datasets\\raw\\kafka-overview.md#1"",""selected_sentence_indices"":[0,1,2,3,4,5,6],""original_tokens"":93,""optimized_tokens"":93}]",ratio,1.0
qt044,MULTI_PART,ratio-1.00,"How do Kafka partitions enable parallelism, and how are they replicated across brokers?",5,5,2,345,345,0,0.0,1,4,1.1594202898550725,0.0795607001055032,datasets\raw\kafka-overview.md|datasets\raw\kafka-overview.md|datasets\raw\kafka-overview.md|datasets\raw\kafka-overview.md|datasets\raw\postgres-replication.md,"[{""source_id"":""datasets\\raw\\kafka-overview.md#1"",""selected_sentence_indices"":[0,1,2,3,4,5,6],""original_tokens"":93,""optimized_tokens"":93},{""source_id"":""datasets\\raw\\kafka-overview.md#2"",""selected_sentence_indices"":[0,1,2,3,4,5],""original_tokens"":90,""optimized_tokens"":90},{""source_id"":""datasets\\raw\\kafka-overview.md#0"",""selected_sentence_indices"":[0,1,2,3,4,5],""original_tokens"":87,""optimized_tokens"":87},{""source_id"":""datasets\\raw\\kafka-overview.md#3"",""selected_sentence_indices"":[0,1],""original_tokens"":41,""optimized_tokens"":41},{""source_id"":""datasets\\raw\\postgres-replication.md#4"",""selected_sentence_indices"":[0,1],""original_tokens"":34,""optimized_tokens"":34}]",ratio,1.0
qt045,MULTI_PART,ratio-1.00,"What improves with synchronous replication, and why can commit latency increase?",5,5,2,386,386,0,0.0,1,4,1.0362694300518136,0.07886700006201863,datasets\raw\postgres-replication.md|datasets\raw\postgres-replication.md|datasets\raw\postgres-replication.md|datasets\raw\kafka-overview.md|datasets\raw\postgres-replication.md,"[{""source_id"":""datasets\\raw\\postgres-replication.md#1"",""selected_sentence_indices"":[0,1,2,3,4],""original_tokens"":87,""optimized_tokens"":87},{""source_id"":""datasets\\raw\\postgres-replication.md#3"",""selected_sentence_indices"":[0,1,2,3,4],""original_tokens"":92,""optimized_tokens"":92},{""source_id"":""datasets\\raw\\postgres-replication.md#0"",""selected_sentence_indices"":[0,1,2,3,4],""original_tokens"":83,""optimized_tokens"":83},{""source_id"":""datasets\\raw\\kafka-overview.md#2"",""selected_sentence_indices"":[0,1,2,3,4,5],""original_tokens"":90,""optimized_tokens"":90},{""source_id"":""datasets\\raw\\postgres-replication.md#4"",""selected_sentence_indices"":[0,1],""original_tokens"":34,""optimized_tokens"":34}]",ratio,1.0
qt046,MULTI_PART,ratio-1.00,"Why do readers usually avoid blocking writers, and when are row locks still used?",5,5,3,454,454,0,0.0,1,2,0.44052863436123346,0.0790009000338614,datasets\raw\postgres-mvcc.md|datasets\raw\postgres-mvcc.md|datasets\raw\postgres-replication.md|datasets\raw\kafka-overview.md|datasets\raw\postgres-replication.md,"[{""source_id"":""datasets\\raw\\postgres-mvcc.md#1"",""selected_sentence_indices"":[0,1,2,3,4,5],""original_tokens"":94,""optimized_tokens"":94},{""source_id"":""datasets\\raw\\postgres-mvcc.md#0"",""selected_sentence_indices"":[0,1,2,3,4],""original_tokens"":91,""optimized_tokens"":91},{""source_id"":""datasets\\raw\\postgres-replication.md#3"",""selected_sentence_indices"":[0,1,2,3,4],""original_tokens"":92,""optimized_tokens"":92},{""source_id"":""datasets\\raw\\kafka-overview.md#2"",""selected_sentence_indices"":[0,1,2,3,4,5],""original_tokens"":90,""optimized_tokens"":90},{""source_id"":""datasets\\raw\\postgres-replication.md#1"",""selected_sentence_indices"":[0,1,2,3,4],""original_tokens"":87,""optimized_tokens"":87}]",ratio,1.0
qt047,MULTI_PART,ratio-1.00,"How do taints, tolerations, and node affinity jointly influence Pod placement?",5,5,2,408,408,0,0.0,1,4,0.9803921568627451,0.07947309990413487,datasets\raw\kubernetes-scheduling.md|datasets\raw\kubernetes-scheduling.md|datasets\raw\kubernetes-scheduling.md|datasets\raw\kubernetes-scheduling.md|datasets\raw\kafka-overview.md,"[{""source_id"":""datasets\\raw\\kubernetes-scheduling.md#2"",""selected_sentence_indices"":[0,1,2,3,4,5,6],""original_tokens"":96,""optimized_tokens"":96},{""source_id"":""datasets\\raw\\kubernetes-scheduling.md#0"",""selected_sentence_indices"":[0,1,2,3,4],""original_tokens"":91,""optimized_tokens"":91},{""source_id"":""datasets\\raw\\kubernetes-scheduling.md#1"",""selected_sentence_indices"":[0,1,2,3,4,5,6],""original_tokens"":94,""optimized_tokens"":94},{""source_id"":""datasets\\raw\\kubernetes-scheduling.md#3"",""selected_sentence_indices"":[0,1],""original_tokens"":37,""optimized_tokens"":37},{""source_id"":""datasets\\raw\\kafka-overview.md#2"",""selected_sentence_indices"":[0,1,2,3,4,5],""original_tokens"":90,""optimized_tokens"":90}]",ratio,1.0
qt048,MULTI_PART,ratio-1.00,"How do consumer groups distribute partitions, and how can consumers replay old events?",5,5,2,403,403,0,0.0,1,4,0.9925558312655086,0.085856799967587,datasets\raw\kafka-overview.md|datasets\raw\kafka-overview.md|datasets\raw\kafka-overview.md|datasets\raw\kafka-overview.md|datasets\raw\postgres-replication.md,"[{""source_id"":""datasets\\raw\\kafka-overview.md#2"",""selected_sentence_indices"":[0,1,2,3,4,5],""original_tokens"":90,""optimized_tokens"":90},{""source_id"":""datasets\\raw\\kafka-overview.md#1"",""selected_sentence_indices"":[0,1,2,3,4,5,6],""original_tokens"":93,""optimized_tokens"":93},{""source_id"":""datasets\\raw\\kafka-overview.md#3"",""selected_sentence_indices"":[0,1],""original_tokens"":41,""optimized_tokens"":41},{""source_id"":""datasets\\raw\\kafka-overview.md#0"",""selected_sentence_indices"":[0,1,2,3,4,5],""original_tokens"":87,""optimized_tokens"":87},{""source_id"":""datasets\\raw\\postgres-replication.md#3"",""selected_sentence_indices"":[0,1,2,3,4],""original_tokens"":92,""optimized_tokens"":92}]",ratio,1.0
qt049,MULTI_PART,ratio-1.00,"How is a standby promoted, and why is external failover orchestration often used?",5,5,2,394,394,0,0.0,1,4,1.015228426395939,0.08325070003047585,datasets\raw\postgres-replication.md|datasets\raw\postgres-replication.md|datasets\raw\postgres-replication.md|datasets\raw\postgres-replication.md|datasets\raw\kafka-overview.md,"[{""source_id"":""datasets\\raw\\postgres-replication.md#2"",""selected_sentence_indices"":[0,1,2,3,4],""original_tokens"":91,""optimized_tokens"":91},{""source_id"":""datasets\\raw\\postgres-replication.md#3"",""selected_sentence_indices"":[0,1,2,3,4],""original_tokens"":92,""optimized_tokens"":92},{""source_id"":""datasets\\raw\\postgres-replication.md#1"",""selected_sentence_indices"":[0,1,2,3,4],""original_tokens"":87,""optimized_tokens"":87},{""source_id"":""datasets\\raw\\postgres-replication.md#0"",""selected_sentence_indices"":[0,1,2,3,4],""original_tokens"":83,""optimized_tokens"":83},{""source_id"":""datasets\\raw\\kafka-overview.md#3"",""selected_sentence_indices"":[0,1],""original_tokens"":41,""optimized_tokens"":41}]",ratio,1.0
qt050,MULTI_PART,ratio-1.00,"How do resource requests affect scheduling, and how are they different from limits?",5,5,2,408,408,0,0.0,1,4,0.9803921568627451,0.07949469983577728,datasets\raw\kubernetes-scheduling.md|datasets\raw\kubernetes-scheduling.md|datasets\raw\kubernetes-scheduling.md|datasets\raw\kubernetes-scheduling.md|datasets\raw\kafka-overview.md,"[{""source_id"":""datasets\\raw\\kubernetes-scheduling.md#1"",""selected_sentence_indices"":[0,1,2,3,4,5,6],""original_tokens"":94,""optimized_tokens"":94},{""source_id"":""datasets\\raw\\kubernetes-scheduling.md#2"",""selected_sentence_indices"":[0,1,2,3,4,5,6],""original_tokens"":96,""optimized_tokens"":96},{""source_id"":""datasets\\raw\\kubernetes-scheduling.md#0"",""selected_sentence_indices"":[0,1,2,3,4],""original_tokens"":91,""optimized_tokens"":91},{""source_id"":""datasets\\raw\\kubernetes-scheduling.md#3"",""selected_sentence_indices"":[0,1],""original_tokens"":37,""optimized_tokens"":37},{""source_id"":""datasets\\raw\\kafka-overview.md#2"",""selected_sentence_indices"":[0,1,2,3,4,5],""original_tokens"":90,""optimized_tokens"":90}]",ratio,1.0
qt001,DIRECT,ratio-0.75,How does PostgreSQL streaming replication work?,5,5,2,389,338,51,0.13110539845758354,1,4,1.183431952662722,0.299810100113973,datasets\raw\postgres-replication.md|datasets\raw\postgres-replication.md|datasets\raw\postgres-replication.md|datasets\raw\postgres-replication.md|datasets\raw\postgres-mvcc.md,"[{""source_id"":""datasets\\raw\\postgres-replication.md#0"",""selected_sentence_indices"":[0,2,3,4],""original_tokens"":83,""optimized_tokens"":66},{""source_id"":""datasets\\raw\\postgres-replication.md#1"",""selected_sentence_indices"":[1,2,3,4],""original_tokens"":87,""optimized_tokens"":80},{""source_id"":""datasets\\raw\\postgres-replication.md#3"",""selected_sentence_indices"":[0,1,3,4],""original_tokens"":92,""optimized_tokens"":73},{""source_id"":""datasets\\raw\\postgres-replication.md#4"",""selected_sentence_indices"":[0,1],""original_tokens"":34,""optimized_tokens"":34},{""source_id"":""datasets\\raw\\postgres-mvcc.md#2"",""selected_sentence_indices"":[0,1,3,4,5],""original_tokens"":93,""optimized_tokens"":85}]",ratio,0.75
qt002,DIRECT,ratio-0.75,How does PostgreSQL MVCC determine row visibility?,5,5,2,396,336,60,0.15151515151515152,1,4,1.1904761904761905,0.2722473999019712,datasets\raw\postgres-mvcc.md|datasets\raw\postgres-mvcc.md|datasets\raw\postgres-mvcc.md|datasets\raw\postgres-mvcc.md|datasets\raw\postgres-replication.md,"[{""source_id"":""datasets\\raw\\postgres-mvcc.md#1"",""selected_sentence_indices"":[0,2,3,4,5],""original_tokens"":94,""optimized_tokens"":80},{""source_id"":""datasets\\raw\\postgres-mvcc.md#0"",""selected_sentence_indices"":[0,1,2,3],""original_tokens"":91,""optimized_tokens"":77},{""source_id"":""datasets\\raw\\postgres-mvcc.md#3"",""selected_sentence_indices"":[0],""original_tokens"":26,""optimized_tokens"":26},{""source_id"":""datasets\\raw\\postgres-mvcc.md#2"",""selected_sentence_indices"":[0,1,3,4,5],""original_tokens"":93,""optimized_tokens"":85},{""source_id"":""datasets\\raw\\postgres-replication.md#3"",""selected_sentence_indices"":[1,2,3,4],""original_tokens"":92,""optimized_tokens"":68}]",ratio,0.75
qt003,DIRECT,ratio-0.75,How does Kubernetes select a node for a Pod?,5,5,2,411,362,49,0.1192214111922141,1,4,1.1049723756906078,0.30712779983878136,datasets\raw\kubernetes-scheduling.md|datasets\raw\kubernetes-scheduling.md|datasets\raw\kubernetes-scheduling.md|datasets\raw\kubernetes-scheduling.md|datasets\raw\kafka-overview.md,"[{""source_id"":""datasets\\raw\\kubernetes-scheduling.md#0"",""selected_sentence_indices"":[0,1,2,3],""original_tokens"":91,""optimized_tokens"":87},{""source_id"":""datasets\\raw\\kubernetes-scheduling.md#2"",""selected_sentence_indices"":[0,2,3,4,5,6],""original_tokens"":96,""optimized_tokens"":77},{""source_id"":""datasets\\raw\\kubernetes-scheduling.md#3"",""selected_sentence_indices"":[0,1],""original_tokens"":37,""optimized_tokens"":37},{""source_id"":""datasets\\raw\\kubernetes-scheduling.md#1"",""selected_sentence_indices"":[1,2,3,4,5,6],""original_tokens"":94,""optimized_tokens"":79},{""source_id"":""datasets\\raw\\kafka-overview.md#1"",""selected_sentence_indices"":[1,2,3,4,5,6],""original_tokens"":93,""optimized_tokens"":82}]",ratio,0.75
qt004,DIRECT,ratio-0.75,What is Apache Kafka used for?,5,5,2,404,366,38,0.09405940594059406,1,4,1.0928961748633879,0.296460899990052,datasets\raw\kafka-overview.md|datasets\raw\kafka-overview.md|datasets\raw\kafka-overview.md|datasets\raw\kafka-overview.md|datasets\raw\postgres-mvcc.md,"[{""source_id"":""datasets\\raw\\kafka-overview.md#0"",""selected_sentence_indices"":[0,1,2,4,5],""original_tokens"":87,""optimized_tokens"":74},{""source_id"":""datasets\\raw\\kafka-overview.md#1"",""selected_sentence_indices"":[0,1,2,3,4,6],""original_tokens"":93,""optimized_tokens"":85},{""source_id"":""datasets\\raw\\kafka-overview.md#3"",""selected_sentence_indices"":[0,1],""original_tokens"":41,""optimized_tokens"":41},{""source_id"":""datasets\\raw\\kafka-overview.md#2"",""selected_sentence_indices"":[0,2,3,4,5],""original_tokens"":90,""optimized_tokens"":77},{""source_id"":""datasets\\raw\\postgres-mvcc.md#2"",""selected_sentence_indices"":[1,2,3,4,5],""original_tokens"":93,""optimized_tokens"":89}]",ratio,0.75
qt005,DIRECT,ratio-0.75,What trade-off does synchronous PostgreSQL replication make?,5,5,2,322,274,48,0.14906832298136646,1,4,1.4598540145985401,0.26578140002675354,datasets\raw\postgres-replication.md|datasets\raw\postgres-replication.md|datasets\raw\postgres-replication.md|datasets\raw\postgres-replication.md|datasets\raw\postgres-mvcc.md,"[{""source_id"":""datasets\\raw\\postgres-replication.md#3"",""selected_sentence_indices"":[1,2,3,4],""original_tokens"":92,""optimized_tokens"":68},{""source_id"":""datasets\\raw\\postgres-replication.md#0"",""selected_sentence_indices"":[0,2,3,4],""original_tokens"":83,""optimized_tokens"":66},{""source_id"":""datasets\\raw\\postgres-replication.md#1"",""selected_sentence_indices"":[1,2,3,4],""original_tokens"":87,""optimized_tokens"":80},{""source_id"":""datasets\\raw\\postgres-replication.md#4"",""selected_sentence_indices"":[0,1],""original_tokens"":34,""optimized_tokens"":34},{""source_id"":""datasets\\raw\\postgres-mvcc.md#3"",""selected_sentence_indices"":[0],""original_tokens"":26,""optimized_tokens"":26}]",ratio,0.75
qt006,DIRECT,ratio-0.75,What does PostgreSQL VACUUM do?,5,5,2,385,332,53,0.13766233766233765,1,3,0.9036144578313253,0.2650234999600798,datasets\raw\postgres-mvcc.md|datasets\raw\postgres-mvcc.md|datasets\raw\postgres-replication.md|datasets\raw\postgres-replication.md|datasets\raw\postgres-mvcc.md,"[{""source_id"":""datasets\\raw\\postgres-mvcc.md#2"",""selected_sentence_indices"":[0,1,2,3,5],""original_tokens"":93,""optimized_tokens"":78},{""source_id"":""datasets\\raw\\postgres-mvcc.md#0"",""selected_sentence_indices"":[0,2,3,4],""original_tokens"":91,""optimized_tokens"":74},{""source_id"":""datasets\\raw\\postgres-replication.md#3"",""selected_sentence_indices"":[0,1,2,3],""original_tokens"":92,""optimized_tokens"":80},{""source_id"":""datasets\\raw\\postgres-replication.md#0"",""selected_sentence_indices"":[0,1,2,3],""original_tokens"":83,""optimized_tokens"":74},{""source_id"":""datasets\\raw\\postgres-mvcc.md#3"",""selected_sentence_indices"":[0],""original_tokens"":26,""optimized_tokens"":26}]",ratio,0.75
qt007,DIRECT,ratio-0.75,How do Kubernetes taints and tolerations affect scheduling?,5,5,2,408,380,28,0.06862745098039216,1,4,1.0526315789473684,0.30670040007680655,datasets\raw\kubernetes-scheduling.md|datasets\raw\kubernetes-scheduling.md|datasets\raw\kubernetes-scheduling.md|datasets\raw\kubernetes-scheduling.md|datasets\raw\kafka-overview.md,"[{""source_id"":""datasets\\raw\\kubernetes-scheduling.md#2"",""selected_sentence_indices"":[1,2,3,4,5,6],""original_tokens"":96,""optimized_tokens"":92},{""source_id"":""datasets\\raw\\kubernetes-scheduling.md#0"",""selected_sentence_indices"":[0,1,2,3],""original_tokens"":91,""optimized_tokens"":87},{""source_id"":""datasets\\raw\\kubernetes-scheduling.md#3"",""selected_sentence_indices"":[0,1],""original_tokens"":37,""optimized_tokens"":37},{""source_id"":""datasets\\raw\\kubernetes-scheduling.md#1"",""selected_sentence_indices"":[0,1,2,4,5,6],""original_tokens"":94,""optimized_tokens"":85},{""source_id"":""datasets\\raw\\kafka-overview.md#2"",""selected_sentence_indices"":[0,1,2,4,5],""original_tokens"":90,""optimized_tokens"":79}]",ratio,0.75
qt008,DIRECT,ratio-0.75,How do Kafka consumer groups divide work?,5,5,2,403,359,44,0.10918114143920596,1,4,1.1142061281337048,0.30193720012903214,datasets\raw\kafka-overview.md|datasets\raw\kafka-overview.md|datasets\raw\kafka-overview.md|datasets\raw\kafka-overview.md|datasets\raw\postgres-replication.md,"[{""source_id"":""datasets\\raw\\kafka-overview.md#1"",""selected_sentence_indices"":[1,2,3,4,5,6],""original_tokens"":93,""optimized_tokens"":82},{""source_id"":""datasets\\raw\\kafka-overview.md#2"",""selected_sentence_indices"":[0,1,2,3,4],""original_tokens"":90,""optimized_tokens"":82},{""source_id"":""datasets\\raw\\kafka-overview.md#0"",""selected_sentence_indices"":[0,1,2,4,5],""original_tokens"":87,""optimized_tokens"":74},{""source_id"":""datasets\\raw\\kafka-overview.md#3"",""selected_sentence_indices"":[0,1],""original_tokens"":41,""optimized_tokens"":41},{""source_id"":""datasets\\raw\\postgres-replication.md#3"",""selected_sentence_indices"":[0,1,2,3],""original_tokens"":92,""optimized_tokens"":80}]",ratio,0.75
qt009,DIRECT,ratio-0.75,Why can a PostgreSQL replication slot consume disk space?,5,5,2,389,317,72,0.18508997429305912,1,4,1.2618296529968454,0.29786560009233654,datasets\raw\postgres-replication.md|datasets\raw\postgres-replication.md|datasets\raw\postgres-mvcc.md|datasets\raw\postgres-replication.md|datasets\raw\postgres-replication.md,"[{""source_id"":""datasets\\raw\\postgres-replication.md#3"",""selected_sentence_indices"":[1,2,3,4],""original_tokens"":92,""optimized_tokens"":68},{""source_id"":""datasets\\raw\\postgres-replication.md#4"",""selected_sentence_indices"":[0,1],""original_tokens"":34,""optimized_tokens"":34},{""source_id"":""datasets\\raw\\postgres-mvcc.md#2"",""selected_sentence_indices"":[0,1,2,4,5],""original_tokens"":93,""optimized_tokens"":68},{""source_id"":""datasets\\raw\\postgres-replication.md#0"",""selected_sentence_indices"":[0,1,2,4],""original_tokens"":83,""optimized_tokens"":67},{""source_id"":""datasets\\raw\\postgres-replication.md#1"",""selected_sentence_indices"":[1,2,3,4],""original_tokens"":87,""optimized_tokens"":80}]",ratio,0.75
qt010,DIRECT,ratio-0.75,How does logical replication differ from physical streaming replication?,5,5,2,386,320,66,0.17098445595854922,1,4,1.25,0.29357920004986227,datasets\raw\postgres-replication.md|datasets\raw\postgres-replication.md|datasets\raw\postgres-replication.md|datasets\raw\postgres-replication.md|datasets\raw\kafka-overview.md,"[{""source_id"":""datasets\\raw\\postgres-replication.md#4"",""selected_sentence_indices"":[0,1],""original_tokens"":34,""optimized_tokens"":34},{""source_id"":""datasets\\raw\\postgres-replication.md#3"",""selected_sentence_indices"":[0,1,3,4],""original_tokens"":92,""optimized_tokens"":73},{""source_id"":""datasets\\raw\\postgres-replication.md#1"",""selected_sentence_indices"":[1,2,3,4],""original_tokens"":87,""optimized_tokens"":80},{""source_id"":""datasets\\raw\\postgres-replication.md#0"",""selected_sentence_indices"":[0,2,3,4],""original_tokens"":83,""optimized_tokens"":66},{""source_id"":""datasets\\raw\\kafka-overview.md#2"",""selected_sentence_indices"":[1,2,3,4,5],""original_tokens"":90,""optimized_tokens"":67}]",ratio,0.75
qt011,PARAPHRASE,ratio-0.75,How can database readers see stable data without making writers wait?,5,5,2,447,370,77,0.17225950782997762,1,2,0.5405405405405405,0.30937979998998344,datasets\raw\postgres-mvcc.md|datasets\raw\postgres-mvcc.md|datasets\raw\postgres-replication.md|datasets\raw\postgres-replication.md|datasets\raw\postgres-replication.md,"[{""source_id"":""datasets\\raw\\postgres-mvcc.md#1"",""selected_sentence_indices"":[0,1,2,3,4],""original_tokens"":94,""optimized_tokens"":81},{""source_id"":""datasets\\raw\\postgres-mvcc.md#0"",""selected_sentence_indices"":[0,2,3,4],""original_tokens"":91,""optimized_tokens"":74},{""source_id"":""datasets\\raw\\postgres-replication.md#0"",""selected_sentence_indices"":[0,1,2,4],""original_tokens"":83,""optimized_tokens"":67},{""source_id"":""datasets\\raw\\postgres-replication.md#1"",""selected_sentence_indices"":[1,2,3,4],""original_tokens"":87,""optimized_tokens"":80},{""source_id"":""datasets\\raw\\postgres-replication.md#3"",""selected_sentence_indices"":[1,2,3,4],""original_tokens"":92,""optimized_tokens"":68}]",ratio,0.75
qt012,PARAPHRASE,ratio-0.75,How are change records shipped and applied to a backup database?,5,5,2,385,321,64,0.16623376623376623,1,2,0.6230529595015576,0.26243370003066957,datasets\raw\postgres-mvcc.md|datasets\raw\postgres-mvcc.md|datasets\raw\postgres-mvcc.md|datasets\raw\postgres-replication.md|datasets\raw\postgres-replication.md,"[{""source_id"":""datasets\\raw\\postgres-mvcc.md#0"",""selected_sentence_indices"":[1,2,3,4],""original_tokens"":91,""optimized_tokens"":63},{""source_id"":""datasets\\raw\\postgres-mvcc.md#3"",""selected_sentence_indices"":[0],""original_tokens"":26,""optimized_tokens"":26},{""source_id"":""datasets\\raw\\postgres-mvcc.md#2"",""selected_sentence_indices"":[0,1,3,4,5],""original_tokens"":93,""optimized_tokens"":85},{""source_id"":""datasets\\raw\\postgres-replication.md#0"",""selected_sentence_indices"":[0,1,2,3],""original_tokens"":83,""optimized_tokens"":74},{""source_id"":""datasets\\raw\\postgres-replication.md#3"",""selected_sentence_indices"":[0,1,3,4],""original_tokens"":92,""optimized_tokens"":73}]",ratio,0.75
qt013,PARAPHRASE,ratio-0.75,What decides where a newly requested workload runs in a cluster?,5,5,2,410,375,35,0.08536585365853659,1,4,1.0666666666666667,0.3061205998528749,datasets\raw\kubernetes-scheduling.md|datasets\raw\kubernetes-scheduling.md|datasets\raw\kubernetes-scheduling.md|datasets\raw\postgres-replication.md|datasets\raw\kubernetes-scheduling.md,"[{""source_id"":""datasets\\raw\\kubernetes-scheduling.md#2"",""selected_sentence_indices"":[1,2,3,4,5,6],""original_tokens"":96,""optimized_tokens"":92},{""source_id"":""datasets\\raw\\kubernetes-scheduling.md#1"",""selected_sentence_indices"":[1,2,3,4,5,6],""original_tokens"":94,""optimized_tokens"":79},{""source_id"":""datasets\\raw\\kubernetes-scheduling.md#0"",""selected_sentence_indices"":[0,1,2,3],""original_tokens"":91,""optimized_tokens"":87},{""source_id"":""datasets\\raw\\postgres-replication.md#3"",""selected_sentence_indices"":[0,1,2,3],""original_tokens"":92,""optimized_tokens"":80},{""source_id"":""datasets\\raw\\kubernetes-scheduling.md#3"",""selected_sentence_indices"":[0,1],""original_tokens"":37,""optimized_tokens"":37}]",ratio,0.75
qt014,PARAPHRASE,ratio-0.75,How can separate applications independently reread the same ordered events?,5,5,2,403,362,41,0.10173697270471464,1,4,1.1049723756906078,0.3539044000208378,datasets\raw\kafka-overview.md|datasets\raw\kafka-overview.md|datasets\raw\kafka-overview.md|datasets\raw\postgres-replication.md|datasets\raw\kafka-overview.md,"[{""source_id"":""datasets\\raw\\kafka-overview.md#2"",""selected_sentence_indices"":[0,1,2,3,4],""original_tokens"":90,""optimized_tokens"":82},{""source_id"":""datasets\\raw\\kafka-overview.md#3"",""selected_sentence_indices"":[0,1],""original_tokens"":41,""optimized_tokens"":41},{""source_id"":""datasets\\raw\\kafka-overview.md#0"",""selected_sentence_indices"":[0,1,2,3,4],""original_tokens"":87,""optimized_tokens"":81},{""source_id"":""datasets\\raw\\postgres-replication.md#3"",""selected_sentence_indices"":[0,1,3,4],""original_tokens"":92,""optimized_tokens"":73},{""source_id"":""datasets\\raw\\kafka-overview.md#1"",""selected_sentence_indices"":[0,1,2,3,4,6],""original_tokens"":93,""optimized_tokens"":85}]",ratio,0.75
qt015,PARAPHRASE,ratio-0.75,Why might old copies of updated rows remain on disk?,5,5,2,404,308,96,0.2376237623762376,1,3,0.974025974025974,0.3687249000649899,datasets\raw\postgres-mvcc.md|datasets\raw\postgres-mvcc.md|datasets\raw\postgres-mvcc.md|datasets\raw\postgres-replication.md|datasets\raw\postgres-replication.md,"[{""source_id"":""datasets\\raw\\postgres-mvcc.md#0"",""selected_sentence_indices"":[1,2,3,4],""original_tokens"":91,""optimized_tokens"":63},{""source_id"":""datasets\\raw\\postgres-mvcc.md#1"",""selected_sentence_indices"":[0,1,2,4,5],""original_tokens"":94,""optimized_tokens"":75},{""source_id"":""datasets\\raw\\postgres-mvcc.md#2"",""selected_sentence_indices"":[0,1,2,4,5],""original_tokens"":93,""optimized_tokens"":68},{""source_id"":""datasets\\raw\\postgres-replication.md#3"",""selected_sentence_indices"":[1,2,3,4],""original_tokens"":92,""optimized_tokens"":68},{""source_id"":""datasets\\raw\\postgres-replication.md#4"",""selected_sentence_indices"":[0,1],""original_tokens"":34,""optimized_tokens"":34}]",ratio,0.75
qt016,PARAPHRASE,ratio-0.75,How does the cluster avoid placing a workload on an unsuitable machine?,5,5,3,466,419,47,0.10085836909871244,1,3,0.7159904534606205,0.31428200006484985,datasets\raw\kubernetes-scheduling.md|datasets\raw\kubernetes-scheduling.md|datasets\raw\kubernetes-scheduling.md|datasets\raw\postgres-replication.md|datasets\raw\kafka-overview.md,"[{""source_id"":""datasets\\raw\\kubernetes-scheduling.md#2"",""selected_sentence_indices"":[0,1,2,3,4,5],""original_tokens"":96,""optimized_tokens"":88},{""source_id"":""datasets\\raw\\kubernetes-scheduling.md#0"",""selected_sentence_indices"":[0,1,2,3],""original_tokens"":91,""optimized_tokens"":87},{""source_id"":""datasets\\raw\\kubernetes-scheduling.md#1"",""selected_sentence_indices"":[1,2,3,4,5,6],""original_tokens"":94,""optimized_tokens"":79},{""source_id"":""datasets\\raw\\postgres-replication.md#3"",""selected_sentence_indices"":[0,1,2,3],""original_tokens"":92,""optimized_tokens"":80},{""source_id"":""datasets\\raw\\kafka-overview.md#1"",""selected_sentence_indices"":[0,1,2,3,4,6],""original_tokens"":93,""optimized_tokens"":85}]",ratio,0.75
qt017,PARAPHRASE,ratio-0.75,How is an event log spread across servers for parallelism and resilience?,5,5,2,393,340,53,0.13486005089058525,1,3,0.8823529411764706,0.3250897000543773,datasets\raw\kafka-overview.md|datasets\raw\kafka-overview.md|datasets\raw\kafka-overview.md|datasets\raw\postgres-replication.md|datasets\raw\postgres-replication.md,"[{""source_id"":""datasets\\raw\\kafka-overview.md#3"",""selected_sentence_indices"":[0,1],""original_tokens"":41,""optimized_tokens"":41},{""source_id"":""datasets\\raw\\kafka-overview.md#2"",""selected_sentence_indices"":[0,1,2,4,5],""original_tokens"":90,""optimized_tokens"":79},{""source_id"":""datasets\\raw\\kafka-overview.md#0"",""selected_sentence_indices"":[0,1,3,4,5],""original_tokens"":87,""optimized_tokens"":80},{""source_id"":""datasets\\raw\\postgres-replication.md#0"",""selected_sentence_indices"":[0,1,2,4],""original_tokens"":83,""optimized_tokens"":67},{""source_id"":""datasets\\raw\\postgres-replication.md#3"",""selected_sentence_indices"":[0,1,3,4],""original_tokens"":92,""optimized_tokens"":73}]",ratio,0.75
qt018,PARAPHRASE,ratio-0.75,What happens when the main database disappears and a copy must take writes?,5,5,2,450,385,65,0.14444444444444443,1,3,0.7792207792207793,0.30674579995684326,datasets\raw\postgres-replication.md|datasets\raw\postgres-replication.md|datasets\raw\postgres-mvcc.md|datasets\raw\postgres-mvcc.md|datasets\raw\postgres-replication.md,"[{""source_id"":""datasets\\raw\\postgres-replication.md#3"",""selected_sentence_indices"":[0,1,2,3],""original_tokens"":92,""optimized_tokens"":80},{""source_id"":""datasets\\raw\\postgres-replication.md#2"",""selected_sentence_indices"":[1,2,3,4],""original_tokens"":91,""optimized_tokens"":75},{""source_id"":""datasets\\raw\\postgres-mvcc.md#2"",""selected_sentence_indices"":[1,2,3,4,5],""original_tokens"":93,""optimized_tokens"":89},{""source_id"":""datasets\\raw\\postgres-mvcc.md#0"",""selected_sentence_indices"":[0,2,3,4],""original_tokens"":91,""optimized_tokens"":74},{""source_id"":""datasets\\raw\\postgres-replication.md#0"",""selected_sentence_indices"":[0,1,2,4],""original_tokens"":83,""optimized_tokens"":67}]",ratio,0.75
qt019,PARAPHRASE,ratio-0.75,Why do declared resources matter more than momentary usage for workload placement?,5,5,3,466,418,48,0.10300429184549356,1,3,0.7177033492822967,0.317778900032863,datasets\raw\kubernetes-scheduling.md|datasets\raw\kubernetes-scheduling.md|datasets\raw\kubernetes-scheduling.md|datasets\raw\postgres-mvcc.md|datasets\raw\postgres-replication.md,"[{""source_id"":""datasets\\raw\\kubernetes-scheduling.md#1"",""selected_sentence_indices"":[0,1,2,4,5,6],""original_tokens"":94,""optimized_tokens"":85},{""source_id"":""datasets\\raw\\kubernetes-scheduling.md#2"",""selected_sentence_indices"":[0,1,2,3,4,5],""original_tokens"":96,""optimized_tokens"":88},{""source_id"":""datasets\\raw\\kubernetes-scheduling.md#0"",""selected_sentence_indices"":[0,1,2,3],""original_tokens"":91,""optimized_tokens"":87},{""source_id"":""datasets\\raw\\postgres-mvcc.md#2"",""selected_sentence_indices"":[0,1,2,3,5],""original_tokens"":93,""optimized_tokens"":78},{""source_id"":""datasets\\raw\\postgres-replication.md#3"",""selected_sentence_indices"":[0,1,2,3],""original_tokens"":92,""optimized_tokens"":80}]",ratio,0.75
qt020,PARAPHRASE,ratio-0.75,How can a stream reader go back and process earlier records again?,5,5,3,445,388,57,0.12808988764044943,1,1,0.2577319587628866,0.30628879996947944,datasets\raw\postgres-replication.md|datasets\raw\postgres-replication.md|datasets\raw\postgres-mvcc.md|datasets\raw\postgres-replication.md|datasets\raw\kafka-overview.md,"[{""source_id"":""datasets\\raw\\postgres-replication.md#1"",""selected_sentence_indices"":[0,1,2,3],""original_tokens"":87,""optimized_tokens"":84},{""source_id"":""datasets\\raw\\postgres-replication.md#0"",""selected_sentence_indices"":[0,1,3,4],""original_tokens"":83,""optimized_tokens"":64},{""source_id"":""datasets\\raw\\postgres-mvcc.md#2"",""selected_sentence_indices"":[0,1,2,3,5],""original_tokens"":93,""optimized_tokens"":78},{""source_id"":""datasets\\raw\\postgres-replication.md#3"",""selected_sentence_indices"":[0,1,2,3],""original_tokens"":92,""optimized_tokens"":80},{""source_id"":""datasets\\raw\\kafka-overview.md#2"",""selected_sentence_indices"":[0,1,2,3,4],""original_tokens"":90,""optimized_tokens"":82}]",ratio,0.75
qt021,VAGUE,ratio-0.75,Why are old versions not getting cleaned up?,5,5,2,404,312,92,0.22772277227722773,1,3,0.9615384615384615,0.3174396001268178,datasets\raw\postgres-mvcc.md|datasets\raw\postgres-mvcc.md|datasets\raw\postgres-mvcc.md|datasets\raw\postgres-replication.md|datasets\raw\postgres-replication.md,"[{""source_id"":""datasets\\raw\\postgres-mvcc.md#2"",""selected_sentence_indices"":[0,1,2,3,4],""original_tokens"":93,""optimized_tokens"":71},{""source_id"":""datasets\\raw\\postgres-mvcc.md#1"",""selected_sentence_indices"":[0,1,2,3,5],""original_tokens"":94,""optimized_tokens"":76},{""source_id"":""datasets\\raw\\postgres-mvcc.md#0"",""selected_sentence_indices"":[1,2,3,4],""original_tokens"":91,""optimized_tokens"":63},{""source_id"":""datasets\\raw\\postgres-replication.md#4"",""selected_sentence_indices"":[0,1],""original_tokens"":34,""optimized_tokens"":34},{""source_id"":""datasets\\raw\\postgres-replication.md#3"",""selected_sentence_indices"":[1,2,3,4],""original_tokens"":92,""optimized_tokens"":68}]",ratio,0.75
qt022,VAGUE,ratio-0.75,Why is the replica falling behind?,5,5,2,386,325,61,0.15803108808290156,1,4,1.2307692307692308,0.28417139989323914,datasets\raw\postgres-replication.md|datasets\raw\postgres-replication.md|datasets\raw\postgres-replication.md|datasets\raw\postgres-replication.md|datasets\raw\kafka-overview.md,"[{""source_id"":""datasets\\raw\\postgres-replication.md#1"",""selected_sentence_indices"":[1,2,3,4],""original_tokens"":87,""optimized_tokens"":80},{""source_id"":""datasets\\raw\\postgres-replication.md#3"",""selected_sentence_indices"":[1,2,3,4],""original_tokens"":92,""optimized_tokens"":68},{""source_id"":""datasets\\raw\\postgres-replication.md#0"",""selected_sentence_indices"":[0,2,3,4],""original_tokens"":83,""optimized_tokens"":66},{""source_id"":""datasets\\raw\\postgres-replication.md#4"",""selected_sentence_indices"":[0,1],""original_tokens"":34,""optimized_tokens"":34},{""source_id"":""datasets\\raw\\kafka-overview.md#2"",""selected_sentence_indices"":[0,2,3,4,5],""original_tokens"":90,""optimized_tokens"":77}]",ratio,0.75
qt023,VAGUE,ratio-0.75,Why is my workload still pending?,5,5,2,405,375,30,0.07407407407407407,1,4,1.0666666666666667,0.3003225000575185,datasets\raw\kubernetes-scheduling.md|datasets\raw\kubernetes-scheduling.md|datasets\raw\kubernetes-scheduling.md|datasets\raw\postgres-replication.md|datasets\raw\kubernetes-scheduling.md,"[{""source_id"":""datasets\\raw\\kubernetes-scheduling.md#0"",""selected_sentence_indices"":[0,1,2,3],""original_tokens"":91,""optimized_tokens"":87},{""source_id"":""datasets\\raw\\kubernetes-scheduling.md#1"",""selected_sentence_indices"":[1,2,3,4,5,6],""original_tokens"":94,""optimized_tokens"":79},{""source_id"":""datasets\\raw\\kubernetes-scheduling.md#2"",""selected_sentence_indices"":[0,1,2,3,4,5],""original_tokens"":96,""optimized_tokens"":88},{""source_id"":""datasets\\raw\\postgres-replication.md#1"",""selected_sentence_indices"":[0,1,2,3],""original_tokens"":87,""optimized_tokens"":84},{""source_id"":""datasets\\raw\\kubernetes-scheduling.md#3"",""selected_sentence_indices"":[0,1],""original_tokens"":37,""optimized_tokens"":37}]",ratio,0.75
qt024,VAGUE,ratio-0.75,How can I read the same messages again?,5,5,3,399,324,75,0.18796992481203006,1,2,0.6172839506172839,0.2876340998336673,datasets\raw\kafka-overview.md|datasets\raw\postgres-mvcc.md|datasets\raw\kafka-overview.md|datasets\raw\postgres-mvcc.md|datasets\raw\postgres-replication.md,"[{""source_id"":""datasets\\raw\\kafka-overview.md#2"",""selected_sentence_indices"":[1,2,3,4,5],""original_tokens"":90,""optimized_tokens"":67},{""source_id"":""datasets\\raw\\postgres-mvcc.md#1"",""selected_sentence_indices"":[0,1,2,3,4],""original_tokens"":94,""optimized_tokens"":81},{""source_id"":""datasets\\raw\\kafka-overview.md#3"",""selected_sentence_indices"":[0,1],""original_tokens"":41,""optimized_tokens"":41},{""source_id"":""datasets\\raw\\postgres-mvcc.md#0"",""selected_sentence_indices"":[0,2,3,4],""original_tokens"":91,""optimized_tokens"":74},{""source_id"":""datasets\\raw\\postgres-replication.md#0"",""selected_sentence_indices"":[1,2,3,4],""original_tokens"":83,""optimized_tokens"":61}]",ratio,0.75
qt025,VAGUE,ratio-0.75,Why is commit slower now?,5,5,2,389,333,56,0.14395886889460155,1,2,0.6006006006006006,0.2614785998594016,datasets\raw\postgres-mvcc.md|datasets\raw\postgres-mvcc.md|datasets\raw\postgres-replication.md|datasets\raw\postgres-mvcc.md|datasets\raw\postgres-replication.md,"[{""source_id"":""datasets\\raw\\postgres-mvcc.md#1"",""selected_sentence_indices"":[1,2,3,4,5],""original_tokens"":94,""optimized_tokens"":89},{""source_id"":""datasets\\raw\\postgres-mvcc.md#0"",""selected_sentence_indices"":[0,2,3,4],""original_tokens"":91,""optimized_tokens"":74},{""source_id"":""datasets\\raw\\postgres-replication.md#1"",""selected_sentence_indices"":[0,1,2,3],""original_tokens"":87,""optimized_tokens"":84},{""source_id"":""datasets\\raw\\postgres-mvcc.md#3"",""selected_sentence_indices"":[0],""original_tokens"":26,""optimized_tokens"":26},{""source_id"":""datasets\\raw\\postgres-replication.md#2"",""selected_sentence_indices"":[0,1,2,3],""original_tokens"":91,""optimized_tokens"":60}]",ratio,0.75
qt026,VAGUE,ratio-0.75,Why do reads keep changing between statements?,5,5,2,386,319,67,0.17357512953367876,1,3,0.9404388714733543,0.26310320012271404,datasets\raw\postgres-mvcc.md|datasets\raw\postgres-mvcc.md|datasets\raw\postgres-mvcc.md|datasets\raw\postgres-replication.md|datasets\raw\postgres-replication.md,"[{""source_id"":""datasets\\raw\\postgres-mvcc.md#1"",""selected_sentence_indices"":[1,2,3,4,5],""original_tokens"":94,""optimized_tokens"":89},{""source_id"":""datasets\\raw\\postgres-mvcc.md#0"",""selected_sentence_indices"":[0,1,3,4],""original_tokens"":91,""optimized_tokens"":75},{""source_id"":""datasets\\raw\\postgres-mvcc.md#3"",""selected_sentence_indices"":[0],""original_tokens"":26,""optimized_tokens"":26},{""source_id"":""datasets\\raw\\postgres-replication.md#3"",""selected_sentence_indices"":[1,2,3,4],""original_tokens"":92,""optimized_tokens"":68},{""source_id"":""datasets\\raw\\postgres-replication.md#0"",""selected_sentence_indices"":[1,2,3,4],""original_tokens"":83,""optimized_tokens"":61}]",ratio,0.75
qt027,VAGUE,ratio-0.75,Why won't this workload run on that machine?,5,5,2,405,381,24,0.05925925925925926,1,4,1.0498687664041995,0.3047562998253852,datasets\raw\kubernetes-scheduling.md|datasets\raw\kubernetes-scheduling.md|datasets\raw\kubernetes-scheduling.md|datasets\raw\kubernetes-scheduling.md|datasets\raw\postgres-replication.md,"[{""source_id"":""datasets\\raw\\kubernetes-scheduling.md#0"",""selected_sentence_indices"":[0,1,2,3],""original_tokens"":91,""optimized_tokens"":87},{""source_id"":""datasets\\raw\\kubernetes-scheduling.md#3"",""selected_sentence_indices"":[0,1],""original_tokens"":37,""optimized_tokens"":37},{""source_id"":""datasets\\raw\\kubernetes-scheduling.md#1"",""selected_sentence_indices"":[0,1,2,4,5,6],""original_tokens"":94,""optimized_tokens"":85},{""source_id"":""datasets\\raw\\kubernetes-scheduling.md#2"",""selected_sentence_indices"":[0,1,2,3,4,5],""original_tokens"":96,""optimized_tokens"":88},{""source_id"":""datasets\\raw\\postgres-replication.md#1"",""selected_sentence_indices"":[0,1,2,3],""original_tokens"":87,""optimized_tokens"":84}]",ratio,0.75
qt028,VAGUE,ratio-0.75,Why isn't one reader handling every partition?,5,5,2,405,353,52,0.12839506172839507,1,4,1.13314447592068,0.3165482999756932,datasets\raw\kafka-overview.md|datasets\raw\kafka-overview.md|datasets\raw\postgres-mvcc.md|datasets\raw\kafka-overview.md|datasets\raw\kafka-overview.md,"[{""source_id"":""datasets\\raw\\kafka-overview.md#2"",""selected_sentence_indices"":[0,1,2,3,4],""original_tokens"":90,""optimized_tokens"":82},{""source_id"":""datasets\\raw\\kafka-overview.md#1"",""selected_sentence_indices"":[0,1,2,3,5,6],""original_tokens"":93,""optimized_tokens"":79},{""source_id"":""datasets\\raw\\postgres-mvcc.md#1"",""selected_sentence_indices"":[1,2,3,4,5],""original_tokens"":94,""optimized_tokens"":89},{""source_id"":""datasets\\raw\\kafka-overview.md#3"",""selected_sentence_indices"":[0,1],""original_tokens"":41,""optimized_tokens"":41},{""source_id"":""datasets\\raw\\kafka-overview.md#0"",""selected_sentence_indices"":[1,2,3,4,5],""original_tokens"":87,""optimized_tokens"":62}]",ratio,0.75
qt029,VAGUE,ratio-0.75,Why is the log filling the disk?,5,5,3,399,337,62,0.15538847117794485,1,2,0.5934718100890207,0.3050541998818517,datasets\raw\kafka-overview.md|datasets\raw\postgres-mvcc.md|datasets\raw\kafka-overview.md|datasets\raw\postgres-replication.md|datasets\raw\postgres-replication.md,"[{""source_id"":""datasets\\raw\\kafka-overview.md#3"",""selected_sentence_indices"":[0,1],""original_tokens"":41,""optimized_tokens"":41},{""source_id"":""datasets\\raw\\postgres-mvcc.md#2"",""selected_sentence_indices"":[0,1,2,3,5],""original_tokens"":93,""optimized_tokens"":78},{""source_id"":""datasets\\raw\\kafka-overview.md#2"",""selected_sentence_indices"":[0,2,3,4,5],""original_tokens"":90,""optimized_tokens"":77},{""source_id"":""datasets\\raw\\postgres-replication.md#0"",""selected_sentence_indices"":[1,2,3,4],""original_tokens"":83,""optimized_tokens"":61},{""source_id"":""datasets\\raw\\postgres-replication.md#3"",""selected_sentence_indices"":[0,1,2,3],""original_tokens"":92,""optimized_tokens"":80}]",ratio,0.75
qt030,VAGUE,ratio-0.75,Who actually starts the containers?,5,5,2,411,328,83,0.20194647201946472,1,4,1.2195121951219512,0.2963318999391049,datasets\raw\kubernetes-scheduling.md|datasets\raw\kubernetes-scheduling.md|datasets\raw\kubernetes-scheduling.md|datasets\raw\kubernetes-scheduling.md|datasets\raw\kafka-overview.md,"[{""source_id"":""datasets\\raw\\kubernetes-scheduling.md#3"",""selected_sentence_indices"":[0,1],""original_tokens"":37,""optimized_tokens"":37},{""source_id"":""datasets\\raw\\kubernetes-scheduling.md#2"",""selected_sentence_indices"":[0,2,3,4,5,6],""original_tokens"":96,""optimized_tokens"":77},{""source_id"":""datasets\\raw\\kubernetes-scheduling.md#0"",""selected_sentence_indices"":[0,1,2,4],""original_tokens"":91,""optimized_tokens"":53},{""source_id"":""datasets\\raw\\kubernetes-scheduling.md#1"",""selected_sentence_indices"":[1,2,3,4,5,6],""original_tokens"":94,""optimized_tokens"":79},{""source_id"":""datasets\\raw\\kafka-overview.md#1"",""selected_sentence_indices"":[1,2,3,4,5,6],""original_tokens"":93,""optimized_tokens"":82}]",ratio,0.75
qt031,EXACT_IDENTIFIER,ratio-0.75,What does WAL do in PostgreSQL streaming replication?,5,5,2,381,337,44,0.11548556430446194,1,3,0.8902077151335311,0.26465220004320145,datasets\raw\postgres-replication.md|datasets\raw\postgres-replication.md|datasets\raw\postgres-replication.md|datasets\raw\postgres-mvcc.md|datasets\raw\postgres-mvcc.md,"[{""source_id"":""datasets\\raw\\postgres-replication.md#0"",""selected_sentence_indices"":[0,2,3,4],""original_tokens"":83,""optimized_tokens"":66},{""source_id"":""datasets\\raw\\postgres-replication.md#1"",""selected_sentence_indices"":[1,2,3,4],""original_tokens"":87,""optimized_tokens"":80},{""source_id"":""datasets\\raw\\postgres-replication.md#3"",""selected_sentence_indices"":[0,1,2,3],""original_tokens"":92,""optimized_tokens"":80},{""source_id"":""datasets\\raw\\postgres-mvcc.md#3"",""selected_sentence_indices"":[0],""original_tokens"":26,""optimized_tokens"":26},{""source_id"":""datasets\\raw\\postgres-mvcc.md#2"",""selected_sentence_indices"":[0,1,3,4,5],""original_tokens"":93,""optimized_tokens"":85}]",ratio,0.75
qt032,EXACT_IDENTIFIER,ratio-0.75,What does MVCC provide in PostgreSQL?,5,5,2,387,348,39,0.10077519379844961,1,4,1.1494252873563218,0.26262980001047254,datasets\raw\postgres-mvcc.md|datasets\raw\postgres-mvcc.md|datasets\raw\postgres-mvcc.md|datasets\raw\postgres-mvcc.md|datasets\raw\postgres-replication.md,"[{""source_id"":""datasets\\raw\\postgres-mvcc.md#3"",""selected_sentence_indices"":[0],""original_tokens"":26,""optimized_tokens"":26},{""source_id"":""datasets\\raw\\postgres-mvcc.md#0"",""selected_sentence_indices"":[0,2,3,4],""original_tokens"":91,""optimized_tokens"":74},{""source_id"":""datasets\\raw\\postgres-mvcc.md#1"",""selected_sentence_indices"":[1,2,3,4,5],""original_tokens"":94,""optimized_tokens"":89},{""source_id"":""datasets\\raw\\postgres-mvcc.md#2"",""selected_sentence_indices"":[0,1,3,4,5],""original_tokens"":93,""optimized_tokens"":85},{""source_id"":""datasets\\raw\\postgres-replication.md#0"",""selected_sentence_indices"":[0,1,2,3],""original_tokens"":83,""optimized_tokens"":74}]",ratio,0.75
qt033,EXACT_IDENTIFIER,ratio-0.75,What does VACUUM do with obsolete row versions?,5,5,2,404,318,86,0.21287128712871287,1,3,0.9433962264150942,0.29606999992392957,datasets\raw\postgres-mvcc.md|datasets\raw\postgres-mvcc.md|datasets\raw\postgres-mvcc.md|datasets\raw\postgres-replication.md|datasets\raw\postgres-replication.md,"[{""source_id"":""datasets\\raw\\postgres-mvcc.md#2"",""selected_sentence_indices"":[0,1,2,3,5],""original_tokens"":93,""optimized_tokens"":78},{""source_id"":""datasets\\raw\\postgres-mvcc.md#1"",""selected_sentence_indices"":[0,1,2,4,5],""original_tokens"":94,""optimized_tokens"":75},{""source_id"":""datasets\\raw\\postgres-mvcc.md#0"",""selected_sentence_indices"":[1,2,3,4],""original_tokens"":91,""optimized_tokens"":63},{""source_id"":""datasets\\raw\\postgres-replication.md#4"",""selected_sentence_indices"":[0,1],""original_tokens"":34,""optimized_tokens"":34},{""source_id"":""datasets\\raw\\postgres-replication.md#3"",""selected_sentence_indices"":[1,2,3,4],""original_tokens"":92,""optimized_tokens"":68}]",ratio,0.75
qt034,EXACT_IDENTIFIER,ratio-0.75,How does Read Committed choose snapshots?,5,5,3,445,367,78,0.1752808988764045,1,2,0.5449591280653951,0.2996013001538813,datasets\raw\postgres-mvcc.md|datasets\raw\postgres-mvcc.md|datasets\raw\postgres-replication.md|datasets\raw\kafka-overview.md|datasets\raw\postgres-replication.md,"[{""source_id"":""datasets\\raw\\postgres-mvcc.md#0"",""selected_sentence_indices"":[0,2,3,4],""original_tokens"":91,""optimized_tokens"":74},{""source_id"":""datasets\\raw\\postgres-mvcc.md#1"",""selected_sentence_indices"":[0,1,2,3,4],""original_tokens"":94,""optimized_tokens"":81},{""source_id"":""datasets\\raw\\postgres-replication.md#1"",""selected_sentence_indices"":[0,1,2,3],""original_tokens"":87,""optimized_tokens"":84},{""source_id"":""datasets\\raw\\kafka-overview.md#2"",""selected_sentence_indices"":[1,2,3,4,5],""original_tokens"":90,""optimized_tokens"":67},{""source_id"":""datasets\\raw\\postgres-replication.md#0"",""selected_sentence_indices"":[1,2,3,4],""original_tokens"":83,""optimized_tokens"":61}]",ratio,0.75
qt035,EXACT_IDENTIFIER,ratio-0.75,How does Repeatable Read use a snapshot?,5,5,3,450,351,99,0.22,1,2,0.5698005698005698,0.3166709002107382,datasets\raw\postgres-mvcc.md|datasets\raw\postgres-mvcc.md|datasets\raw\postgres-replication.md|datasets\raw\kafka-overview.md|datasets\raw\postgres-replication.md,"[{""source_id"":""datasets\\raw\\postgres-mvcc.md#1"",""selected_sentence_indices"":[0,1,2,3,4],""original_tokens"":94,""optimized_tokens"":81},{""source_id"":""datasets\\raw\\postgres-mvcc.md#0"",""selected_sentence_indices"":[0,2,3,4],""original_tokens"":91,""optimized_tokens"":74},{""source_id"":""datasets\\raw\\postgres-replication.md#0"",""selected_sentence_indices"":[1,2,3,4],""original_tokens"":83,""optimized_tokens"":61},{""source_id"":""datasets\\raw\\kafka-overview.md#2"",""selected_sentence_indices"":[1,2,3,4,5],""original_tokens"":90,""optimized_tokens"":67},{""source_id"":""datasets\\raw\\postgres-replication.md#3"",""selected_sentence_indices"":[1,2,3,4],""original_tokens"":92,""optimized_tokens"":68}]",ratio,0.75
qt036,EXACT_IDENTIFIER,ratio-0.75,What does node affinity do for a Pod?,5,5,2,411,365,46,0.11192214111922141,1,4,1.095890410958904,0.2990218000486493,datasets\raw\kubernetes-scheduling.md|datasets\raw\kubernetes-scheduling.md|datasets\raw\kubernetes-scheduling.md|datasets\raw\kubernetes-scheduling.md|datasets\raw\kafka-overview.md,"[{""source_id"":""datasets\\raw\\kubernetes-scheduling.md#2"",""selected_sentence_indices"":[0,2,3,4,5,6],""original_tokens"":96,""optimized_tokens"":77},{""source_id"":""datasets\\raw\\kubernetes-scheduling.md#0"",""selected_sentence_indices"":[0,1,2,3],""original_tokens"":91,""optimized_tokens"":87},{""source_id"":""datasets\\raw\\kubernetes-scheduling.md#3"",""selected_sentence_indices"":[0,1],""original_tokens"":37,""optimized_tokens"":37},{""source_id"":""datasets\\raw\\kubernetes-scheduling.md#1"",""selected_sentence_indices"":[1,2,3,4,5,6],""original_tokens"":94,""optimized_tokens"":79},{""source_id"":""datasets\\raw\\kafka-overview.md#1"",""selected_sentence_indices"":[0,1,2,3,4,6],""original_tokens"":93,""optimized_tokens"":85}]",ratio,0.75
qt037,EXACT_IDENTIFIER,ratio-0.75,What does kubelet do after Pod binding?,5,5,2,355,321,34,0.09577464788732394,1,3,0.9345794392523364,0.29364930000156164,datasets\raw\kubernetes-scheduling.md|datasets\raw\kubernetes-scheduling.md|datasets\raw\kubernetes-scheduling.md|datasets\raw\kafka-overview.md|datasets\raw\kafka-overview.md,"[{""source_id"":""datasets\\raw\\kubernetes-scheduling.md#2"",""selected_sentence_indices"":[0,2,3,4,5,6],""original_tokens"":96,""optimized_tokens"":77},{""source_id"":""datasets\\raw\\kubernetes-scheduling.md#3"",""selected_sentence_indices"":[0,1],""original_tokens"":37,""optimized_tokens"":37},{""source_id"":""datasets\\raw\\kubernetes-scheduling.md#0"",""selected_sentence_indices"":[0,1,2,3],""original_tokens"":91,""optimized_tokens"":87},{""source_id"":""datasets\\raw\\kafka-overview.md#3"",""selected_sentence_indices"":[0,1],""original_tokens"":41,""optimized_tokens"":41},{""source_id"":""datasets\\raw\\kafka-overview.md#2"",""selected_sentence_indices"":[0,1,2,4,5],""original_tokens"":90,""optimized_tokens"":79}]",ratio,0.75
qt038,EXACT_IDENTIFIER,ratio-0.75,What is a Kafka topic partition?,5,5,2,345,313,32,0.0927536231884058,1,4,1.2779552715654952,0.2901709000580013,datasets\raw\kafka-overview.md|datasets\raw\kafka-overview.md|datasets\raw\kafka-overview.md|datasets\raw\kafka-overview.md|datasets\raw\postgres-replication.md,"[{""source_id"":""datasets\\raw\\kafka-overview.md#0"",""selected_sentence_indices"":[0,1,2,4,5],""original_tokens"":87,""optimized_tokens"":74},{""source_id"":""datasets\\raw\\kafka-overview.md#1"",""selected_sentence_indices"":[0,1,2,3,4,6],""original_tokens"":93,""optimized_tokens"":85},{""source_id"":""datasets\\raw\\kafka-overview.md#2"",""selected_sentence_indices"":[0,1,2,4,5],""original_tokens"":90,""optimized_tokens"":79},{""source_id"":""datasets\\raw\\kafka-overview.md#3"",""selected_sentence_indices"":[0,1],""original_tokens"":41,""optimized_tokens"":41},{""source_id"":""datasets\\raw\\postgres-replication.md#4"",""selected_sentence_indices"":[0,1],""original_tokens"":34,""optimized_tokens"":34}]",ratio,0.75
qt039,EXACT_IDENTIFIER,ratio-0.75,What does a Kafka consumer group do?,5,5,2,404,359,45,0.11138613861386139,1,4,1.1142061281337048,0.30937230004929006,datasets\raw\kafka-overview.md|datasets\raw\kafka-overview.md|datasets\raw\kafka-overview.md|datasets\raw\kafka-overview.md|datasets\raw\postgres-mvcc.md,"[{""source_id"":""datasets\\raw\\kafka-overview.md#1"",""selected_sentence_indices"":[1,2,3,4,5,6],""original_tokens"":93,""optimized_tokens"":82},{""source_id"":""datasets\\raw\\kafka-overview.md#2"",""selected_sentence_indices"":[0,1,2,3,4],""original_tokens"":90,""optimized_tokens"":82},{""source_id"":""datasets\\raw\\kafka-overview.md#0"",""selected_sentence_indices"":[0,1,3,4,5],""original_tokens"":87,""optimized_tokens"":80},{""source_id"":""datasets\\raw\\kafka-overview.md#3"",""selected_sentence_indices"":[0,1],""original_tokens"":41,""optimized_tokens"":41},{""source_id"":""datasets\\raw\\postgres-mvcc.md#2"",""selected_sentence_indices"":[0,2,3,4,5],""original_tokens"":93,""optimized_tokens"":74}]",ratio,0.75
qt040,EXACT_IDENTIFIER,ratio-0.75,What is a replication slot?,5,5,2,386,315,71,0.18393782383419688,1,4,1.2698412698412698,0.29876699997112155,datasets\raw\postgres-replication.md|datasets\raw\postgres-replication.md|datasets\raw\postgres-replication.md|datasets\raw\postgres-replication.md|datasets\raw\kafka-overview.md,"[{""source_id"":""datasets\\raw\\postgres-replication.md#3"",""selected_sentence_indices"":[1,2,3,4],""original_tokens"":92,""optimized_tokens"":68},{""source_id"":""datasets\\raw\\postgres-replication.md#0"",""selected_sentence_indices"":[0,1,2,4],""original_tokens"":83,""optimized_tokens"":67},{""source_id"":""datasets\\raw\\postgres-replication.md#4"",""selected_sentence_indices"":[0,1],""original_tokens"":34,""optimized_tokens"":34},{""source_id"":""datasets\\raw\\postgres-replication.md#1"",""selected_sentence_indices"":[1,2,3,4],""original_tokens"":87,""optimized_tokens"":80},{""source_id"":""datasets\\raw\\kafka-overview.md#2"",""selected_sentence_indices"":[0,1,3,4,5],""original_tokens"":90,""optimized_tokens"":66}]",ratio,0.75
qt041,MULTI_PART,ratio-0.75,"How does streaming replication work, and what can happen if an asynchronous standby has not received the latest WAL?",5,5,2,379,331,48,0.1266490765171504,1,4,1.2084592145015105,0.280835899990052,datasets\raw\postgres-replication.md|datasets\raw\postgres-replication.md|datasets\raw\postgres-replication.md|datasets\raw\postgres-mvcc.md|datasets\raw\postgres-replication.md,"[{""source_id"":""datasets\\raw\\postgres-replication.md#1"",""selected_sentence_indices"":[0,1,2,3],""original_tokens"":87,""optimized_tokens"":84},{""source_id"":""datasets\\raw\\postgres-replication.md#0"",""selected_sentence_indices"":[0,2,3,4],""original_tokens"":83,""optimized_tokens"":66},{""source_id"":""datasets\\raw\\postgres-replication.md#3"",""selected_sentence_indices"":[0,1,2,3],""original_tokens"":92,""optimized_tokens"":80},{""source_id"":""datasets\\raw\\postgres-mvcc.md#3"",""selected_sentence_indices"":[0],""original_tokens"":26,""optimized_tokens"":26},{""source_id"":""datasets\\raw\\postgres-replication.md#2"",""selected_sentence_indices"":[1,2,3,4],""original_tokens"":91,""optimized_tokens"":75}]",ratio,0.75
qt042,MULTI_PART,ratio-0.75,"How do snapshots provide MVCC visibility, and how does VACUUM reclaim obsolete versions?",5,5,2,396,333,63,0.1590909090909091,1,4,1.2012012012012012,0.2859942999202758,datasets\raw\postgres-mvcc.md|datasets\raw\postgres-mvcc.md|datasets\raw\postgres-mvcc.md|datasets\raw\postgres-mvcc.md|datasets\raw\postgres-replication.md,"[{""source_id"":""datasets\\raw\\postgres-mvcc.md#2"",""selected_sentence_indices"":[1,2,3,4,5],""original_tokens"":93,""optimized_tokens"":89},{""source_id"":""datasets\\raw\\postgres-mvcc.md#0"",""selected_sentence_indices"":[0,2,3,4],""original_tokens"":91,""optimized_tokens"":74},{""source_id"":""datasets\\raw\\postgres-mvcc.md#1"",""selected_sentence_indices"":[0,1,2,3,5],""original_tokens"":94,""optimized_tokens"":76},{""source_id"":""datasets\\raw\\postgres-mvcc.md#3"",""selected_sentence_indices"":[0],""original_tokens"":26,""optimized_tokens"":26},{""source_id"":""datasets\\raw\\postgres-replication.md#3"",""selected_sentence_indices"":[1,2,3,4],""original_tokens"":92,""optimized_tokens"":68}]",ratio,0.75
qt043,MULTI_PART,ratio-0.75,"How does Kubernetes filter and score nodes, and what happens after a Pod is bound?",5,5,2,411,331,80,0.19464720194647203,1,4,1.2084592145015105,0.3180931000970304,datasets\raw\kubernetes-scheduling.md|datasets\raw\kubernetes-scheduling.md|datasets\raw\kubernetes-scheduling.md|datasets\raw\kubernetes-scheduling.md|datasets\raw\kafka-overview.md,"[{""source_id"":""datasets\\raw\\kubernetes-scheduling.md#0"",""selected_sentence_indices"":[0,1,2,4],""original_tokens"":91,""optimized_tokens"":53},{""source_id"":""datasets\\raw\\kubernetes-scheduling.md#2"",""selected_sentence_indices"":[0,2,3,4,5,6],""original_tokens"":96,""optimized_tokens"":77},{""source_id"":""datasets\\raw\\kubernetes-scheduling.md#3"",""selected_sentence_indices"":[0,1],""original_tokens"":37,""optimized_tokens"":37},{""source_id"":""datasets\\raw\\kubernetes-scheduling.md#1"",""selected_sentence_indices"":[1,2,3,4,5,6],""original_tokens"":94,""optimized_tokens"":79},{""source_id"":""datasets\\raw\\kafka-overview.md#1"",""selected_sentence_indices"":[0,1,2,3,4,6],""original_tokens"":93,""optimized_tokens"":85}]",ratio,0.75
qt044,MULTI_PART,ratio-0.75,"How do Kafka partitions enable parallelism, and how are they replicated across brokers?",5,5,2,345,312,33,0.09565217391304348,1,4,1.282051282051282,0.3020310001447797,datasets\raw\kafka-overview.md|datasets\raw\kafka-overview.md|datasets\raw\kafka-overview.md|datasets\raw\kafka-overview.md|datasets\raw\postgres-replication.md,"[{""source_id"":""datasets\\raw\\kafka-overview.md#1"",""selected_sentence_indices"":[0,1,2,3,4,6],""original_tokens"":93,""optimized_tokens"":85},{""source_id"":""datasets\\raw\\kafka-overview.md#2"",""selected_sentence_indices"":[0,1,2,4,5],""original_tokens"":90,""optimized_tokens"":79},{""source_id"":""datasets\\raw\\kafka-overview.md#0"",""selected_sentence_indices"":[0,2,3,4,5],""original_tokens"":87,""optimized_tokens"":73},{""source_id"":""datasets\\raw\\kafka-overview.md#3"",""selected_sentence_indices"":[0,1],""original_tokens"":41,""optimized_tokens"":41},{""source_id"":""datasets\\raw\\postgres-replication.md#4"",""selected_sentence_indices"":[0,1],""original_tokens"":34,""optimized_tokens"":34}]",ratio,0.75
qt045,MULTI_PART,ratio-0.75,"What improves with synchronous replication, and why can commit latency increase?",5,5,2,386,330,56,0.14507772020725387,1,4,1.2121212121212122,0.3085356999654323,datasets\raw\postgres-replication.md|datasets\raw\postgres-replication.md|datasets\raw\postgres-replication.md|datasets\raw\kafka-overview.md|datasets\raw\postgres-replication.md,"[{""source_id"":""datasets\\raw\\postgres-replication.md#1"",""selected_sentence_indices"":[1,2,3,4],""original_tokens"":87,""optimized_tokens"":80},{""source_id"":""datasets\\raw\\postgres-replication.md#3"",""selected_sentence_indices"":[0,1,3,4],""original_tokens"":92,""optimized_tokens"":73},{""source_id"":""datasets\\raw\\postgres-replication.md#0"",""selected_sentence_indices"":[0,2,3,4],""original_tokens"":83,""optimized_tokens"":66},{""source_id"":""datasets\\raw\\kafka-overview.md#2"",""selected_sentence_indices"":[0,2,3,4,5],""original_tokens"":90,""optimized_tokens"":77},{""source_id"":""datasets\\raw\\postgres-replication.md#4"",""selected_sentence_indices"":[0,1],""original_tokens"":34,""optimized_tokens"":34}]",ratio,0.75
qt046,MULTI_PART,ratio-0.75,"Why do readers usually avoid blocking writers, and when are row locks still used?",5,5,3,454,371,83,0.1828193832599119,1,2,0.5390835579514824,0.3820755002088845,datasets\raw\postgres-mvcc.md|datasets\raw\postgres-mvcc.md|datasets\raw\postgres-replication.md|datasets\raw\kafka-overview.md|datasets\raw\postgres-replication.md,"[{""source_id"":""datasets\\raw\\postgres-mvcc.md#1"",""selected_sentence_indices"":[0,1,2,3,4],""original_tokens"":94,""optimized_tokens"":81},{""source_id"":""datasets\\raw\\postgres-mvcc.md#0"",""selected_sentence_indices"":[0,1,2,4],""original_tokens"":91,""optimized_tokens"":75},{""source_id"":""datasets\\raw\\postgres-replication.md#3"",""selected_sentence_indices"":[1,2,3,4],""original_tokens"":92,""optimized_tokens"":68},{""source_id"":""datasets\\raw\\kafka-overview.md#2"",""selected_sentence_indices"":[1,2,3,4,5],""original_tokens"":90,""optimized_tokens"":67},{""source_id"":""datasets\\raw\\postgres-replication.md#1"",""selected_sentence_indices"":[1,2,3,4],""original_tokens"":87,""optimized_tokens"":80}]",ratio,0.75
qt047,MULTI_PART,ratio-0.75,"How do taints, tolerations, and node affinity jointly influence Pod placement?",5,5,2,408,365,43,0.1053921568627451,1,4,1.095890410958904,0.34385800012387335,datasets\raw\kubernetes-scheduling.md|datasets\raw\kubernetes-scheduling.md|datasets\raw\kubernetes-scheduling.md|datasets\raw\kubernetes-scheduling.md|datasets\raw\kafka-overview.md,"[{""source_id"":""datasets\\raw\\kubernetes-scheduling.md#2"",""selected_sentence_indices"":[0,2,3,4,5,6],""original_tokens"":96,""optimized_tokens"":77},{""source_id"":""datasets\\raw\\kubernetes-scheduling.md#0"",""selected_sentence_indices"":[0,1,2,3],""original_tokens"":91,""optimized_tokens"":87},{""source_id"":""datasets\\raw\\kubernetes-scheduling.md#1"",""selected_sentence_indices"":[0,2,3,4,5,6],""original_tokens"":94,""optimized_tokens"":85},{""source_id"":""datasets\\raw\\kubernetes-scheduling.md#3"",""selected_sentence_indices"":[0,1],""original_tokens"":37,""optimized_tokens"":37},{""source_id"":""datasets\\raw\\kafka-overview.md#2"",""selected_sentence_indices"":[0,1,2,4,5],""original_tokens"":90,""optimized_tokens"":79}]",ratio,0.75
qt048,MULTI_PART,ratio-0.75,"How do consumer groups distribute partitions, and how can consumers replay old events?",5,5,2,403,332,71,0.1761786600496278,1,4,1.2048192771084338,0.3704514999408275,datasets\raw\kafka-overview.md|datasets\raw\kafka-overview.md|datasets\raw\kafka-overview.md|datasets\raw\kafka-overview.md|datasets\raw\postgres-replication.md,"[{""source_id"":""datasets\\raw\\kafka-overview.md#2"",""selected_sentence_indices"":[0,1,2,3,4],""original_tokens"":90,""optimized_tokens"":82},{""source_id"":""datasets\\raw\\kafka-overview.md#1"",""selected_sentence_indices"":[0,1,2,3,5,6],""original_tokens"":93,""optimized_tokens"":79},{""source_id"":""datasets\\raw\\kafka-overview.md#3"",""selected_sentence_indices"":[0,1],""original_tokens"":41,""optimized_tokens"":41},{""source_id"":""datasets\\raw\\kafka-overview.md#0"",""selected_sentence_indices"":[1,2,3,4,5],""original_tokens"":87,""optimized_tokens"":62},{""source_id"":""datasets\\raw\\postgres-replication.md#3"",""selected_sentence_indices"":[1,2,3,4],""original_tokens"":92,""optimized_tokens"":68}]",ratio,0.75
qt049,MULTI_PART,ratio-0.75,"How is a standby promoted, and why is external failover orchestration often used?",5,5,2,394,346,48,0.1218274111675127,1,4,1.1560693641618498,0.3128714000340551,datasets\raw\postgres-replication.md|datasets\raw\postgres-replication.md|datasets\raw\postgres-replication.md|datasets\raw\postgres-replication.md|datasets\raw\kafka-overview.md,"[{""source_id"":""datasets\\raw\\postgres-replication.md#2"",""selected_sentence_indices"":[1,2,3,4],""original_tokens"":91,""optimized_tokens"":75},{""source_id"":""datasets\\raw\\postgres-replication.md#3"",""selected_sentence_indices"":[0,1,2,3],""original_tokens"":92,""optimized_tokens"":80},{""source_id"":""datasets\\raw\\postgres-replication.md#1"",""selected_sentence_indices"":[0,1,2,3],""original_tokens"":87,""optimized_tokens"":84},{""source_id"":""datasets\\raw\\postgres-replication.md#0"",""selected_sentence_indices"":[0,2,3,4],""original_tokens"":83,""optimized_tokens"":66},{""source_id"":""datasets\\raw\\kafka-overview.md#3"",""selected_sentence_indices"":[0,1],""original_tokens"":41,""optimized_tokens"":41}]",ratio,0.75
qt050,MULTI_PART,ratio-0.75,"How do resource requests affect scheduling, and how are they different from limits?",5,5,2,408,336,72,0.17647058823529413,1,4,1.1904761904761905,0.3211962999776006,datasets\raw\kubernetes-scheduling.md|datasets\raw\kubernetes-scheduling.md|datasets\raw\kubernetes-scheduling.md|datasets\raw\kubernetes-scheduling.md|datasets\raw\kafka-overview.md,"[{""source_id"":""datasets\\raw\\kubernetes-scheduling.md#1"",""selected_sentence_indices"":[1,2,3,4,5,6],""original_tokens"":94,""optimized_tokens"":79},{""source_id"":""datasets\\raw\\kubernetes-scheduling.md#2"",""selected_sentence_indices"":[0,1,2,3,4,5],""original_tokens"":96,""optimized_tokens"":88},{""source_id"":""datasets\\raw\\kubernetes-scheduling.md#0"",""selected_sentence_indices"":[0,1,2,4],""original_tokens"":91,""optimized_tokens"":53},{""source_id"":""datasets\\raw\\kubernetes-scheduling.md#3"",""selected_sentence_indices"":[0,1],""original_tokens"":37,""optimized_tokens"":37},{""source_id"":""datasets\\raw\\kafka-overview.md#2"",""selected_sentence_indices"":[0,1,2,3,5],""original_tokens"":90,""optimized_tokens"":79}]",ratio,0.75
qt001,DIRECT,ratio-0.50,How does PostgreSQL streaming replication work?,5,5,2,389,258,131,0.33676092544987146,1,4,1.5503875968992247,0.2988001999910921,datasets\raw\postgres-replication.md|datasets\raw\postgres-replication.md|datasets\raw\postgres-replication.md|datasets\raw\postgres-replication.md|datasets\raw\postgres-mvcc.md,"[{""source_id"":""datasets\\raw\\postgres-replication.md#0"",""selected_sentence_indices"":[0,2,4],""original_tokens"":83,""optimized_tokens"":50},{""source_id"":""datasets\\raw\\postgres-replication.md#1"",""selected_sentence_indices"":[1,2,3],""original_tokens"":87,""optimized_tokens"":77},{""source_id"":""datasets\\raw\\postgres-replication.md#3"",""selected_sentence_indices"":[1,3,4],""original_tokens"":92,""optimized_tokens"":49},{""source_id"":""datasets\\raw\\postgres-replication.md#4"",""selected_sentence_indices"":[1],""original_tokens"":34,""optimized_tokens"":26},{""source_id"":""datasets\\raw\\postgres-mvcc.md#2"",""selected_sentence_indices"":[1,4,5],""original_tokens"":93,""optimized_tokens"":56}]",ratio,0.5
qt002,DIRECT,ratio-0.50,How does PostgreSQL MVCC determine row visibility?,5,5,2,396,228,168,0.42424242424242425,1,4,1.7543859649122808,0.2678437000140548,datasets\raw\postgres-mvcc.md|datasets\raw\postgres-mvcc.md|datasets\raw\postgres-mvcc.md|datasets\raw\postgres-mvcc.md|datasets\raw\postgres-replication.md,"[{""source_id"":""datasets\\raw\\postgres-mvcc.md#1"",""selected_sentence_indices"":[0,3,5],""original_tokens"":94,""optimized_tokens"":37},{""source_id"":""datasets\\raw\\postgres-mvcc.md#0"",""selected_sentence_indices"":[0,2,3],""original_tokens"":91,""optimized_tokens"":60},{""source_id"":""datasets\\raw\\postgres-mvcc.md#3"",""selected_sentence_indices"":[0],""original_tokens"":26,""optimized_tokens"":26},{""source_id"":""datasets\\raw\\postgres-mvcc.md#2"",""selected_sentence_indices"":[1,4,5],""original_tokens"":93,""optimized_tokens"":56},{""source_id"":""datasets\\raw\\postgres-replication.md#3"",""selected_sentence_indices"":[1,3,4],""original_tokens"":92,""optimized_tokens"":49}]",ratio,0.5
qt003,DIRECT,ratio-0.50,How does Kubernetes select a node for a Pod?,5,5,2,411,237,174,0.4233576642335766,1,4,1.6877637130801686,0.34063269989565015,datasets\raw\kubernetes-scheduling.md|datasets\raw\kubernetes-scheduling.md|datasets\raw\kubernetes-scheduling.md|datasets\raw\kubernetes-scheduling.md|datasets\raw\kafka-overview.md,"[{""source_id"":""datasets\\raw\\kubernetes-scheduling.md#0"",""selected_sentence_indices"":[0,1,2],""original_tokens"":91,""optimized_tokens"":49},{""source_id"":""datasets\\raw\\kubernetes-scheduling.md#2"",""selected_sentence_indices"":[2,3,4,6],""original_tokens"":96,""optimized_tokens"":60},{""source_id"":""datasets\\raw\\kubernetes-scheduling.md#3"",""selected_sentence_indices"":[1],""original_tokens"":37,""optimized_tokens"":26},{""source_id"":""datasets\\raw\\kubernetes-scheduling.md#1"",""selected_sentence_indices"":[1,3,4,5],""original_tokens"":94,""optimized_tokens"":42},{""source_id"":""datasets\\raw\\kafka-overview.md#1"",""selected_sentence_indices"":[1,2,3,6],""original_tokens"":93,""optimized_tokens"":60}]",ratio,0.5
qt004,DIRECT,ratio-0.50,What is Apache Kafka used for?,5,5,2,404,211,193,0.4777227722772277,1,4,1.8957345971563981,0.35013230005279183,datasets\raw\kafka-overview.md|datasets\raw\kafka-overview.md|datasets\raw\kafka-overview.md|datasets\raw\kafka-overview.md|datasets\raw\postgres-mvcc.md,"[{""source_id"":""datasets\\raw\\kafka-overview.md#0"",""selected_sentence_indices"":[0,4,5],""original_tokens"":87,""optimized_tokens"":53},{""source_id"":""datasets\\raw\\kafka-overview.md#1"",""selected_sentence_indices"":[0,1,2,6],""original_tokens"":93,""optimized_tokens"":51},{""source_id"":""datasets\\raw\\kafka-overview.md#3"",""selected_sentence_indices"":[0],""original_tokens"":41,""optimized_tokens"":8},{""source_id"":""datasets\\raw\\kafka-overview.md#2"",""selected_sentence_indices"":[2,4,5],""original_tokens"":90,""optimized_tokens"":44},{""source_id"":""datasets\\raw\\postgres-mvcc.md#2"",""selected_sentence_indices"":[2,3,5],""original_tokens"":93,""optimized_tokens"":55}]",ratio,0.5
qt005,DIRECT,ratio-0.50,What trade-off does synchronous PostgreSQL replication make?,5,5,2,322,228,94,0.2919254658385093,1,4,1.7543859649122808,0.26357549987733364,datasets\raw\postgres-replication.md|datasets\raw\postgres-replication.md|datasets\raw\postgres-replication.md|datasets\raw\postgres-replication.md|datasets\raw\postgres-mvcc.md,"[{""source_id"":""datasets\\raw\\postgres-replication.md#3"",""selected_sentence_indices"":[1,3,4],""original_tokens"":92,""optimized_tokens"":49},{""source_id"":""datasets\\raw\\postgres-replication.md#0"",""selected_sentence_indices"":[0,2,4],""original_tokens"":83,""optimized_tokens"":50},{""source_id"":""datasets\\raw\\postgres-replication.md#1"",""selected_sentence_indices"":[1,2,3],""original_tokens"":87,""optimized_tokens"":77},{""source_id"":""datasets\\raw\\postgres-replication.md#4"",""selected_sentence_indices"":[1],""original_tokens"":34,""optimized_tokens"":26},{""source_id"":""datasets\\raw\\postgres-mvcc.md#3"",""selected_sentence_indices"":[0],""original_tokens"":26,""optimized_tokens"":26}]",ratio,0.5
qt006,DIRECT,ratio-0.50,What does PostgreSQL VACUUM do?,5,5,2,385,250,135,0.35064935064935066,1,3,1.2,0.25471260002814233,datasets\raw\postgres-mvcc.md|datasets\raw\postgres-mvcc.md|datasets\raw\postgres-replication.md|datasets\raw\postgres-replication.md|datasets\raw\postgres-mvcc.md,"[{""source_id"":""datasets\\raw\\postgres-mvcc.md#2"",""selected_sentence_indices"":[1,2,3],""original_tokens"":93,""optimized_tokens"":52},{""source_id"":""datasets\\raw\\postgres-mvcc.md#0"",""selected_sentence_indices"":[0,3,4],""original_tokens"":91,""optimized_tokens"":58},{""source_id"":""datasets\\raw\\postgres-replication.md#3"",""selected_sentence_indices"":[1,2,3],""original_tokens"":92,""optimized_tokens"":56},{""source_id"":""datasets\\raw\\postgres-replication.md#0"",""selected_sentence_indices"":[0,1,2],""original_tokens"":83,""optimized_tokens"":58},{""source_id"":""datasets\\raw\\postgres-mvcc.md#3"",""selected_sentence_indices"":[0],""original_tokens"":26,""optimized_tokens"":26}]",ratio,0.5
qt007,DIRECT,ratio-0.50,How do Kubernetes taints and tolerations affect scheduling?,5,5,2,408,236,172,0.4215686274509804,1,4,1.6949152542372883,0.3106041999999434,datasets\raw\kubernetes-scheduling.md|datasets\raw\kubernetes-scheduling.md|datasets\raw\kubernetes-scheduling.md|datasets\raw\kubernetes-scheduling.md|datasets\raw\kafka-overview.md,"[{""source_id"":""datasets\\raw\\kubernetes-scheduling.md#2"",""selected_sentence_indices"":[1,2,4,6],""original_tokens"":96,""optimized_tokens"":70},{""source_id"":""datasets\\raw\\kubernetes-scheduling.md#0"",""selected_sentence_indices"":[0,1,2],""original_tokens"":91,""optimized_tokens"":49},{""source_id"":""datasets\\raw\\kubernetes-scheduling.md#3"",""selected_sentence_indices"":[1],""original_tokens"":37,""optimized_tokens"":26},{""source_id"":""datasets\\raw\\kubernetes-scheduling.md#1"",""selected_sentence_indices"":[1,4,5,6],""original_tokens"":94,""optimized_tokens"":47},{""source_id"":""datasets\\raw\\kafka-overview.md#2"",""selected_sentence_indices"":[2,4,5],""original_tokens"":90,""optimized_tokens"":44}]",ratio,0.5
qt008,DIRECT,ratio-0.50,How do Kafka consumer groups divide work?,5,5,2,403,223,180,0.4466501240694789,1,4,1.7937219730941705,0.2961063999682665,datasets\raw\kafka-overview.md|datasets\raw\kafka-overview.md|datasets\raw\kafka-overview.md|datasets\raw\kafka-overview.md|datasets\raw\postgres-replication.md,"[{""source_id"":""datasets\\raw\\kafka-overview.md#1"",""selected_sentence_indices"":[1,2,5,6],""original_tokens"":93,""optimized_tokens"":48},{""source_id"":""datasets\\raw\\kafka-overview.md#2"",""selected_sentence_indices"":[0,2,4],""original_tokens"":90,""optimized_tokens"":58},{""source_id"":""datasets\\raw\\kafka-overview.md#0"",""selected_sentence_indices"":[0,4,5],""original_tokens"":87,""optimized_tokens"":53},{""source_id"":""datasets\\raw\\kafka-overview.md#3"",""selected_sentence_indices"":[0],""original_tokens"":41,""optimized_tokens"":8},{""source_id"":""datasets\\raw\\postgres-replication.md#3"",""selected_sentence_indices"":[1,2,3],""original_tokens"":92,""optimized_tokens"":56}]",ratio,0.5
qt009,DIRECT,ratio-0.50,Why can a PostgreSQL replication slot consume disk space?,5,5,2,389,258,131,0.33676092544987146,1,4,1.5503875968992247,0.2937012000475079,datasets\raw\postgres-replication.md|datasets\raw\postgres-replication.md|datasets\raw\postgres-mvcc.md|datasets\raw\postgres-replication.md|datasets\raw\postgres-replication.md,"[{""source_id"":""datasets\\raw\\postgres-replication.md#3"",""selected_sentence_indices"":[1,2,3],""original_tokens"":92,""optimized_tokens"":56},{""source_id"":""datasets\\raw\\postgres-replication.md#4"",""selected_sentence_indices"":[1],""original_tokens"":34,""optimized_tokens"":26},{""source_id"":""datasets\\raw\\postgres-mvcc.md#2"",""selected_sentence_indices"":[1,2,5],""original_tokens"":93,""optimized_tokens"":49},{""source_id"":""datasets\\raw\\postgres-replication.md#0"",""selected_sentence_indices"":[0,2,4],""original_tokens"":83,""optimized_tokens"":50},{""source_id"":""datasets\\raw\\postgres-replication.md#1"",""selected_sentence_indices"":[1,2,3],""original_tokens"":87,""optimized_tokens"":77}]",ratio,0.5
qt010,DIRECT,ratio-0.50,How does logical replication differ from physical streaming replication?,5,5,2,386,233,153,0.3963730569948187,1,4,1.7167381974248928,0.29477020003832877,datasets\raw\postgres-replication.md|datasets\raw\postgres-replication.md|datasets\raw\postgres-replication.md|datasets\raw\postgres-replication.md|datasets\raw\kafka-overview.md,"[{""source_id"":""datasets\\raw\\postgres-replication.md#4"",""selected_sentence_indices"":[1],""original_tokens"":34,""optimized_tokens"":26},{""source_id"":""datasets\\raw\\postgres-replication.md#3"",""selected_sentence_indices"":[1,3,4],""original_tokens"":92,""optimized_tokens"":49},{""source_id"":""datasets\\raw\\postgres-replication.md#1"",""selected_sentence_indices"":[1,2,3],""original_tokens"":87,""optimized_tokens"":77},{""source_id"":""datasets\\raw\\postgres-replication.md#0"",""selected_sentence_indices"":[0,2,4],""original_tokens"":83,""optimized_tokens"":50},{""source_id"":""datasets\\raw\\kafka-overview.md#2"",""selected_sentence_indices"":[3,4,5],""original_tokens"":90,""optimized_tokens"":31}]",ratio,0.5
qt011,PARAPHRASE,ratio-0.50,How can database readers see stable data without making writers wait?,5,5,2,447,285,162,0.3624161073825503,1,2,0.7017543859649122,0.3154488999862224,datasets\raw\postgres-mvcc.md|datasets\raw\postgres-mvcc.md|datasets\raw\postgres-replication.md|datasets\raw\postgres-replication.md|datasets\raw\postgres-replication.md,"[{""source_id"":""datasets\\raw\\postgres-mvcc.md#1"",""selected_sentence_indices"":[1,2,3],""original_tokens"":94,""optimized_tokens"":58},{""source_id"":""datasets\\raw\\postgres-mvcc.md#0"",""selected_sentence_indices"":[0,3,4],""original_tokens"":91,""optimized_tokens"":58},{""source_id"":""datasets\\raw\\postgres-replication.md#0"",""selected_sentence_indices"":[1,2,4],""original_tokens"":83,""optimized_tokens"":45},{""source_id"":""datasets\\raw\\postgres-replication.md#1"",""selected_sentence_indices"":[1,2,3],""original_tokens"":87,""optimized_tokens"":77},{""source_id"":""datasets\\raw\\postgres-replication.md#3"",""selected_sentence_indices"":[2,3,4],""original_tokens"":92,""optimized_tokens"":47}]",ratio,0.5
qt012,PARAPHRASE,ratio-0.50,How are change records shipped and applied to a backup database?,5,5,2,385,244,141,0.36623376623376624,1,2,0.819672131147541,0.26496609998866916,datasets\raw\postgres-mvcc.md|datasets\raw\postgres-mvcc.md|datasets\raw\postgres-mvcc.md|datasets\raw\postgres-replication.md|datasets\raw\postgres-replication.md,"[{""source_id"":""datasets\\raw\\postgres-mvcc.md#0"",""selected_sentence_indices"":[1,2,4],""original_tokens"":91,""optimized_tokens"":47},{""source_id"":""datasets\\raw\\postgres-mvcc.md#3"",""selected_sentence_indices"":[0],""original_tokens"":26,""optimized_tokens"":26},{""source_id"":""datasets\\raw\\postgres-mvcc.md#2"",""selected_sentence_indices"":[1,3,5],""original_tokens"":93,""optimized_tokens"":66},{""source_id"":""datasets\\raw\\postgres-replication.md#0"",""selected_sentence_indices"":[1,2,3],""original_tokens"":83,""optimized_tokens"":52},{""source_id"":""datasets\\raw\\postgres-replication.md#3"",""selected_sentence_indices"":[0,3,4],""original_tokens"":92,""optimized_tokens"":53}]",ratio,0.5
qt013,PARAPHRASE,ratio-0.50,What decides where a newly requested workload runs in a cluster?,5,5,2,410,241,169,0.4121951219512195,1,4,1.6597510373443982,0.3035710998810828,datasets\raw\kubernetes-scheduling.md|datasets\raw\kubernetes-scheduling.md|datasets\raw\kubernetes-scheduling.md|datasets\raw\postgres-replication.md|datasets\raw\kubernetes-scheduling.md,"[{""source_id"":""datasets\\raw\\kubernetes-scheduling.md#2"",""selected_sentence_indices"":[1,3,4,5],""original_tokens"":96,""optimized_tokens"":61},{""source_id"":""datasets\\raw\\kubernetes-scheduling.md#1"",""selected_sentence_indices"":[1,2,4,6],""original_tokens"":94,""optimized_tokens"":60},{""source_id"":""datasets\\raw\\kubernetes-scheduling.md#0"",""selected_sentence_indices"":[0,1,2],""original_tokens"":91,""optimized_tokens"":49},{""source_id"":""datasets\\raw\\postgres-replication.md#3"",""selected_sentence_indices"":[0,2,3],""original_tokens"":92,""optimized_tokens"":60},{""source_id"":""datasets\\raw\\kubernetes-scheduling.md#3"",""selected_sentence_indices"":[0],""original_tokens"":37,""optimized_tokens"":11}]",ratio,0.5
qt014,PARAPHRASE,ratio-0.50,How can separate applications independently reread the same ordered events?,5,5,2,403,231,172,0.4267990074441687,1,4,1.7316017316017316,0.3121524997986853,datasets\raw\kafka-overview.md|datasets\raw\kafka-overview.md|datasets\raw\kafka-overview.md|datasets\raw\postgres-replication.md|datasets\raw\kafka-overview.md,"[{""source_id"":""datasets\\raw\\kafka-overview.md#2"",""selected_sentence_indices"":[1,2,4],""original_tokens"":90,""optimized_tokens"":48},{""source_id"":""datasets\\raw\\kafka-overview.md#3"",""selected_sentence_indices"":[0],""original_tokens"":41,""optimized_tokens"":8},{""source_id"":""datasets\\raw\\kafka-overview.md#0"",""selected_sentence_indices"":[0,1,3],""original_tokens"":87,""optimized_tokens"":53},{""source_id"":""datasets\\raw\\postgres-replication.md#3"",""selected_sentence_indices"":[0,1,4],""original_tokens"":92,""optimized_tokens"":57},{""source_id"":""datasets\\raw\\kafka-overview.md#1"",""selected_sentence_indices"":[0,2,3,6],""original_tokens"":93,""optimized_tokens"":65}]",ratio,0.5
qt015,PARAPHRASE,ratio-0.50,Why might old copies of updated rows remain on disk?,5,5,2,404,210,194,0.4801980198019802,1,3,1.4285714285714286,0.31124529987573624,datasets\raw\postgres-mvcc.md|datasets\raw\postgres-mvcc.md|datasets\raw\postgres-mvcc.md|datasets\raw\postgres-replication.md|datasets\raw\postgres-replication.md,"[{""source_id"":""datasets\\raw\\postgres-mvcc.md#0"",""selected_sentence_indices"":[1,2,3],""original_tokens"":91,""optimized_tokens"":49},{""source_id"":""datasets\\raw\\postgres-mvcc.md#1"",""selected_sentence_indices"":[0,2,5],""original_tokens"":94,""optimized_tokens"":43},{""source_id"":""datasets\\raw\\postgres-mvcc.md#2"",""selected_sentence_indices"":[0,1,5],""original_tokens"":93,""optimized_tokens"":45},{""source_id"":""datasets\\raw\\postgres-replication.md#3"",""selected_sentence_indices"":[2,3,4],""original_tokens"":92,""optimized_tokens"":47},{""source_id"":""datasets\\raw\\postgres-replication.md#4"",""selected_sentence_indices"":[1],""original_tokens"":34,""optimized_tokens"":26}]",ratio,0.5
qt016,PARAPHRASE,ratio-0.50,How does the cluster avoid placing a workload on an unsuitable machine?,5,5,3,466,311,155,0.33261802575107297,1,3,0.9646302250803859,0.3317457002121955,datasets\raw\kubernetes-scheduling.md|datasets\raw\kubernetes-scheduling.md|datasets\raw\kubernetes-scheduling.md|datasets\raw\postgres-replication.md|datasets\raw\kafka-overview.md,"[{""source_id"":""datasets\\raw\\kubernetes-scheduling.md#2"",""selected_sentence_indices"":[1,2,4,5],""original_tokens"":96,""optimized_tokens"":74},{""source_id"":""datasets\\raw\\kubernetes-scheduling.md#0"",""selected_sentence_indices"":[0,2,3],""original_tokens"":91,""optimized_tokens"":67},{""source_id"":""datasets\\raw\\kubernetes-scheduling.md#1"",""selected_sentence_indices"":[1,2,5,6],""original_tokens"":94,""optimized_tokens"":56},{""source_id"":""datasets\\raw\\postgres-replication.md#3"",""selected_sentence_indices"":[0,1,2],""original_tokens"":92,""optimized_tokens"":64},{""source_id"":""datasets\\raw\\kafka-overview.md#1"",""selected_sentence_indices"":[0,1,2,3],""original_tokens"":93,""optimized_tokens"":50}]",ratio,0.5
qt017,PARAPHRASE,ratio-0.50,How is an event log spread across servers for parallelism and resilience?,5,5,2,393,209,184,0.4681933842239186,1,3,1.4354066985645935,0.3205952998250723,datasets\raw\kafka-overview.md|datasets\raw\kafka-overview.md|datasets\raw\kafka-overview.md|datasets\raw\postgres-replication.md|datasets\raw\postgres-replication.md,"[{""source_id"":""datasets\\raw\\kafka-overview.md#3"",""selected_sentence_indices"":[0],""original_tokens"":41,""optimized_tokens"":8},{""source_id"":""datasets\\raw\\kafka-overview.md#2"",""selected_sentence_indices"":[1,4,5],""original_tokens"":90,""optimized_tokens"":32},{""source_id"":""datasets\\raw\\kafka-overview.md#0"",""selected_sentence_indices"":[0,3,4],""original_tokens"":87,""optimized_tokens"":60},{""source_id"":""datasets\\raw\\postgres-replication.md#0"",""selected_sentence_indices"":[0,1,4],""original_tokens"":83,""optimized_tokens"":48},{""source_id"":""datasets\\raw\\postgres-replication.md#3"",""selected_sentence_indices"":[0,1,3],""original_tokens"":92,""optimized_tokens"":61}]",ratio,0.5
qt018,PARAPHRASE,ratio-0.50,What happens when the main database disappears and a copy must take writes?,5,5,2,450,286,164,0.36444444444444446,1,3,1.048951048951049,0.331616000039503,datasets\raw\postgres-replication.md|datasets\raw\postgres-replication.md|datasets\raw\postgres-mvcc.md|datasets\raw\postgres-mvcc.md|datasets\raw\postgres-replication.md,"[{""source_id"":""datasets\\raw\\postgres-replication.md#3"",""selected_sentence_indices"":[1,2,3],""original_tokens"":92,""optimized_tokens"":56},{""source_id"":""datasets\\raw\\postgres-replication.md#2"",""selected_sentence_indices"":[2,3,4],""original_tokens"":91,""optimized_tokens"":58},{""source_id"":""datasets\\raw\\postgres-mvcc.md#2"",""selected_sentence_indices"":[1,4,5],""original_tokens"":93,""optimized_tokens"":56},{""source_id"":""datasets\\raw\\postgres-mvcc.md#0"",""selected_sentence_indices"":[0,2,4],""original_tokens"":91,""optimized_tokens"":58},{""source_id"":""datasets\\raw\\postgres-replication.md#0"",""selected_sentence_indices"":[0,1,2],""original_tokens"":83,""optimized_tokens"":58}]",ratio,0.5
qt019,PARAPHRASE,ratio-0.50,Why do declared resources matter more than momentary usage for workload placement?,5,5,3,466,299,167,0.3583690987124464,1,3,1.0033444816053512,0.31489649997092783,datasets\raw\kubernetes-scheduling.md|datasets\raw\kubernetes-scheduling.md|datasets\raw\kubernetes-scheduling.md|datasets\raw\postgres-mvcc.md|datasets\raw\postgres-replication.md,"[{""source_id"":""datasets\\raw\\kubernetes-scheduling.md#1"",""selected_sentence_indices"":[2,4,5,6],""original_tokens"":94,""optimized_tokens"":62},{""source_id"":""datasets\\raw\\kubernetes-scheduling.md#2"",""selected_sentence_indices"":[0,1,4,5],""original_tokens"":96,""optimized_tokens"":55},{""source_id"":""datasets\\raw\\kubernetes-scheduling.md#0"",""selected_sentence_indices"":[0,2,3],""original_tokens"":91,""optimized_tokens"":67},{""source_id"":""datasets\\raw\\postgres-mvcc.md#2"",""selected_sentence_indices"":[2,3,5],""original_tokens"":93,""optimized_tokens"":55},{""source_id"":""datasets\\raw\\postgres-replication.md#3"",""selected_sentence_indices"":[0,2,3],""original_tokens"":92,""optimized_tokens"":60}]",ratio,0.5
qt020,PARAPHRASE,ratio-0.50,How can a stream reader go back and process earlier records again?,5,5,3,445,294,151,0.3393258426966292,1,1,0.3401360544217687,0.30791809991933405,datasets\raw\postgres-replication.md|datasets\raw\postgres-replication.md|datasets\raw\postgres-mvcc.md|datasets\raw\postgres-replication.md|datasets\raw\kafka-overview.md,"[{""source_id"":""datasets\\raw\\postgres-replication.md#1"",""selected_sentence_indices"":[1,2,3],""original_tokens"":87,""optimized_tokens"":77},{""source_id"":""datasets\\raw\\postgres-replication.md#0"",""selected_sentence_indices"":[1,3,4],""original_tokens"":83,""optimized_tokens"":42},{""source_id"":""datasets\\raw\\postgres-mvcc.md#2"",""selected_sentence_indices"":[1,3,5],""original_tokens"":93,""optimized_tokens"":66},{""source_id"":""datasets\\raw\\postgres-replication.md#3"",""selected_sentence_indices"":[0,1,3],""original_tokens"":92,""optimized_tokens"":61},{""source_id"":""datasets\\raw\\kafka-overview.md#2"",""selected_sentence_indices"":[1,2,3],""original_tokens"":90,""optimized_tokens"":48}]",ratio,0.5
qt021,VAGUE,ratio-0.50,Why are old versions not getting cleaned up?,5,5,2,404,185,219,0.5420792079207921,1,3,1.6216216216216215,0.3063368001021445,datasets\raw\postgres-mvcc.md|datasets\raw\postgres-mvcc.md|datasets\raw\postgres-mvcc.md|datasets\raw\postgres-replication.md|datasets\raw\postgres-replication.md,"[{""source_id"":""datasets\\raw\\postgres-mvcc.md#2"",""selected_sentence_indices"":[0,1,2],""original_tokens"":93,""optimized_tokens"":31},{""source_id"":""datasets\\raw\\postgres-mvcc.md#1"",""selected_sentence_indices"":[0,1,5],""original_tokens"":94,""optimized_tokens"":32},{""source_id"":""datasets\\raw\\postgres-mvcc.md#0"",""selected_sentence_indices"":[1,2,3],""original_tokens"":91,""optimized_tokens"":49},{""source_id"":""datasets\\raw\\postgres-replication.md#4"",""selected_sentence_indices"":[1],""original_tokens"":34,""optimized_tokens"":26},{""source_id"":""datasets\\raw\\postgres-replication.md#3"",""selected_sentence_indices"":[2,3,4],""original_tokens"":92,""optimized_tokens"":47}]",ratio,0.5
qt022,VAGUE,ratio-0.50,Why is the replica falling behind?,5,5,2,386,192,194,0.5025906735751295,1,4,2.0833333333333335,0.27856909995898604,datasets\raw\postgres-replication.md|datasets\raw\postgres-replication.md|datasets\raw\postgres-replication.md|datasets\raw\postgres-replication.md|datasets\raw\kafka-overview.md,"[{""source_id"":""datasets\\raw\\postgres-replication.md#1"",""selected_sentence_indices"":[1,3,4],""original_tokens"":87,""optimized_tokens"":50},{""source_id"":""datasets\\raw\\postgres-replication.md#3"",""selected_sentence_indices"":[1,2,3],""original_tokens"":92,""optimized_tokens"":56},{""source_id"":""datasets\\raw\\postgres-replication.md#0"",""selected_sentence_indices"":[0,3,4],""original_tokens"":83,""optimized_tokens"":47},{""source_id"":""datasets\\raw\\postgres-replication.md#4"",""selected_sentence_indices"":[0],""original_tokens"":34,""optimized_tokens"":8},{""source_id"":""datasets\\raw\\kafka-overview.md#2"",""selected_sentence_indices"":[3,4,5],""original_tokens"":90,""optimized_tokens"":31}]",ratio,0.5
qt023,VAGUE,ratio-0.50,Why is my workload still pending?,5,5,2,405,237,168,0.4148148148148148,1,4,1.6877637130801686,0.3199588998686522,datasets\raw\kubernetes-scheduling.md|datasets\raw\kubernetes-scheduling.md|datasets\raw\kubernetes-scheduling.md|datasets\raw\postgres-replication.md|datasets\raw\kubernetes-scheduling.md,"[{""source_id"":""datasets\\raw\\kubernetes-scheduling.md#0"",""selected_sentence_indices"":[0,1,2],""original_tokens"":91,""optimized_tokens"":49},{""source_id"":""datasets\\raw\\kubernetes-scheduling.md#1"",""selected_sentence_indices"":[1,2,4,6],""original_tokens"":94,""optimized_tokens"":60},{""source_id"":""datasets\\raw\\kubernetes-scheduling.md#2"",""selected_sentence_indices"":[0,1,4,5],""original_tokens"":96,""optimized_tokens"":55},{""source_id"":""datasets\\raw\\postgres-replication.md#1"",""selected_sentence_indices"":[0,1,2],""original_tokens"":87,""optimized_tokens"":62},{""source_id"":""datasets\\raw\\kubernetes-scheduling.md#3"",""selected_sentence_indices"":[0],""original_tokens"":37,""optimized_tokens"":11}]",ratio,0.5
qt024,VAGUE,ratio-0.50,How can I read the same messages again?,5,5,3,399,214,185,0.46365914786967416,1,2,0.9345794392523364,0.31309839989989996,datasets\raw\kafka-overview.md|datasets\raw\postgres-mvcc.md|datasets\raw\kafka-overview.md|datasets\raw\postgres-mvcc.md|datasets\raw\postgres-replication.md,"[{""source_id"":""datasets\\raw\\kafka-overview.md#2"",""selected_sentence_indices"":[1,2,3],""original_tokens"":90,""optimized_tokens"":48},{""source_id"":""datasets\\raw\\postgres-mvcc.md#1"",""selected_sentence_indices"":[1,2,3],""original_tokens"":94,""optimized_tokens"":58},{""source_id"":""datasets\\raw\\kafka-overview.md#3"",""selected_sentence_indices"":[0],""original_tokens"":41,""optimized_tokens"":8},{""source_id"":""datasets\\raw\\postgres-mvcc.md#0"",""selected_sentence_indices"":[0,2,4],""original_tokens"":91,""optimized_tokens"":58},{""source_id"":""datasets\\raw\\postgres-replication.md#0"",""selected_sentence_indices"":[1,3,4],""original_tokens"":83,""optimized_tokens"":42}]",ratio,0.5
qt025,VAGUE,ratio-0.50,Why is commit slower now?,5,5,2,389,249,140,0.35989717223650386,1,2,0.8032128514056224,0.2919207001104951,datasets\raw\postgres-mvcc.md|datasets\raw\postgres-mvcc.md|datasets\raw\postgres-replication.md|datasets\raw\postgres-mvcc.md|datasets\raw\postgres-replication.md,"[{""source_id"":""datasets\\raw\\postgres-mvcc.md#1"",""selected_sentence_indices"":[1,2,4],""original_tokens"":94,""optimized_tokens"":57},{""source_id"":""datasets\\raw\\postgres-mvcc.md#0"",""selected_sentence_indices"":[0,2,4],""original_tokens"":91,""optimized_tokens"":58},{""source_id"":""datasets\\raw\\postgres-replication.md#1"",""selected_sentence_indices"":[0,2,3],""original_tokens"":87,""optimized_tokens"":59},{""source_id"":""datasets\\raw\\postgres-mvcc.md#3"",""selected_sentence_indices"":[0],""original_tokens"":26,""optimized_tokens"":26},{""source_id"":""datasets\\raw\\postgres-replication.md#2"",""selected_sentence_indices"":[0,1,3],""original_tokens"":91,""optimized_tokens"":49}]",ratio,0.5
qt026,VAGUE,ratio-0.50,Why do reads keep changing between statements?,5,5,2,386,232,154,0.39896373056994816,1,3,1.293103448275862,0.2826985998544842,datasets\raw\postgres-mvcc.md|datasets\raw\postgres-mvcc.md|datasets\raw\postgres-mvcc.md|datasets\raw\postgres-replication.md|datasets\raw\postgres-replication.md,"[{""source_id"":""datasets\\raw\\postgres-mvcc.md#1"",""selected_sentence_indices"":[1,2,3],""original_tokens"":94,""optimized_tokens"":58},{""source_id"":""datasets\\raw\\postgres-mvcc.md#0"",""selected_sentence_indices"":[0,1,4],""original_tokens"":91,""optimized_tokens"":59},{""source_id"":""datasets\\raw\\postgres-mvcc.md#3"",""selected_sentence_indices"":[0],""original_tokens"":26,""optimized_tokens"":26},{""source_id"":""datasets\\raw\\postgres-replication.md#3"",""selected_sentence_indices"":[2,3,4],""original_tokens"":92,""optimized_tokens"":47},{""source_id"":""datasets\\raw\\postgres-replication.md#0"",""selected_sentence_indices"":[1,3,4],""original_tokens"":83,""optimized_tokens"":42}]",ratio,0.5
qt027,VAGUE,ratio-0.50,Why won't this workload run on that machine?,5,5,2,405,243,162,0.4,1,4,1.6460905349794237,0.342971800127998,datasets\raw\kubernetes-scheduling.md|datasets\raw\kubernetes-scheduling.md|datasets\raw\kubernetes-scheduling.md|datasets\raw\kubernetes-scheduling.md|datasets\raw\postgres-replication.md,"[{""source_id"":""datasets\\raw\\kubernetes-scheduling.md#0"",""selected_sentence_indices"":[0,2,3],""original_tokens"":91,""optimized_tokens"":67},{""source_id"":""datasets\\raw\\kubernetes-scheduling.md#3"",""selected_sentence_indices"":[0],""original_tokens"":37,""optimized_tokens"":11},{""source_id"":""datasets\\raw\\kubernetes-scheduling.md#1"",""selected_sentence_indices"":[0,1,4,5],""original_tokens"":94,""optimized_tokens"":48},{""source_id"":""datasets\\raw\\kubernetes-scheduling.md#2"",""selected_sentence_indices"":[0,1,4,5],""original_tokens"":96,""optimized_tokens"":55},{""source_id"":""datasets\\raw\\postgres-replication.md#1"",""selected_sentence_indices"":[0,1,2],""original_tokens"":87,""optimized_tokens"":62}]",ratio,0.5
qt028,VAGUE,ratio-0.50,Why isn't one reader handling every partition?,5,5,2,405,232,173,0.4271604938271605,1,4,1.7241379310344829,0.32694569998420775,datasets\raw\kafka-overview.md|datasets\raw\kafka-overview.md|datasets\raw\postgres-mvcc.md|datasets\raw\kafka-overview.md|datasets\raw\kafka-overview.md,"[{""source_id"":""datasets\\raw\\kafka-overview.md#2"",""selected_sentence_indices"":[0,1,2],""original_tokens"":90,""optimized_tokens"":60},{""source_id"":""datasets\\raw\\kafka-overview.md#1"",""selected_sentence_indices"":[0,2,3,6],""original_tokens"":93,""optimized_tokens"":65},{""source_id"":""datasets\\raw\\postgres-mvcc.md#1"",""selected_sentence_indices"":[1,2,3],""original_tokens"":94,""optimized_tokens"":58},{""source_id"":""datasets\\raw\\kafka-overview.md#3"",""selected_sentence_indices"":[0],""original_tokens"":41,""optimized_tokens"":8},{""source_id"":""datasets\\raw\\kafka-overview.md#0"",""selected_sentence_indices"":[2,3,4],""original_tokens"":87,""optimized_tokens"":41}]",ratio,0.5
qt029,VAGUE,ratio-0.50,Why is the log filling the disk?,5,5,3,399,179,220,0.5513784461152882,1,2,1.1173184357541899,0.3198189998511225,datasets\raw\kafka-overview.md|datasets\raw\postgres-mvcc.md|datasets\raw\kafka-overview.md|datasets\raw\postgres-replication.md|datasets\raw\postgres-replication.md,"[{""source_id"":""datasets\\raw\\kafka-overview.md#3"",""selected_sentence_indices"":[0],""original_tokens"":41,""optimized_tokens"":8},{""source_id"":""datasets\\raw\\postgres-mvcc.md#2"",""selected_sentence_indices"":[0,1,2],""original_tokens"":93,""optimized_tokens"":31},{""source_id"":""datasets\\raw\\kafka-overview.md#2"",""selected_sentence_indices"":[0,4,5],""original_tokens"":90,""optimized_tokens"":42},{""source_id"":""datasets\\raw\\postgres-replication.md#0"",""selected_sentence_indices"":[1,3,4],""original_tokens"":83,""optimized_tokens"":42},{""source_id"":""datasets\\raw\\postgres-replication.md#3"",""selected_sentence_indices"":[1,2,3],""original_tokens"":92,""optimized_tokens"":56}]",ratio,0.5
qt030,VAGUE,ratio-0.50,Who actually starts the containers?,5,5,2,411,188,223,0.5425790754257908,1,4,2.127659574468085,0.3837463001254946,datasets\raw\kubernetes-scheduling.md|datasets\raw\kubernetes-scheduling.md|datasets\raw\kubernetes-scheduling.md|datasets\raw\kubernetes-scheduling.md|datasets\raw\kafka-overview.md,"[{""source_id"":""datasets\\raw\\kubernetes-scheduling.md#3"",""selected_sentence_indices"":[0],""original_tokens"":37,""optimized_tokens"":11},{""source_id"":""datasets\\raw\\kubernetes-scheduling.md#2"",""selected_sentence_indices"":[0,2,5,6],""original_tokens"":96,""optimized_tokens"":48},{""source_id"":""datasets\\raw\\kubernetes-scheduling.md#0"",""selected_sentence_indices"":[0,2,4],""original_tokens"":91,""optimized_tokens"":33},{""source_id"":""datasets\\raw\\kubernetes-scheduling.md#1"",""selected_sentence_indices"":[1,4,5,6],""original_tokens"":94,""optimized_tokens"":47},{""source_id"":""datasets\\raw\\kafka-overview.md#1"",""selected_sentence_indices"":[1,3,4,5],""original_tokens"":93,""optimized_tokens"":49}]",ratio,0.5
qt031,EXACT_IDENTIFIER,ratio-0.50,What does WAL do in PostgreSQL streaming replication?,5,5,2,381,265,116,0.30446194225721784,1,3,1.1320754716981132,0.2714909999631345,datasets\raw\postgres-replication.md|datasets\raw\postgres-replication.md|datasets\raw\postgres-replication.md|datasets\raw\postgres-mvcc.md|datasets\raw\postgres-mvcc.md,"[{""source_id"":""datasets\\raw\\postgres-replication.md#0"",""selected_sentence_indices"":[0,2,4],""original_tokens"":83,""optimized_tokens"":50},{""source_id"":""datasets\\raw\\postgres-replication.md#1"",""selected_sentence_indices"":[1,2,3],""original_tokens"":87,""optimized_tokens"":77},{""source_id"":""datasets\\raw\\postgres-replication.md#3"",""selected_sentence_indices"":[1,2,3],""original_tokens"":92,""optimized_tokens"":56},{""source_id"":""datasets\\raw\\postgres-mvcc.md#3"",""selected_sentence_indices"":[0],""original_tokens"":26,""optimized_tokens"":26},{""source_id"":""datasets\\raw\\postgres-mvcc.md#2"",""selected_sentence_indices"":[1,4,5],""original_tokens"":93,""optimized_tokens"":56}]",ratio,0.5
qt032,EXACT_IDENTIFIER,ratio-0.50,What does MVCC provide in PostgreSQL?,5,5,2,387,255,132,0.34108527131782945,1,4,1.5686274509803924,0.2713618997950107,datasets\raw\postgres-mvcc.md|datasets\raw\postgres-mvcc.md|datasets\raw\postgres-mvcc.md|datasets\raw\postgres-mvcc.md|datasets\raw\postgres-replication.md,"[{""source_id"":""datasets\\raw\\postgres-mvcc.md#3"",""selected_sentence_indices"":[0],""original_tokens"":26,""optimized_tokens"":26},{""source_id"":""datasets\\raw\\postgres-mvcc.md#0"",""selected_sentence_indices"":[0,3,4],""original_tokens"":91,""optimized_tokens"":58},{""source_id"":""datasets\\raw\\postgres-mvcc.md#1"",""selected_sentence_indices"":[2,3,5],""original_tokens"":94,""optimized_tokens"":57},{""source_id"":""datasets\\raw\\postgres-mvcc.md#2"",""selected_sentence_indices"":[1,4,5],""original_tokens"":93,""optimized_tokens"":56},{""source_id"":""datasets\\raw\\postgres-replication.md#0"",""selected_sentence_indices"":[0,1,2],""original_tokens"":83,""optimized_tokens"":58}]",ratio,0.5
qt033,EXACT_IDENTIFIER,ratio-0.50,What does VACUUM do with obsolete row versions?,5,5,2,404,189,215,0.5321782178217822,1,3,1.5873015873015874,0.2997840999159962,datasets\raw\postgres-mvcc.md|datasets\raw\postgres-mvcc.md|datasets\raw\postgres-mvcc.md|datasets\raw\postgres-replication.md|datasets\raw\postgres-replication.md,"[{""source_id"":""datasets\\raw\\postgres-mvcc.md#2"",""selected_sentence_indices"":[0,1,2],""original_tokens"":93,""optimized_tokens"":31},{""source_id"":""datasets\\raw\\postgres-mvcc.md#1"",""selected_sentence_indices"":[0,4,5],""original_tokens"":94,""optimized_tokens"":36},{""source_id"":""datasets\\raw\\postgres-mvcc.md#0"",""selected_sentence_indices"":[1,2,3],""original_tokens"":91,""optimized_tokens"":49},{""source_id"":""datasets\\raw\\postgres-replication.md#4"",""selected_sentence_indices"":[1],""original_tokens"":34,""optimized_tokens"":26},{""source_id"":""datasets\\raw\\postgres-replication.md#3"",""selected_sentence_indices"":[2,3,4],""original_tokens"":92,""optimized_tokens"":47}]",ratio,0.5
qt034,EXACT_IDENTIFIER,ratio-0.50,How does Read Committed choose snapshots?,5,5,3,445,270,175,0.39325842696629215,1,2,0.7407407407407407,0.3057770000305027,datasets\raw\postgres-mvcc.md|datasets\raw\postgres-mvcc.md|datasets\raw\postgres-replication.md|datasets\raw\kafka-overview.md|datasets\raw\postgres-replication.md,"[{""source_id"":""datasets\\raw\\postgres-mvcc.md#0"",""selected_sentence_indices"":[2,3,4],""original_tokens"":91,""optimized_tokens"":46},{""source_id"":""datasets\\raw\\postgres-mvcc.md#1"",""selected_sentence_indices"":[1,2,3],""original_tokens"":94,""optimized_tokens"":58},{""source_id"":""datasets\\raw\\postgres-replication.md#1"",""selected_sentence_indices"":[1,2,3],""original_tokens"":87,""optimized_tokens"":77},{""source_id"":""datasets\\raw\\kafka-overview.md#2"",""selected_sentence_indices"":[2,3,4],""original_tokens"":90,""optimized_tokens"":47},{""source_id"":""datasets\\raw\\postgres-replication.md#0"",""selected_sentence_indices"":[1,3,4],""original_tokens"":83,""optimized_tokens"":42}]",ratio,0.5
qt035,EXACT_IDENTIFIER,ratio-0.50,How does Repeatable Read use a snapshot?,5,5,3,450,243,207,0.46,1,2,0.8230452674897119,0.3333254000172019,datasets\raw\postgres-mvcc.md|datasets\raw\postgres-mvcc.md|datasets\raw\postgres-replication.md|datasets\raw\kafka-overview.md|datasets\raw\postgres-replication.md,"[{""source_id"":""datasets\\raw\\postgres-mvcc.md#1"",""selected_sentence_indices"":[1,2,3],""original_tokens"":94,""optimized_tokens"":58},{""source_id"":""datasets\\raw\\postgres-mvcc.md#0"",""selected_sentence_indices"":[2,3,4],""original_tokens"":91,""optimized_tokens"":46},{""source_id"":""datasets\\raw\\postgres-replication.md#0"",""selected_sentence_indices"":[1,3,4],""original_tokens"":83,""optimized_tokens"":42},{""source_id"":""datasets\\raw\\kafka-overview.md#2"",""selected_sentence_indices"":[1,2,3],""original_tokens"":90,""optimized_tokens"":48},{""source_id"":""datasets\\raw\\postgres-replication.md#3"",""selected_sentence_indices"":[1,3,4],""original_tokens"":92,""optimized_tokens"":49}]",ratio,0.5
qt036,EXACT_IDENTIFIER,ratio-0.50,What does node affinity do for a Pod?,5,5,2,411,237,174,0.4233576642335766,1,4,1.6877637130801686,0.36215950013138354,datasets\raw\kubernetes-scheduling.md|datasets\raw\kubernetes-scheduling.md|datasets\raw\kubernetes-scheduling.md|datasets\raw\kubernetes-scheduling.md|datasets\raw\kafka-overview.md,"[{""source_id"":""datasets\\raw\\kubernetes-scheduling.md#2"",""selected_sentence_indices"":[2,3,4,6],""original_tokens"":96,""optimized_tokens"":60},{""source_id"":""datasets\\raw\\kubernetes-scheduling.md#0"",""selected_sentence_indices"":[0,1,2],""original_tokens"":91,""optimized_tokens"":49},{""source_id"":""datasets\\raw\\kubernetes-scheduling.md#3"",""selected_sentence_indices"":[1],""original_tokens"":37,""optimized_tokens"":26},{""source_id"":""datasets\\raw\\kubernetes-scheduling.md#1"",""selected_sentence_indices"":[1,3,4,5],""original_tokens"":94,""optimized_tokens"":42},{""source_id"":""datasets\\raw\\kafka-overview.md#1"",""selected_sentence_indices"":[1,2,3,6],""original_tokens"":93,""optimized_tokens"":60}]",ratio,0.5
qt037,EXACT_IDENTIFIER,ratio-0.50,What does kubelet do after Pod binding?,5,5,2,355,187,168,0.4732394366197183,1,3,1.6042780748663101,0.30407939990982413,datasets\raw\kubernetes-scheduling.md|datasets\raw\kubernetes-scheduling.md|datasets\raw\kubernetes-scheduling.md|datasets\raw\kafka-overview.md|datasets\raw\kafka-overview.md,"[{""source_id"":""datasets\\raw\\kubernetes-scheduling.md#2"",""selected_sentence_indices"":[2,3,4,6],""original_tokens"":96,""optimized_tokens"":60},{""source_id"":""datasets\\raw\\kubernetes-scheduling.md#3"",""selected_sentence_indices"":[1],""original_tokens"":37,""optimized_tokens"":26},{""source_id"":""datasets\\raw\\kubernetes-scheduling.md#0"",""selected_sentence_indices"":[0,1,2],""original_tokens"":91,""optimized_tokens"":49},{""source_id"":""datasets\\raw\\kafka-overview.md#3"",""selected_sentence_indices"":[0],""original_tokens"":41,""optimized_tokens"":8},{""source_id"":""datasets\\raw\\kafka-overview.md#2"",""selected_sentence_indices"":[2,4,5],""original_tokens"":90,""optimized_tokens"":44}]",ratio,0.5
qt038,EXACT_IDENTIFIER,ratio-0.50,What is a Kafka topic partition?,5,5,2,345,168,177,0.5130434782608696,1,4,2.380952380952381,0.3067369000054896,datasets\raw\kafka-overview.md|datasets\raw\kafka-overview.md|datasets\raw\kafka-overview.md|datasets\raw\kafka-overview.md|datasets\raw\postgres-replication.md,"[{""source_id"":""datasets\\raw\\kafka-overview.md#0"",""selected_sentence_indices"":[2,4,5],""original_tokens"":87,""optimized_tokens"":34},{""source_id"":""datasets\\raw\\kafka-overview.md#1"",""selected_sentence_indices"":[1,2,3,6],""original_tokens"":93,""optimized_tokens"":60},{""source_id"":""datasets\\raw\\kafka-overview.md#2"",""selected_sentence_indices"":[0,2,4],""original_tokens"":90,""optimized_tokens"":58},{""source_id"":""datasets\\raw\\kafka-overview.md#3"",""selected_sentence_indices"":[0],""original_tokens"":41,""optimized_tokens"":8},{""source_id"":""datasets\\raw\\postgres-replication.md#4"",""selected_sentence_indices"":[0],""original_tokens"":34,""optimized_tokens"":8}]",ratio,0.5
qt039,EXACT_IDENTIFIER,ratio-0.50,What does a Kafka consumer group do?,5,5,2,404,222,182,0.4504950495049505,1,4,1.8018018018018016,0.3312794999219477,datasets\raw\kafka-overview.md|datasets\raw\kafka-overview.md|datasets\raw\kafka-overview.md|datasets\raw\kafka-overview.md|datasets\raw\postgres-mvcc.md,"[{""source_id"":""datasets\\raw\\kafka-overview.md#1"",""selected_sentence_indices"":[1,2,5,6],""original_tokens"":93,""optimized_tokens"":48},{""source_id"":""datasets\\raw\\kafka-overview.md#2"",""selected_sentence_indices"":[0,2,4],""original_tokens"":90,""optimized_tokens"":58},{""source_id"":""datasets\\raw\\kafka-overview.md#0"",""selected_sentence_indices"":[0,4,5],""original_tokens"":87,""optimized_tokens"":53},{""source_id"":""datasets\\raw\\kafka-overview.md#3"",""selected_sentence_indices"":[0],""original_tokens"":41,""optimized_tokens"":8},{""source_id"":""datasets\\raw\\postgres-mvcc.md#2"",""selected_sentence_indices"":[2,3,5],""original_tokens"":93,""optimized_tokens"":55}]",ratio,0.5
qt040,EXACT_IDENTIFIER,ratio-0.50,What is a replication slot?,5,5,2,386,240,146,0.37823834196891193,1,4,1.6666666666666667,0.31183510017581284,datasets\raw\postgres-replication.md|datasets\raw\postgres-replication.md|datasets\raw\postgres-replication.md|datasets\raw\postgres-replication.md|datasets\raw\kafka-overview.md,"[{""source_id"":""datasets\\raw\\postgres-replication.md#3"",""selected_sentence_indices"":[1,2,3],""original_tokens"":92,""optimized_tokens"":56},{""source_id"":""datasets\\raw\\postgres-replication.md#0"",""selected_sentence_indices"":[0,2,4],""original_tokens"":83,""optimized_tokens"":50},{""source_id"":""datasets\\raw\\postgres-replication.md#4"",""selected_sentence_indices"":[1],""original_tokens"":34,""optimized_tokens"":26},{""source_id"":""datasets\\raw\\postgres-replication.md#1"",""selected_sentence_indices"":[1,2,3],""original_tokens"":87,""optimized_tokens"":77},{""source_id"":""datasets\\raw\\kafka-overview.md#2"",""selected_sentence_indices"":[3,4,5],""original_tokens"":90,""optimized_tokens"":31}]",ratio,0.5
qt041,MULTI_PART,ratio-0.50,"How does streaming replication work, and what can happen if an asynchronous standby has not received the latest WAL?",5,5,2,379,267,112,0.2955145118733509,1,4,1.4981273408239701,0.28217660007067025,datasets\raw\postgres-replication.md|datasets\raw\postgres-replication.md|datasets\raw\postgres-replication.md|datasets\raw\postgres-mvcc.md|datasets\raw\postgres-replication.md,"[{""source_id"":""datasets\\raw\\postgres-replication.md#1"",""selected_sentence_indices"":[1,2,3],""original_tokens"":87,""optimized_tokens"":77},{""source_id"":""datasets\\raw\\postgres-replication.md#0"",""selected_sentence_indices"":[0,2,4],""original_tokens"":83,""optimized_tokens"":50},{""source_id"":""datasets\\raw\\postgres-replication.md#3"",""selected_sentence_indices"":[1,2,3],""original_tokens"":92,""optimized_tokens"":56},{""source_id"":""datasets\\raw\\postgres-mvcc.md#3"",""selected_sentence_indices"":[0],""original_tokens"":26,""optimized_tokens"":26},{""source_id"":""datasets\\raw\\postgres-replication.md#2"",""selected_sentence_indices"":[2,3,4],""original_tokens"":91,""optimized_tokens"":58}]",ratio,0.5
qt042,MULTI_PART,ratio-0.50,"How do snapshots provide MVCC visibility, and how does VACUUM reclaim obsolete versions?",5,5,2,396,195,201,0.5075757575757576,1,4,2.0512820512820515,0.2620941000059247,datasets\raw\postgres-mvcc.md|datasets\raw\postgres-mvcc.md|datasets\raw\postgres-mvcc.md|datasets\raw\postgres-mvcc.md|datasets\raw\postgres-replication.md,"[{""source_id"":""datasets\\raw\\postgres-mvcc.md#2"",""selected_sentence_indices"":[1,2,4],""original_tokens"":93,""optimized_tokens"":42},{""source_id"":""datasets\\raw\\postgres-mvcc.md#0"",""selected_sentence_indices"":[2,3,4],""original_tokens"":91,""optimized_tokens"":46},{""source_id"":""datasets\\raw\\postgres-mvcc.md#1"",""selected_sentence_indices"":[0,1,5],""original_tokens"":94,""optimized_tokens"":32},{""source_id"":""datasets\\raw\\postgres-mvcc.md#3"",""selected_sentence_indices"":[0],""original_tokens"":26,""optimized_tokens"":26},{""source_id"":""datasets\\raw\\postgres-replication.md#3"",""selected_sentence_indices"":[1,3,4],""original_tokens"":92,""optimized_tokens"":49}]",ratio,0.5
qt043,MULTI_PART,ratio-0.50,"How does Kubernetes filter and score nodes, and what happens after a Pod is bound?",5,5,2,411,250,161,0.39172749391727496,1,4,1.6,0.30869109998457134,datasets\raw\kubernetes-scheduling.md|datasets\raw\kubernetes-scheduling.md|datasets\raw\kubernetes-scheduling.md|datasets\raw\kubernetes-scheduling.md|datasets\raw\kafka-overview.md,"[{""source_id"":""datasets\\raw\\kubernetes-scheduling.md#0"",""selected_sentence_indices"":[0,1,2],""original_tokens"":91,""optimized_tokens"":49},{""source_id"":""datasets\\raw\\kubernetes-scheduling.md#2"",""selected_sentence_indices"":[2,3,4,6],""original_tokens"":96,""optimized_tokens"":60},{""source_id"":""datasets\\raw\\kubernetes-scheduling.md#3"",""selected_sentence_indices"":[1],""original_tokens"":37,""optimized_tokens"":26},{""source_id"":""datasets\\raw\\kubernetes-scheduling.md#1"",""selected_sentence_indices"":[1,2,3,4],""original_tokens"":94,""optimized_tokens"":55},{""source_id"":""datasets\\raw\\kafka-overview.md#1"",""selected_sentence_indices"":[1,2,3,6],""original_tokens"":93,""optimized_tokens"":60}]",ratio,0.5
qt044,MULTI_PART,ratio-0.50,"How do Kafka partitions enable parallelism, and how are they replicated across brokers?",5,5,2,345,205,140,0.4057971014492754,1,4,1.9512195121951221,0.30388380005024374,datasets\raw\kafka-overview.md|datasets\raw\kafka-overview.md|datasets\raw\kafka-overview.md|datasets\raw\kafka-overview.md|datasets\raw\postgres-replication.md,"[{""source_id"":""datasets\\raw\\kafka-overview.md#1"",""selected_sentence_indices"":[1,2,3,6],""original_tokens"":93,""optimized_tokens"":60},{""source_id"":""datasets\\raw\\kafka-overview.md#2"",""selected_sentence_indices"":[0,2,4],""original_tokens"":90,""optimized_tokens"":58},{""source_id"":""datasets\\raw\\kafka-overview.md#0"",""selected_sentence_indices"":[0,4,5],""original_tokens"":87,""optimized_tokens"":53},{""source_id"":""datasets\\raw\\kafka-overview.md#3"",""selected_sentence_indices"":[0],""original_tokens"":41,""optimized_tokens"":8},{""source_id"":""datasets\\raw\\postgres-replication.md#4"",""selected_sentence_indices"":[1],""original_tokens"":34,""optimized_tokens"":26}]",ratio,0.5
qt045,MULTI_PART,ratio-0.50,"What improves with synchronous replication, and why can commit latency increase?",5,5,2,386,233,153,0.3963730569948187,1,4,1.7167381974248928,0.3008393000345677,datasets\raw\postgres-replication.md|datasets\raw\postgres-replication.md|datasets\raw\postgres-replication.md|datasets\raw\kafka-overview.md|datasets\raw\postgres-replication.md,"[{""source_id"":""datasets\\raw\\postgres-replication.md#1"",""selected_sentence_indices"":[1,2,3],""original_tokens"":87,""optimized_tokens"":77},{""source_id"":""datasets\\raw\\postgres-replication.md#3"",""selected_sentence_indices"":[1,3,4],""original_tokens"":92,""optimized_tokens"":49},{""source_id"":""datasets\\raw\\postgres-replication.md#0"",""selected_sentence_indices"":[0,2,4],""original_tokens"":83,""optimized_tokens"":50},{""source_id"":""datasets\\raw\\kafka-overview.md#2"",""selected_sentence_indices"":[3,4,5],""original_tokens"":90,""optimized_tokens"":31},{""source_id"":""datasets\\raw\\postgres-replication.md#4"",""selected_sentence_indices"":[1],""original_tokens"":34,""optimized_tokens"":26}]",ratio,0.5
qt046,MULTI_PART,ratio-0.50,"Why do readers usually avoid blocking writers, and when are row locks still used?",5,5,3,454,298,156,0.3436123348017621,1,2,0.6711409395973155,0.3254110000561923,datasets\raw\postgres-mvcc.md|datasets\raw\postgres-mvcc.md|datasets\raw\postgres-replication.md|datasets\raw\kafka-overview.md|datasets\raw\postgres-replication.md,"[{""source_id"":""datasets\\raw\\postgres-mvcc.md#1"",""selected_sentence_indices"":[2,3,4],""original_tokens"":94,""optimized_tokens"":62},{""source_id"":""datasets\\raw\\postgres-mvcc.md#0"",""selected_sentence_indices"":[0,1,4],""original_tokens"":91,""optimized_tokens"":59},{""source_id"":""datasets\\raw\\postgres-replication.md#3"",""selected_sentence_indices"":[1,2,4],""original_tokens"":92,""optimized_tokens"":52},{""source_id"":""datasets\\raw\\kafka-overview.md#2"",""selected_sentence_indices"":[1,2,3],""original_tokens"":90,""optimized_tokens"":48},{""source_id"":""datasets\\raw\\postgres-replication.md#1"",""selected_sentence_indices"":[1,2,3],""original_tokens"":87,""optimized_tokens"":77}]",ratio,0.5
qt047,MULTI_PART,ratio-0.50,"How do taints, tolerations, and node affinity jointly influence Pod placement?",5,5,2,408,252,156,0.38235294117647056,1,4,1.5873015873015872,0.30644269986078143,datasets\raw\kubernetes-scheduling.md|datasets\raw\kubernetes-scheduling.md|datasets\raw\kubernetes-scheduling.md|datasets\raw\kubernetes-scheduling.md|datasets\raw\kafka-overview.md,"[{""source_id"":""datasets\\raw\\kubernetes-scheduling.md#2"",""selected_sentence_indices"":[2,3,4,6],""original_tokens"":96,""optimized_tokens"":60},{""source_id"":""datasets\\raw\\kubernetes-scheduling.md#0"",""selected_sentence_indices"":[0,2,3],""original_tokens"":91,""optimized_tokens"":67},{""source_id"":""datasets\\raw\\kubernetes-scheduling.md#1"",""selected_sentence_indices"":[2,3,4,5],""original_tokens"":94,""optimized_tokens"":57},{""source_id"":""datasets\\raw\\kubernetes-scheduling.md#3"",""selected_sentence_indices"":[1],""original_tokens"":37,""optimized_tokens"":26},{""source_id"":""datasets\\raw\\kafka-overview.md#2"",""selected_sentence_indices"":[0,4,5],""original_tokens"":90,""optimized_tokens"":42}]",ratio,0.5
qt048,MULTI_PART,ratio-0.50,"How do consumer groups distribute partitions, and how can consumers replay old events?",5,5,2,403,221,182,0.45161290322580644,1,4,1.8099547511312217,0.3065895999316126,datasets\raw\kafka-overview.md|datasets\raw\kafka-overview.md|datasets\raw\kafka-overview.md|datasets\raw\kafka-overview.md|datasets\raw\postgres-replication.md,"[{""source_id"":""datasets\\raw\\kafka-overview.md#2"",""selected_sentence_indices"":[0,1,3],""original_tokens"":90,""optimized_tokens"":47},{""source_id"":""datasets\\raw\\kafka-overview.md#1"",""selected_sentence_indices"":[2,3,5,6],""original_tokens"":93,""optimized_tokens"":61},{""source_id"":""datasets\\raw\\kafka-overview.md#3"",""selected_sentence_indices"":[0],""original_tokens"":41,""optimized_tokens"":8},{""source_id"":""datasets\\raw\\kafka-overview.md#0"",""selected_sentence_indices"":[1,3,4],""original_tokens"":87,""optimized_tokens"":49},{""source_id"":""datasets\\raw\\postgres-replication.md#3"",""selected_sentence_indices"":[1,2,3],""original_tokens"":92,""optimized_tokens"":56}]",ratio,0.5
qt049,MULTI_PART,ratio-0.50,"How is a standby promoted, and why is external failover orchestration often used?",5,5,2,394,289,105,0.26649746192893403,1,4,1.3840830449826989,0.30254239984788,datasets\raw\postgres-replication.md|datasets\raw\postgres-replication.md|datasets\raw\postgres-replication.md|datasets\raw\postgres-replication.md|datasets\raw\kafka-overview.md,"[{""source_id"":""datasets\\raw\\postgres-replication.md#2"",""selected_sentence_indices"":[2,3,4],""original_tokens"":91,""optimized_tokens"":58},{""source_id"":""datasets\\raw\\postgres-replication.md#3"",""selected_sentence_indices"":[0,1,2],""original_tokens"":92,""optimized_tokens"":64},{""source_id"":""datasets\\raw\\postgres-replication.md#1"",""selected_sentence_indices"":[1,2,3],""original_tokens"":87,""optimized_tokens"":77},{""source_id"":""datasets\\raw\\postgres-replication.md#0"",""selected_sentence_indices"":[0,2,3],""original_tokens"":83,""optimized_tokens"":57},{""source_id"":""datasets\\raw\\kafka-overview.md#3"",""selected_sentence_indices"":[1],""original_tokens"":41,""optimized_tokens"":33}]",ratio,0.5
qt050,MULTI_PART,ratio-0.50,"How do resource requests affect scheduling, and how are they different from limits?",5,5,2,408,217,191,0.4681372549019608,1,4,1.8433179723502304,0.32067500008270144,datasets\raw\kubernetes-scheduling.md|datasets\raw\kubernetes-scheduling.md|datasets\raw\kubernetes-scheduling.md|datasets\raw\kubernetes-scheduling.md|datasets\raw\kafka-overview.md,"[{""source_id"":""datasets\\raw\\kubernetes-scheduling.md#1"",""selected_sentence_indices"":[1,4,5,6],""original_tokens"":94,""optimized_tokens"":47},{""source_id"":""datasets\\raw\\kubernetes-scheduling.md#2"",""selected_sentence_indices"":[0,1,4,5],""original_tokens"":96,""optimized_tokens"":55},{""source_id"":""datasets\\raw\\kubernetes-scheduling.md#0"",""selected_sentence_indices"":[0,1,2],""original_tokens"":91,""optimized_tokens"":49},{""source_id"":""datasets\\raw\\kubernetes-scheduling.md#3"",""selected_sentence_indices"":[0],""original_tokens"":37,""optimized_tokens"":11},{""source_id"":""datasets\\raw\\kafka-overview.md#2"",""selected_sentence_indices"":[0,2,5],""original_tokens"":90,""optimized_tokens"":55}]",ratio,0.5
qt001,DIRECT,ratio-0.25,How does PostgreSQL streaming replication work?,5,5,2,389,178,211,0.5424164524421594,1,4,2.247191011235955,0.2981037001591176,datasets\raw\postgres-replication.md|datasets\raw\postgres-replication.md|datasets\raw\postgres-replication.md|datasets\raw\postgres-replication.md|datasets\raw\postgres-mvcc.md,"[{""source_id"":""datasets\\raw\\postgres-replication.md#0"",""selected_sentence_indices"":[0,4],""original_tokens"":83,""optimized_tokens"":31},{""source_id"":""datasets\\raw\\postgres-replication.md#1"",""selected_sentence_indices"":[1,3],""original_tokens"":87,""optimized_tokens"":47},{""source_id"":""datasets\\raw\\postgres-replication.md#3"",""selected_sentence_indices"":[1,3],""original_tokens"":92,""optimized_tokens"":37},{""source_id"":""datasets\\raw\\postgres-replication.md#4"",""selected_sentence_indices"":[1],""original_tokens"":34,""optimized_tokens"":26},{""source_id"":""datasets\\raw\\postgres-mvcc.md#2"",""selected_sentence_indices"":[4,5],""original_tokens"":93,""optimized_tokens"":37}]",ratio,0.25
qt002,DIRECT,ratio-0.25,How does PostgreSQL MVCC determine row visibility?,5,5,2,396,138,258,0.6515151515151515,1,4,2.8985507246376816,0.27681549987755716,datasets\raw\postgres-mvcc.md|datasets\raw\postgres-mvcc.md|datasets\raw\postgres-mvcc.md|datasets\raw\postgres-mvcc.md|datasets\raw\postgres-replication.md,"[{""source_id"":""datasets\\raw\\postgres-mvcc.md#1"",""selected_sentence_indices"":[0,5],""original_tokens"":94,""optimized_tokens"":18},{""source_id"":""datasets\\raw\\postgres-mvcc.md#0"",""selected_sentence_indices"":[2,3],""original_tokens"":91,""optimized_tokens"":32},{""source_id"":""datasets\\raw\\postgres-mvcc.md#3"",""selected_sentence_indices"":[0],""original_tokens"":26,""optimized_tokens"":26},{""source_id"":""datasets\\raw\\postgres-mvcc.md#2"",""selected_sentence_indices"":[1,4],""original_tokens"":93,""optimized_tokens"":34},{""source_id"":""datasets\\raw\\postgres-replication.md#3"",""selected_sentence_indices"":[3,4],""original_tokens"":92,""optimized_tokens"":28}]",ratio,0.25
qt003,DIRECT,ratio-0.25,How does Kubernetes select a node for a Pod?,5,5,2,411,126,285,0.6934306569343066,1,4,3.1746031746031744,0.32132470002397895,datasets\raw\kubernetes-scheduling.md|datasets\raw\kubernetes-scheduling.md|datasets\raw\kubernetes-scheduling.md|datasets\raw\kubernetes-scheduling.md|datasets\raw\kafka-overview.md,"[{""source_id"":""datasets\\raw\\kubernetes-scheduling.md#0"",""selected_sentence_indices"":[0,1],""original_tokens"":91,""optimized_tokens"":37},{""source_id"":""datasets\\raw\\kubernetes-scheduling.md#2"",""selected_sentence_indices"":[3,6],""original_tokens"":96,""optimized_tokens"":18},{""source_id"":""datasets\\raw\\kubernetes-scheduling.md#3"",""selected_sentence_indices"":[1],""original_tokens"":37,""optimized_tokens"":26},{""source_id"":""datasets\\raw\\kubernetes-scheduling.md#1"",""selected_sentence_indices"":[1,3],""original_tokens"":94,""optimized_tokens"":18},{""source_id"":""datasets\\raw\\kafka-overview.md#1"",""selected_sentence_indices"":[1,3],""original_tokens"":93,""optimized_tokens"":27}]",ratio,0.25
qt004,DIRECT,ratio-0.25,What is Apache Kafka used for?,5,5,2,404,151,253,0.6262376237623762,1,4,2.6490066225165565,0.3077195999212563,datasets\raw\kafka-overview.md|datasets\raw\kafka-overview.md|datasets\raw\kafka-overview.md|datasets\raw\kafka-overview.md|datasets\raw\postgres-mvcc.md,"[{""source_id"":""datasets\\raw\\kafka-overview.md#0"",""selected_sentence_indices"":[0,5],""original_tokens"":87,""optimized_tokens"":32},{""source_id"":""datasets\\raw\\kafka-overview.md#1"",""selected_sentence_indices"":[1,6],""original_tokens"":93,""optimized_tokens"":28},{""source_id"":""datasets\\raw\\kafka-overview.md#3"",""selected_sentence_indices"":[0],""original_tokens"":41,""optimized_tokens"":8},{""source_id"":""datasets\\raw\\kafka-overview.md#2"",""selected_sentence_indices"":[2,4],""original_tokens"":90,""optimized_tokens"":36},{""source_id"":""datasets\\raw\\postgres-mvcc.md#2"",""selected_sentence_indices"":[3,5],""original_tokens"":93,""optimized_tokens"":47}]",ratio,0.25
qt005,DIRECT,ratio-0.25,What trade-off does synchronous PostgreSQL replication make?,5,5,2,322,167,155,0.4813664596273292,1,4,2.3952095808383236,0.2546460998710245,datasets\raw\postgres-replication.md|datasets\raw\postgres-replication.md|datasets\raw\postgres-replication.md|datasets\raw\postgres-replication.md|datasets\raw\postgres-mvcc.md,"[{""source_id"":""datasets\\raw\\postgres-replication.md#3"",""selected_sentence_indices"":[1,3],""original_tokens"":92,""optimized_tokens"":37},{""source_id"":""datasets\\raw\\postgres-replication.md#0"",""selected_sentence_indices"":[0,4],""original_tokens"":83,""optimized_tokens"":31},{""source_id"":""datasets\\raw\\postgres-replication.md#1"",""selected_sentence_indices"":[1,3],""original_tokens"":87,""optimized_tokens"":47},{""source_id"":""datasets\\raw\\postgres-replication.md#4"",""selected_sentence_indices"":[1],""original_tokens"":34,""optimized_tokens"":26},{""source_id"":""datasets\\raw\\postgres-mvcc.md#3"",""selected_sentence_indices"":[0],""original_tokens"":26,""optimized_tokens"":26}]",ratio,0.25
qt006,DIRECT,ratio-0.25,What does PostgreSQL VACUUM do?,5,5,2,385,171,214,0.5558441558441558,1,3,1.7543859649122808,0.2621434999164194,datasets\raw\postgres-mvcc.md|datasets\raw\postgres-mvcc.md|datasets\raw\postgres-replication.md|datasets\raw\postgres-replication.md|datasets\raw\postgres-mvcc.md,"[{""source_id"":""datasets\\raw\\postgres-mvcc.md#2"",""selected_sentence_indices"":[1,2],""original_tokens"":93,""optimized_tokens"":27},{""source_id"":""datasets\\raw\\postgres-mvcc.md#0"",""selected_sentence_indices"":[0,4],""original_tokens"":91,""optimized_tokens"":42},{""source_id"":""datasets\\raw\\postgres-replication.md#3"",""selected_sentence_indices"":[2,3],""original_tokens"":92,""optimized_tokens"":35},{""source_id"":""datasets\\raw\\postgres-replication.md#0"",""selected_sentence_indices"":[0,2],""original_tokens"":83,""optimized_tokens"":41},{""source_id"":""datasets\\raw\\postgres-mvcc.md#3"",""selected_sentence_indices"":[0],""original_tokens"":26,""optimized_tokens"":26}]",ratio,0.25
qt007,DIRECT,ratio-0.25,How do Kubernetes taints and tolerations affect scheduling?,5,5,2,408,145,263,0.6446078431372549,1,4,2.7586206896551726,0.30433810013346374,datasets\raw\kubernetes-scheduling.md|datasets\raw\kubernetes-scheduling.md|datasets\raw\kubernetes-scheduling.md|datasets\raw\kubernetes-scheduling.md|datasets\raw\kafka-overview.md,"[{""source_id"":""datasets\\raw\\kubernetes-scheduling.md#2"",""selected_sentence_indices"":[2,4],""original_tokens"":96,""optimized_tokens"":42},{""source_id"":""datasets\\raw\\kubernetes-scheduling.md#0"",""selected_sentence_indices"":[0,2],""original_tokens"":91,""optimized_tokens"":29},{""source_id"":""datasets\\raw\\kubernetes-scheduling.md#3"",""selected_sentence_indices"":[1],""original_tokens"":37,""optimized_tokens"":26},{""source_id"":""datasets\\raw\\kubernetes-scheduling.md#1"",""selected_sentence_indices"":[4,6],""original_tokens"":94,""optimized_tokens"":28},{""source_id"":""datasets\\raw\\kafka-overview.md#2"",""selected_sentence_indices"":[4,5],""original_tokens"":90,""optimized_tokens"":20}]",ratio,0.25
qt008,DIRECT,ratio-0.25,How do Kafka consumer groups divide work?,5,5,2,403,140,263,0.652605459057072,1,4,2.857142857142857,0.3035168000496924,datasets\raw\kafka-overview.md|datasets\raw\kafka-overview.md|datasets\raw\kafka-overview.md|datasets\raw\kafka-overview.md|datasets\raw\postgres-replication.md,"[{""source_id"":""datasets\\raw\\kafka-overview.md#1"",""selected_sentence_indices"":[5,6],""original_tokens"":93,""optimized_tokens"":30},{""source_id"":""datasets\\raw\\kafka-overview.md#2"",""selected_sentence_indices"":[0,4],""original_tokens"":90,""optimized_tokens"":34},{""source_id"":""datasets\\raw\\kafka-overview.md#0"",""selected_sentence_indices"":[4,5],""original_tokens"":87,""optimized_tokens"":28},{""source_id"":""datasets\\raw\\kafka-overview.md#3"",""selected_sentence_indices"":[0],""original_tokens"":41,""optimized_tokens"":8},{""source_id"":""datasets\\raw\\postgres-replication.md#3"",""selected_sentence_indices"":[1,2],""original_tokens"":92,""optimized_tokens"":40}]",ratio,0.25
qt009,DIRECT,ratio-0.25,Why can a PostgreSQL replication slot consume disk space?,5,5,2,389,192,197,0.506426735218509,1,4,2.0833333333333335,0.3018434999976307,datasets\raw\postgres-replication.md|datasets\raw\postgres-replication.md|datasets\raw\postgres-mvcc.md|datasets\raw\postgres-replication.md|datasets\raw\postgres-replication.md,"[{""source_id"":""datasets\\raw\\postgres-replication.md#3"",""selected_sentence_indices"":[1,3],""original_tokens"":92,""optimized_tokens"":37},{""source_id"":""datasets\\raw\\postgres-replication.md#4"",""selected_sentence_indices"":[1],""original_tokens"":34,""optimized_tokens"":26},{""source_id"":""datasets\\raw\\postgres-mvcc.md#2"",""selected_sentence_indices"":[1,5],""original_tokens"":93,""optimized_tokens"":41},{""source_id"":""datasets\\raw\\postgres-replication.md#0"",""selected_sentence_indices"":[0,2],""original_tokens"":83,""optimized_tokens"":41},{""source_id"":""datasets\\raw\\postgres-replication.md#1"",""selected_sentence_indices"":[1,3],""original_tokens"":87,""optimized_tokens"":47}]",ratio,0.25
qt010,DIRECT,ratio-0.25,How does logical replication differ from physical streaming replication?,5,5,2,386,152,234,0.6062176165803109,1,4,2.6315789473684212,0.29404670000076294,datasets\raw\postgres-replication.md|datasets\raw\postgres-replication.md|datasets\raw\postgres-replication.md|datasets\raw\postgres-replication.md|datasets\raw\kafka-overview.md,"[{""source_id"":""datasets\\raw\\postgres-replication.md#4"",""selected_sentence_indices"":[1],""original_tokens"":34,""optimized_tokens"":26},{""source_id"":""datasets\\raw\\postgres-replication.md#3"",""selected_sentence_indices"":[3,4],""original_tokens"":92,""optimized_tokens"":28},{""source_id"":""datasets\\raw\\postgres-replication.md#1"",""selected_sentence_indices"":[1,3],""original_tokens"":87,""optimized_tokens"":47},{""source_id"":""datasets\\raw\\postgres-replication.md#0"",""selected_sentence_indices"":[0,4],""original_tokens"":83,""optimized_tokens"":31},{""source_id"":""datasets\\raw\\kafka-overview.md#2"",""selected_sentence_indices"":[4,5],""original_tokens"":90,""optimized_tokens"":20}]",ratio,0.25
qt011,PARAPHRASE,ratio-0.25,How can database readers see stable data without making writers wait?,5,5,2,447,185,262,0.5861297539149888,1,2,1.081081081081081,0.3035617000423372,datasets\raw\postgres-mvcc.md|datasets\raw\postgres-mvcc.md|datasets\raw\postgres-replication.md|datasets\raw\postgres-replication.md|datasets\raw\postgres-replication.md,"[{""source_id"":""datasets\\raw\\postgres-mvcc.md#1"",""selected_sentence_indices"":[1,2],""original_tokens"":94,""optimized_tokens"":39},{""source_id"":""datasets\\raw\\postgres-mvcc.md#0"",""selected_sentence_indices"":[3,4],""original_tokens"":91,""optimized_tokens"":30},{""source_id"":""datasets\\raw\\postgres-replication.md#0"",""selected_sentence_indices"":[1,4],""original_tokens"":83,""optimized_tokens"":26},{""source_id"":""datasets\\raw\\postgres-replication.md#1"",""selected_sentence_indices"":[1,2],""original_tokens"":87,""optimized_tokens"":55},{""source_id"":""datasets\\raw\\postgres-replication.md#3"",""selected_sentence_indices"":[2,3],""original_tokens"":92,""optimized_tokens"":35}]",ratio,0.25
qt012,PARAPHRASE,ratio-0.25,How are change records shipped and applied to a backup database?,5,5,2,385,158,227,0.5896103896103896,1,2,1.2658227848101264,0.26326569984667003,datasets\raw\postgres-mvcc.md|datasets\raw\postgres-mvcc.md|datasets\raw\postgres-mvcc.md|datasets\raw\postgres-replication.md|datasets\raw\postgres-replication.md,"[{""source_id"":""datasets\\raw\\postgres-mvcc.md#0"",""selected_sentence_indices"":[2,4],""original_tokens"":91,""optimized_tokens"":30},{""source_id"":""datasets\\raw\\postgres-mvcc.md#3"",""selected_sentence_indices"":[0],""original_tokens"":26,""optimized_tokens"":26},{""source_id"":""datasets\\raw\\postgres-mvcc.md#2"",""selected_sentence_indices"":[1,5],""original_tokens"":93,""optimized_tokens"":41},{""source_id"":""datasets\\raw\\postgres-replication.md#0"",""selected_sentence_indices"":[1,3],""original_tokens"":83,""optimized_tokens"":33},{""source_id"":""datasets\\raw\\postgres-replication.md#3"",""selected_sentence_indices"":[3,4],""original_tokens"":92,""optimized_tokens"":28}]",ratio,0.25
qt013,PARAPHRASE,ratio-0.25,What decides where a newly requested workload runs in a cluster?,5,5,2,410,148,262,0.6390243902439025,1,4,2.7027027027027026,0.40299360011704266,datasets\raw\kubernetes-scheduling.md|datasets\raw\kubernetes-scheduling.md|datasets\raw\kubernetes-scheduling.md|datasets\raw\postgres-replication.md|datasets\raw\kubernetes-scheduling.md,"[{""source_id"":""datasets\\raw\\kubernetes-scheduling.md#2"",""selected_sentence_indices"":[1,4],""original_tokens"":96,""optimized_tokens"":39},{""source_id"":""datasets\\raw\\kubernetes-scheduling.md#1"",""selected_sentence_indices"":[4,6],""original_tokens"":94,""optimized_tokens"":28},{""source_id"":""datasets\\raw\\kubernetes-scheduling.md#0"",""selected_sentence_indices"":[0,2],""original_tokens"":91,""optimized_tokens"":29},{""source_id"":""datasets\\raw\\postgres-replication.md#3"",""selected_sentence_indices"":[0,3],""original_tokens"":92,""optimized_tokens"":41},{""source_id"":""datasets\\raw\\kubernetes-scheduling.md#3"",""selected_sentence_indices"":[0],""original_tokens"":37,""optimized_tokens"":11}]",ratio,0.25
qt014,PARAPHRASE,ratio-0.25,How can separate applications independently reread the same ordered events?,5,5,2,403,143,260,0.6451612903225806,1,4,2.7972027972027975,0.31507809995673597,datasets\raw\kafka-overview.md|datasets\raw\kafka-overview.md|datasets\raw\kafka-overview.md|datasets\raw\postgres-replication.md|datasets\raw\kafka-overview.md,"[{""source_id"":""datasets\\raw\\kafka-overview.md#2"",""selected_sentence_indices"":[1,2],""original_tokens"":90,""optimized_tokens"":37},{""source_id"":""datasets\\raw\\kafka-overview.md#3"",""selected_sentence_indices"":[0],""original_tokens"":41,""optimized_tokens"":8},{""source_id"":""datasets\\raw\\kafka-overview.md#0"",""selected_sentence_indices"":[1,3],""original_tokens"":87,""optimized_tokens"":28},{""source_id"":""datasets\\raw\\postgres-replication.md#3"",""selected_sentence_indices"":[0,4],""original_tokens"":92,""optimized_tokens"":37},{""source_id"":""datasets\\raw\\kafka-overview.md#1"",""selected_sentence_indices"":[2,6],""original_tokens"":93,""optimized_tokens"":33}]",ratio,0.25
qt015,PARAPHRASE,ratio-0.25,Why might old copies of updated rows remain on disk?,5,5,2,404,128,276,0.6831683168316832,1,3,2.34375,0.3134244999382645,datasets\raw\postgres-mvcc.md|datasets\raw\postgres-mvcc.md|datasets\raw\postgres-mvcc.md|datasets\raw\postgres-replication.md|datasets\raw\postgres-replication.md,"[{""source_id"":""datasets\\raw\\postgres-mvcc.md#0"",""selected_sentence_indices"":[1,2],""original_tokens"":91,""optimized_tokens"":33},{""source_id"":""datasets\\raw\\postgres-mvcc.md#1"",""selected_sentence_indices"":[0,5],""original_tokens"":94,""optimized_tokens"":18},{""source_id"":""datasets\\raw\\postgres-mvcc.md#2"",""selected_sentence_indices"":[0,1],""original_tokens"":93,""optimized_tokens"":23},{""source_id"":""datasets\\raw\\postgres-replication.md#3"",""selected_sentence_indices"":[3,4],""original_tokens"":92,""optimized_tokens"":28},{""source_id"":""datasets\\raw\\postgres-replication.md#4"",""selected_sentence_indices"":[1],""original_tokens"":34,""optimized_tokens"":26}]",ratio,0.25
qt016,PARAPHRASE,ratio-0.25,How does the cluster avoid placing a workload on an unsuitable machine?,5,5,3,466,185,281,0.6030042918454935,1,3,1.6216216216216215,0.335123399971053,datasets\raw\kubernetes-scheduling.md|datasets\raw\kubernetes-scheduling.md|datasets\raw\kubernetes-scheduling.md|datasets\raw\postgres-replication.md|datasets\raw\kafka-overview.md,"[{""source_id"":""datasets\\raw\\kubernetes-scheduling.md#2"",""selected_sentence_indices"":[1,4],""original_tokens"":96,""optimized_tokens"":39},{""source_id"":""datasets\\raw\\kubernetes-scheduling.md#0"",""selected_sentence_indices"":[2,3],""original_tokens"":91,""optimized_tokens"":51},{""source_id"":""datasets\\raw\\kubernetes-scheduling.md#1"",""selected_sentence_indices"":[1,2],""original_tokens"":94,""optimized_tokens"":32},{""source_id"":""datasets\\raw\\postgres-replication.md#3"",""selected_sentence_indices"":[0,2],""original_tokens"":92,""optimized_tokens"":44},{""source_id"":""datasets\\raw\\kafka-overview.md#1"",""selected_sentence_indices"":[1,2],""original_tokens"":93,""optimized_tokens"":19}]",ratio,0.25
qt017,PARAPHRASE,ratio-0.25,How is an event log spread across servers for parallelism and resilience?,5,5,2,393,143,250,0.6361323155216285,1,3,2.097902097902098,0.3093016999773681,datasets\raw\kafka-overview.md|datasets\raw\kafka-overview.md|datasets\raw\kafka-overview.md|datasets\raw\postgres-replication.md|datasets\raw\postgres-replication.md,"[{""source_id"":""datasets\\raw\\kafka-overview.md#3"",""selected_sentence_indices"":[0],""original_tokens"":41,""optimized_tokens"":8},{""source_id"":""datasets\\raw\\kafka-overview.md#2"",""selected_sentence_indices"":[1,4],""original_tokens"":90,""optimized_tokens"":24},{""source_id"":""datasets\\raw\\kafka-overview.md#0"",""selected_sentence_indices"":[0,3],""original_tokens"":87,""optimized_tokens"":39},{""source_id"":""datasets\\raw\\postgres-replication.md#0"",""selected_sentence_indices"":[0,4],""original_tokens"":83,""optimized_tokens"":31},{""source_id"":""datasets\\raw\\postgres-replication.md#3"",""selected_sentence_indices"":[0,3],""original_tokens"":92,""optimized_tokens"":41}]",ratio,0.25
qt018,PARAPHRASE,ratio-0.25,What happens when the main database disappears and a copy must take writes?,5,5,2,450,194,256,0.5688888888888889,1,3,1.5463917525773196,0.3125408999621868,datasets\raw\postgres-replication.md|datasets\raw\postgres-replication.md|datasets\raw\postgres-mvcc.md|datasets\raw\postgres-mvcc.md|datasets\raw\postgres-replication.md,"[{""source_id"":""datasets\\raw\\postgres-replication.md#3"",""selected_sentence_indices"":[1,3],""original_tokens"":92,""optimized_tokens"":37},{""source_id"":""datasets\\raw\\postgres-replication.md#2"",""selected_sentence_indices"":[3,4],""original_tokens"":91,""optimized_tokens"":47},{""source_id"":""datasets\\raw\\postgres-mvcc.md#2"",""selected_sentence_indices"":[1,5],""original_tokens"":93,""optimized_tokens"":41},{""source_id"":""datasets\\raw\\postgres-mvcc.md#0"",""selected_sentence_indices"":[2,4],""original_tokens"":91,""optimized_tokens"":30},{""source_id"":""datasets\\raw\\postgres-replication.md#0"",""selected_sentence_indices"":[0,1],""original_tokens"":83,""optimized_tokens"":39}]",ratio,0.25
qt019,PARAPHRASE,ratio-0.25,Why do declared resources matter more than momentary usage for workload placement?,5,5,3,466,180,286,0.6137339055793991,1,3,1.6666666666666665,0.35090809990651906,datasets\raw\kubernetes-scheduling.md|datasets\raw\kubernetes-scheduling.md|datasets\raw\kubernetes-scheduling.md|datasets\raw\postgres-mvcc.md|datasets\raw\postgres-replication.md,"[{""source_id"":""datasets\\raw\\kubernetes-scheduling.md#1"",""selected_sentence_indices"":[2,6],""original_tokens"":94,""optimized_tokens"":38},{""source_id"":""datasets\\raw\\kubernetes-scheduling.md#2"",""selected_sentence_indices"":[1,4],""original_tokens"":96,""optimized_tokens"":39},{""source_id"":""datasets\\raw\\kubernetes-scheduling.md#0"",""selected_sentence_indices"":[0,2],""original_tokens"":91,""optimized_tokens"":29},{""source_id"":""datasets\\raw\\postgres-mvcc.md#2"",""selected_sentence_indices"":[2,5],""original_tokens"":93,""optimized_tokens"":30},{""source_id"":""datasets\\raw\\postgres-replication.md#3"",""selected_sentence_indices"":[0,2],""original_tokens"":92,""optimized_tokens"":44}]",ratio,0.25
qt020,PARAPHRASE,ratio-0.25,How can a stream reader go back and process earlier records again?,5,5,3,445,198,247,0.5550561797752809,1,1,0.5050505050505051,0.32224719994701445,datasets\raw\postgres-replication.md|datasets\raw\postgres-replication.md|datasets\raw\postgres-mvcc.md|datasets\raw\postgres-replication.md|datasets\raw\kafka-overview.md,"[{""source_id"":""datasets\\raw\\postgres-replication.md#1"",""selected_sentence_indices"":[1,2],""original_tokens"":87,""optimized_tokens"":55},{""source_id"":""datasets\\raw\\postgres-replication.md#0"",""selected_sentence_indices"":[3,4],""original_tokens"":83,""optimized_tokens"":25},{""source_id"":""datasets\\raw\\postgres-mvcc.md#2"",""selected_sentence_indices"":[1,5],""original_tokens"":93,""optimized_tokens"":41},{""source_id"":""datasets\\raw\\postgres-replication.md#3"",""selected_sentence_indices"":[0,3],""original_tokens"":92,""optimized_tokens"":41},{""source_id"":""datasets\\raw\\kafka-overview.md#2"",""selected_sentence_indices"":[2,3],""original_tokens"":90,""optimized_tokens"":36}]",ratio,0.25
qt021,VAGUE,ratio-0.25,Why are old versions not getting cleaned up?,5,5,2,404,138,266,0.6584158415841584,1,3,2.173913043478261,0.2960413999389857,datasets\raw\postgres-mvcc.md|datasets\raw\postgres-mvcc.md|datasets\raw\postgres-mvcc.md|datasets\raw\postgres-replication.md|datasets\raw\postgres-replication.md,"[{""source_id"":""datasets\\raw\\postgres-mvcc.md#2"",""selected_sentence_indices"":[1,2],""original_tokens"":93,""optimized_tokens"":27},{""source_id"":""datasets\\raw\\postgres-mvcc.md#1"",""selected_sentence_indices"":[0,5],""original_tokens"":94,""optimized_tokens"":18},{""source_id"":""datasets\\raw\\postgres-mvcc.md#0"",""selected_sentence_indices"":[2,3],""original_tokens"":91,""optimized_tokens"":32},{""source_id"":""datasets\\raw\\postgres-replication.md#4"",""selected_sentence_indices"":[1],""original_tokens"":34,""optimized_tokens"":26},{""source_id"":""datasets\\raw\\postgres-replication.md#3"",""selected_sentence_indices"":[2,3],""original_tokens"":92,""optimized_tokens"":35}]",ratio,0.25
qt022,VAGUE,ratio-0.25,Why is the replica falling behind?,5,5,2,386,137,249,0.6450777202072538,1,4,2.9197080291970803,0.2849902999587357,datasets\raw\postgres-replication.md|datasets\raw\postgres-replication.md|datasets\raw\postgres-replication.md|datasets\raw\postgres-replication.md|datasets\raw\kafka-overview.md,"[{""source_id"":""datasets\\raw\\postgres-replication.md#1"",""selected_sentence_indices"":[1,3],""original_tokens"":87,""optimized_tokens"":47},{""source_id"":""datasets\\raw\\postgres-replication.md#3"",""selected_sentence_indices"":[1,3],""original_tokens"":92,""optimized_tokens"":37},{""source_id"":""datasets\\raw\\postgres-replication.md#0"",""selected_sentence_indices"":[3,4],""original_tokens"":83,""optimized_tokens"":25},{""source_id"":""datasets\\raw\\postgres-replication.md#4"",""selected_sentence_indices"":[0],""original_tokens"":34,""optimized_tokens"":8},{""source_id"":""datasets\\raw\\kafka-overview.md#2"",""selected_sentence_indices"":[3,5],""original_tokens"":90,""optimized_tokens"":20}]",ratio,0.25
qt023,VAGUE,ratio-0.25,Why is my workload still pending?,5,5,2,405,158,247,0.6098765432098765,1,4,2.531645569620253,0.30848239990882576,datasets\raw\kubernetes-scheduling.md|datasets\raw\kubernetes-scheduling.md|datasets\raw\kubernetes-scheduling.md|datasets\raw\postgres-replication.md|datasets\raw\kubernetes-scheduling.md,"[{""source_id"":""datasets\\raw\\kubernetes-scheduling.md#0"",""selected_sentence_indices"":[1,2],""original_tokens"":91,""optimized_tokens"":32},{""source_id"":""datasets\\raw\\kubernetes-scheduling.md#1"",""selected_sentence_indices"":[4,6],""original_tokens"":94,""optimized_tokens"":28},{""source_id"":""datasets\\raw\\kubernetes-scheduling.md#2"",""selected_sentence_indices"":[1,5],""original_tokens"":96,""optimized_tokens"":32},{""source_id"":""datasets\\raw\\postgres-replication.md#1"",""selected_sentence_indices"":[1,2],""original_tokens"":87,""optimized_tokens"":55},{""source_id"":""datasets\\raw\\kubernetes-scheduling.md#3"",""selected_sentence_indices"":[0],""original_tokens"":37,""optimized_tokens"":11}]",ratio,0.25
qt024,VAGUE,ratio-0.25,How can I read the same messages again?,5,5,3,399,151,248,0.6215538847117794,1,2,1.3245033112582782,0.2891621000599116,datasets\raw\kafka-overview.md|datasets\raw\postgres-mvcc.md|datasets\raw\kafka-overview.md|datasets\raw\postgres-mvcc.md|datasets\raw\postgres-replication.md,"[{""source_id"":""datasets\\raw\\kafka-overview.md#2"",""selected_sentence_indices"":[1,2],""original_tokens"":90,""optimized_tokens"":37},{""source_id"":""datasets\\raw\\postgres-mvcc.md#1"",""selected_sentence_indices"":[1,2],""original_tokens"":94,""optimized_tokens"":39},{""source_id"":""datasets\\raw\\kafka-overview.md#3"",""selected_sentence_indices"":[0],""original_tokens"":41,""optimized_tokens"":8},{""source_id"":""datasets\\raw\\postgres-mvcc.md#0"",""selected_sentence_indices"":[0,4],""original_tokens"":91,""optimized_tokens"":42},{""source_id"":""datasets\\raw\\postgres-replication.md#0"",""selected_sentence_indices"":[3,4],""original_tokens"":83,""optimized_tokens"":25}]",ratio,0.25
qt025,VAGUE,ratio-0.25,Why is commit slower now?,5,5,2,389,181,208,0.5347043701799485,1,2,1.1049723756906078,0.2693002000451088,datasets\raw\postgres-mvcc.md|datasets\raw\postgres-mvcc.md|datasets\raw\postgres-replication.md|datasets\raw\postgres-mvcc.md|datasets\raw\postgres-replication.md,"[{""source_id"":""datasets\\raw\\postgres-mvcc.md#1"",""selected_sentence_indices"":[2,4],""original_tokens"":94,""optimized_tokens"":43},{""source_id"":""datasets\\raw\\postgres-mvcc.md#0"",""selected_sentence_indices"":[0,4],""original_tokens"":91,""optimized_tokens"":42},{""source_id"":""datasets\\raw\\postgres-replication.md#1"",""selected_sentence_indices"":[0,2],""original_tokens"":87,""optimized_tokens"":37},{""source_id"":""datasets\\raw\\postgres-mvcc.md#3"",""selected_sentence_indices"":[0],""original_tokens"":26,""optimized_tokens"":26},{""source_id"":""datasets\\raw\\postgres-replication.md#2"",""selected_sentence_indices"":[0,1],""original_tokens"":91,""optimized_tokens"":33}]",ratio,0.25
qt026,VAGUE,ratio-0.25,Why do reads keep changing between statements?,5,5,2,386,171,215,0.5569948186528497,1,3,1.7543859649122808,0.26279320009052753,datasets\raw\postgres-mvcc.md|datasets\raw\postgres-mvcc.md|datasets\raw\postgres-mvcc.md|datasets\raw\postgres-replication.md|datasets\raw\postgres-replication.md,"[{""source_id"":""datasets\\raw\\postgres-mvcc.md#1"",""selected_sentence_indices"":[1,2],""original_tokens"":94,""optimized_tokens"":39},{""source_id"":""datasets\\raw\\postgres-mvcc.md#0"",""selected_sentence_indices"":[0,4],""original_tokens"":91,""optimized_tokens"":42},{""source_id"":""datasets\\raw\\postgres-mvcc.md#3"",""selected_sentence_indices"":[0],""original_tokens"":26,""optimized_tokens"":26},{""source_id"":""datasets\\raw\\postgres-replication.md#3"",""selected_sentence_indices"":[2,4],""original_tokens"":92,""optimized_tokens"":31},{""source_id"":""datasets\\raw\\postgres-replication.md#0"",""selected_sentence_indices"":[1,3],""original_tokens"":83,""optimized_tokens"":33}]",ratio,0.25
qt027,VAGUE,ratio-0.25,Why won't this workload run on that machine?,5,5,2,405,158,247,0.6098765432098765,1,4,2.531645569620253,0.30660129990428686,datasets\raw\kubernetes-scheduling.md|datasets\raw\kubernetes-scheduling.md|datasets\raw\kubernetes-scheduling.md|datasets\raw\kubernetes-scheduling.md|datasets\raw\postgres-replication.md,"[{""source_id"":""datasets\\raw\\kubernetes-scheduling.md#0"",""selected_sentence_indices"":[2,3],""original_tokens"":91,""optimized_tokens"":51},{""source_id"":""datasets\\raw\\kubernetes-scheduling.md#3"",""selected_sentence_indices"":[0],""original_tokens"":37,""optimized_tokens"":11},{""source_id"":""datasets\\raw\\kubernetes-scheduling.md#1"",""selected_sentence_indices"":[4,5],""original_tokens"":94,""optimized_tokens"":24},{""source_id"":""datasets\\raw\\kubernetes-scheduling.md#2"",""selected_sentence_indices"":[0,5],""original_tokens"":96,""optimized_tokens"":17},{""source_id"":""datasets\\raw\\postgres-replication.md#1"",""selected_sentence_indices"":[1,2],""original_tokens"":87,""optimized_tokens"":55}]",ratio,0.25
qt028,VAGUE,ratio-0.25,Why isn't one reader handling every partition?,5,5,2,405,157,248,0.6123456790123457,1,4,2.5477707006369426,0.3207545999903232,datasets\raw\kafka-overview.md|datasets\raw\kafka-overview.md|datasets\raw\postgres-mvcc.md|datasets\raw\kafka-overview.md|datasets\raw\kafka-overview.md,"[{""source_id"":""datasets\\raw\\kafka-overview.md#2"",""selected_sentence_indices"":[0,1],""original_tokens"":90,""optimized_tokens"":36},{""source_id"":""datasets\\raw\\kafka-overview.md#1"",""selected_sentence_indices"":[3,6],""original_tokens"":93,""optimized_tokens"":41},{""source_id"":""datasets\\raw\\postgres-mvcc.md#1"",""selected_sentence_indices"":[2,3],""original_tokens"":94,""optimized_tokens"":44},{""source_id"":""datasets\\raw\\kafka-overview.md#3"",""selected_sentence_indices"":[0],""original_tokens"":41,""optimized_tokens"":8},{""source_id"":""datasets\\raw\\kafka-overview.md#0"",""selected_sentence_indices"":[2,4],""original_tokens"":87,""optimized_tokens"":28}]",ratio,0.25
qt029,VAGUE,ratio-0.25,Why is the log filling the disk?,5,5,3,399,137,262,0.656641604010025,1,2,1.4598540145985401,0.29626309988088906,datasets\raw\kafka-overview.md|datasets\raw\postgres-mvcc.md|datasets\raw\kafka-overview.md|datasets\raw\postgres-replication.md|datasets\raw\postgres-replication.md,"[{""source_id"":""datasets\\raw\\kafka-overview.md#3"",""selected_sentence_indices"":[0],""original_tokens"":41,""optimized_tokens"":8},{""source_id"":""datasets\\raw\\postgres-mvcc.md#2"",""selected_sentence_indices"":[1,2],""original_tokens"":93,""optimized_tokens"":27},{""source_id"":""datasets\\raw\\kafka-overview.md#2"",""selected_sentence_indices"":[0,4],""original_tokens"":90,""optimized_tokens"":34},{""source_id"":""datasets\\raw\\postgres-replication.md#0"",""selected_sentence_indices"":[1,3],""original_tokens"":83,""optimized_tokens"":33},{""source_id"":""datasets\\raw\\postgres-replication.md#3"",""selected_sentence_indices"":[2,3],""original_tokens"":92,""optimized_tokens"":35}]",ratio,0.25
qt030,VAGUE,ratio-0.25,Who actually starts the containers?,5,5,2,411,108,303,0.7372262773722628,1,4,3.7037037037037033,0.3174652000889182,datasets\raw\kubernetes-scheduling.md|datasets\raw\kubernetes-scheduling.md|datasets\raw\kubernetes-scheduling.md|datasets\raw\kubernetes-scheduling.md|datasets\raw\kafka-overview.md,"[{""source_id"":""datasets\\raw\\kubernetes-scheduling.md#3"",""selected_sentence_indices"":[0],""original_tokens"":37,""optimized_tokens"":11},{""source_id"":""datasets\\raw\\kubernetes-scheduling.md#2"",""selected_sentence_indices"":[0,5],""original_tokens"":96,""optimized_tokens"":17},{""source_id"":""datasets\\raw\\kubernetes-scheduling.md#0"",""selected_sentence_indices"":[0,2],""original_tokens"":91,""optimized_tokens"":29},{""source_id"":""datasets\\raw\\kubernetes-scheduling.md#1"",""selected_sentence_indices"":[4,5],""original_tokens"":94,""optimized_tokens"":24},{""source_id"":""datasets\\raw\\kafka-overview.md#1"",""selected_sentence_indices"":[1,3],""original_tokens"":93,""optimized_tokens"":27}]",ratio,0.25
qt031,EXACT_IDENTIFIER,ratio-0.25,What does WAL do in PostgreSQL streaming replication?,5,5,2,381,188,193,0.5065616797900262,1,3,1.595744680851064,0.2586867001373321,datasets\raw\postgres-replication.md|datasets\raw\postgres-replication.md|datasets\raw\postgres-replication.md|datasets\raw\postgres-mvcc.md|datasets\raw\postgres-mvcc.md,"[{""source_id"":""datasets\\raw\\postgres-replication.md#0"",""selected_sentence_indices"":[0,2],""original_tokens"":83,""optimized_tokens"":41},{""source_id"":""datasets\\raw\\postgres-replication.md#1"",""selected_sentence_indices"":[1,3],""original_tokens"":87,""optimized_tokens"":47},{""source_id"":""datasets\\raw\\postgres-replication.md#3"",""selected_sentence_indices"":[1,3],""original_tokens"":92,""optimized_tokens"":37},{""source_id"":""datasets\\raw\\postgres-mvcc.md#3"",""selected_sentence_indices"":[0],""original_tokens"":26,""optimized_tokens"":26},{""source_id"":""datasets\\raw\\postgres-mvcc.md#2"",""selected_sentence_indices"":[4,5],""original_tokens"":93,""optimized_tokens"":37}]",ratio,0.25
qt032,EXACT_IDENTIFIER,ratio-0.25,What does MVCC provide in PostgreSQL?,5,5,2,387,187,200,0.5167958656330749,1,4,2.13903743315508,0.2666033001150936,datasets\raw\postgres-mvcc.md|datasets\raw\postgres-mvcc.md|datasets\raw\postgres-mvcc.md|datasets\raw\postgres-mvcc.md|datasets\raw\postgres-replication.md,"[{""source_id"":""datasets\\raw\\postgres-mvcc.md#3"",""selected_sentence_indices"":[0],""original_tokens"":26,""optimized_tokens"":26},{""source_id"":""datasets\\raw\\postgres-mvcc.md#0"",""selected_sentence_indices"":[0,3],""original_tokens"":91,""optimized_tokens"":44},{""source_id"":""datasets\\raw\\postgres-mvcc.md#1"",""selected_sentence_indices"":[2,3],""original_tokens"":94,""optimized_tokens"":44},{""source_id"":""datasets\\raw\\postgres-mvcc.md#2"",""selected_sentence_indices"":[4,5],""original_tokens"":93,""optimized_tokens"":37},{""source_id"":""datasets\\raw\\postgres-replication.md#0"",""selected_sentence_indices"":[1,2],""original_tokens"":83,""optimized_tokens"":36}]",ratio,0.25
qt033,EXACT_IDENTIFIER,ratio-0.25,What does VACUUM do with obsolete row versions?,5,5,2,404,135,269,0.6658415841584159,1,3,2.222222222222222,0.2871117000468075,datasets\raw\postgres-mvcc.md|datasets\raw\postgres-mvcc.md|datasets\raw\postgres-mvcc.md|datasets\raw\postgres-replication.md|datasets\raw\postgres-replication.md,"[{""source_id"":""datasets\\raw\\postgres-mvcc.md#2"",""selected_sentence_indices"":[1,2],""original_tokens"":93,""optimized_tokens"":27},{""source_id"":""datasets\\raw\\postgres-mvcc.md#1"",""selected_sentence_indices"":[0,5],""original_tokens"":94,""optimized_tokens"":18},{""source_id"":""datasets\\raw\\postgres-mvcc.md#0"",""selected_sentence_indices"":[1,2],""original_tokens"":91,""optimized_tokens"":33},{""source_id"":""datasets\\raw\\postgres-replication.md#4"",""selected_sentence_indices"":[1],""original_tokens"":34,""optimized_tokens"":26},{""source_id"":""datasets\\raw\\postgres-replication.md#3"",""selected_sentence_indices"":[2,4],""original_tokens"":92,""optimized_tokens"":31}]",ratio,0.25
qt034,EXACT_IDENTIFIER,ratio-0.25,How does Read Committed choose snapshots?,5,5,3,445,185,260,0.5842696629213483,1,2,1.081081081081081,0.3060898999683559,datasets\raw\postgres-mvcc.md|datasets\raw\postgres-mvcc.md|datasets\raw\postgres-replication.md|datasets\raw\kafka-overview.md|datasets\raw\postgres-replication.md,"[{""source_id"":""datasets\\raw\\postgres-mvcc.md#0"",""selected_sentence_indices"":[3,4],""original_tokens"":91,""optimized_tokens"":30},{""source_id"":""datasets\\raw\\postgres-mvcc.md#1"",""selected_sentence_indices"":[1,2],""original_tokens"":94,""optimized_tokens"":39},{""source_id"":""datasets\\raw\\postgres-replication.md#1"",""selected_sentence_indices"":[1,3],""original_tokens"":87,""optimized_tokens"":47},{""source_id"":""datasets\\raw\\kafka-overview.md#2"",""selected_sentence_indices"":[2,3],""original_tokens"":90,""optimized_tokens"":36},{""source_id"":""datasets\\raw\\postgres-replication.md#0"",""selected_sentence_indices"":[1,3],""original_tokens"":83,""optimized_tokens"":33}]",ratio,0.25
qt035,EXACT_IDENTIFIER,ratio-0.25,How does Repeatable Read use a snapshot?,5,5,3,450,158,292,0.6488888888888888,1,2,1.2658227848101264,0.30348520004190505,datasets\raw\postgres-mvcc.md|datasets\raw\postgres-mvcc.md|datasets\raw\postgres-replication.md|datasets\raw\kafka-overview.md|datasets\raw\postgres-replication.md,"[{""source_id"":""datasets\\raw\\postgres-mvcc.md#1"",""selected_sentence_indices"":[1,2],""original_tokens"":94,""optimized_tokens"":39},{""source_id"":""datasets\\raw\\postgres-mvcc.md#0"",""selected_sentence_indices"":[3,4],""original_tokens"":91,""optimized_tokens"":30},{""source_id"":""datasets\\raw\\postgres-replication.md#0"",""selected_sentence_indices"":[3,4],""original_tokens"":83,""optimized_tokens"":25},{""source_id"":""datasets\\raw\\kafka-overview.md#2"",""selected_sentence_indices"":[2,3],""original_tokens"":90,""optimized_tokens"":36},{""source_id"":""datasets\\raw\\postgres-replication.md#3"",""selected_sentence_indices"":[3,4],""original_tokens"":92,""optimized_tokens"":28}]",ratio,0.25
qt036,EXACT_IDENTIFIER,ratio-0.25,What does node affinity do for a Pod?,5,5,2,411,134,277,0.6739659367396593,1,4,2.9850746268656714,0.34252559999004006,datasets\raw\kubernetes-scheduling.md|datasets\raw\kubernetes-scheduling.md|datasets\raw\kubernetes-scheduling.md|datasets\raw\kubernetes-scheduling.md|datasets\raw\kafka-overview.md,"[{""source_id"":""datasets\\raw\\kubernetes-scheduling.md#2"",""selected_sentence_indices"":[3,4],""original_tokens"":96,""optimized_tokens"":29},{""source_id"":""datasets\\raw\\kubernetes-scheduling.md#0"",""selected_sentence_indices"":[0,2],""original_tokens"":91,""optimized_tokens"":29},{""source_id"":""datasets\\raw\\kubernetes-scheduling.md#3"",""selected_sentence_indices"":[1],""original_tokens"":37,""optimized_tokens"":26},{""source_id"":""datasets\\raw\\kubernetes-scheduling.md#1"",""selected_sentence_indices"":[3,4],""original_tokens"":94,""optimized_tokens"":23},{""source_id"":""datasets\\raw\\kafka-overview.md#1"",""selected_sentence_indices"":[1,3],""original_tokens"":93,""optimized_tokens"":27}]",ratio,0.25
qt037,EXACT_IDENTIFIER,ratio-0.25,What does kubelet do after Pod binding?,5,5,2,355,134,221,0.6225352112676056,1,3,2.2388059701492535,0.2993165999650955,datasets\raw\kubernetes-scheduling.md|datasets\raw\kubernetes-scheduling.md|datasets\raw\kubernetes-scheduling.md|datasets\raw\kafka-overview.md|datasets\raw\kafka-overview.md,"[{""source_id"":""datasets\\raw\\kubernetes-scheduling.md#2"",""selected_sentence_indices"":[4,6],""original_tokens"":96,""optimized_tokens"":27},{""source_id"":""datasets\\raw\\kubernetes-scheduling.md#3"",""selected_sentence_indices"":[1],""original_tokens"":37,""optimized_tokens"":26},{""source_id"":""datasets\\raw\\kubernetes-scheduling.md#0"",""selected_sentence_indices"":[0,1],""original_tokens"":91,""optimized_tokens"":37},{""source_id"":""datasets\\raw\\kafka-overview.md#3"",""selected_sentence_indices"":[0],""original_tokens"":41,""optimized_tokens"":8},{""source_id"":""datasets\\raw\\kafka-overview.md#2"",""selected_sentence_indices"":[2,4],""original_tokens"":90,""optimized_tokens"":36}]",ratio,0.25
qt038,EXACT_IDENTIFIER,ratio-0.25,What is a Kafka topic partition?,5,5,2,345,106,239,0.6927536231884058,1,4,3.773584905660377,0.28296770015731454,datasets\raw\kafka-overview.md|datasets\raw\kafka-overview.md|datasets\raw\kafka-overview.md|datasets\raw\kafka-overview.md|datasets\raw\postgres-replication.md,"[{""source_id"":""datasets\\raw\\kafka-overview.md#0"",""selected_sentence_indices"":[2,4],""original_tokens"":87,""optimized_tokens"":28},{""source_id"":""datasets\\raw\\kafka-overview.md#1"",""selected_sentence_indices"":[1,6],""original_tokens"":93,""optimized_tokens"":28},{""source_id"":""datasets\\raw\\kafka-overview.md#2"",""selected_sentence_indices"":[0,4],""original_tokens"":90,""optimized_tokens"":34},{""source_id"":""datasets\\raw\\kafka-overview.md#3"",""selected_sentence_indices"":[0],""original_tokens"":41,""optimized_tokens"":8},{""source_id"":""datasets\\raw\\postgres-replication.md#4"",""selected_sentence_indices"":[0],""original_tokens"":34,""optimized_tokens"":8}]",ratio,0.25
qt039,EXACT_IDENTIFIER,ratio-0.25,What does a Kafka consumer group do?,5,5,2,404,147,257,0.6361386138613861,1,4,2.7210884353741496,0.30367979989387095,datasets\raw\kafka-overview.md|datasets\raw\kafka-overview.md|datasets\raw\kafka-overview.md|datasets\raw\kafka-overview.md|datasets\raw\postgres-mvcc.md,"[{""source_id"":""datasets\\raw\\kafka-overview.md#1"",""selected_sentence_indices"":[1,6],""original_tokens"":93,""optimized_tokens"":28},{""source_id"":""datasets\\raw\\kafka-overview.md#2"",""selected_sentence_indices"":[2,4],""original_tokens"":90,""optimized_tokens"":36},{""source_id"":""datasets\\raw\\kafka-overview.md#0"",""selected_sentence_indices"":[4,5],""original_tokens"":87,""optimized_tokens"":28},{""source_id"":""datasets\\raw\\kafka-overview.md#3"",""selected_sentence_indices"":[0],""original_tokens"":41,""optimized_tokens"":8},{""source_id"":""datasets\\raw\\postgres-mvcc.md#2"",""selected_sentence_indices"":[3,5],""original_tokens"":93,""optimized_tokens"":47}]",ratio,0.25
qt040,EXACT_IDENTIFIER,ratio-0.25,What is a replication slot?,5,5,2,386,164,222,0.5751295336787565,1,4,2.4390243902439024,0.29300109995529056,datasets\raw\postgres-replication.md|datasets\raw\postgres-replication.md|datasets\raw\postgres-replication.md|datasets\raw\postgres-replication.md|datasets\raw\kafka-overview.md,"[{""source_id"":""datasets\\raw\\postgres-replication.md#3"",""selected_sentence_indices"":[1,3],""original_tokens"":92,""optimized_tokens"":37},{""source_id"":""datasets\\raw\\postgres-replication.md#0"",""selected_sentence_indices"":[0,4],""original_tokens"":83,""optimized_tokens"":31},{""source_id"":""datasets\\raw\\postgres-replication.md#4"",""selected_sentence_indices"":[1],""original_tokens"":34,""optimized_tokens"":26},{""source_id"":""datasets\\raw\\postgres-replication.md#1"",""selected_sentence_indices"":[1,3],""original_tokens"":87,""optimized_tokens"":47},{""source_id"":""datasets\\raw\\kafka-overview.md#2"",""selected_sentence_indices"":[3,4],""original_tokens"":90,""optimized_tokens"":23}]",ratio,0.25
qt041,MULTI_PART,ratio-0.25,"How does streaming replication work, and what can happen if an asynchronous standby has not received the latest WAL?",5,5,2,379,188,191,0.503957783641161,1,4,2.127659574468085,0.27705540019087493,datasets\raw\postgres-replication.md|datasets\raw\postgres-replication.md|datasets\raw\postgres-replication.md|datasets\raw\postgres-mvcc.md|datasets\raw\postgres-replication.md,"[{""source_id"":""datasets\\raw\\postgres-replication.md#1"",""selected_sentence_indices"":[1,3],""original_tokens"":87,""optimized_tokens"":47},{""source_id"":""datasets\\raw\\postgres-replication.md#0"",""selected_sentence_indices"":[0,4],""original_tokens"":83,""optimized_tokens"":31},{""source_id"":""datasets\\raw\\postgres-replication.md#3"",""selected_sentence_indices"":[1,3],""original_tokens"":92,""optimized_tokens"":37},{""source_id"":""datasets\\raw\\postgres-mvcc.md#3"",""selected_sentence_indices"":[0],""original_tokens"":26,""optimized_tokens"":26},{""source_id"":""datasets\\raw\\postgres-replication.md#2"",""selected_sentence_indices"":[3,4],""original_tokens"":91,""optimized_tokens"":47}]",ratio,0.25
qt042,MULTI_PART,ratio-0.25,"How do snapshots provide MVCC visibility, and how does VACUUM reclaim obsolete versions?",5,5,2,396,147,249,0.6287878787878788,1,4,2.7210884353741496,0.2813353999517858,datasets\raw\postgres-mvcc.md|datasets\raw\postgres-mvcc.md|datasets\raw\postgres-mvcc.md|datasets\raw\postgres-mvcc.md|datasets\raw\postgres-replication.md,"[{""source_id"":""datasets\\raw\\postgres-mvcc.md#2"",""selected_sentence_indices"":[1,4],""original_tokens"":93,""optimized_tokens"":34},{""source_id"":""datasets\\raw\\postgres-mvcc.md#0"",""selected_sentence_indices"":[2,3],""original_tokens"":91,""optimized_tokens"":32},{""source_id"":""datasets\\raw\\postgres-mvcc.md#1"",""selected_sentence_indices"":[1,5],""original_tokens"":94,""optimized_tokens"":27},{""source_id"":""datasets\\raw\\postgres-mvcc.md#3"",""selected_sentence_indices"":[0],""original_tokens"":26,""optimized_tokens"":26},{""source_id"":""datasets\\raw\\postgres-replication.md#3"",""selected_sentence_indices"":[3,4],""original_tokens"":92,""optimized_tokens"":28}]",ratio,0.25
qt043,MULTI_PART,ratio-0.25,"How does Kubernetes filter and score nodes, and what happens after a Pod is bound?",5,5,2,411,127,284,0.6909975669099757,1,4,3.149606299212598,0.3163835001178086,datasets\raw\kubernetes-scheduling.md|datasets\raw\kubernetes-scheduling.md|datasets\raw\kubernetes-scheduling.md|datasets\raw\kubernetes-scheduling.md|datasets\raw\kafka-overview.md,"[{""source_id"":""datasets\\raw\\kubernetes-scheduling.md#0"",""selected_sentence_indices"":[0,1],""original_tokens"":91,""optimized_tokens"":37},{""source_id"":""datasets\\raw\\kubernetes-scheduling.md#2"",""selected_sentence_indices"":[3,6],""original_tokens"":96,""optimized_tokens"":18},{""source_id"":""datasets\\raw\\kubernetes-scheduling.md#3"",""selected_sentence_indices"":[1],""original_tokens"":37,""optimized_tokens"":26},{""source_id"":""datasets\\raw\\kubernetes-scheduling.md#1"",""selected_sentence_indices"":[1,3],""original_tokens"":94,""optimized_tokens"":18},{""source_id"":""datasets\\raw\\kafka-overview.md#1"",""selected_sentence_indices"":[1,6],""original_tokens"":93,""optimized_tokens"":28}]",ratio,0.25
qt044,MULTI_PART,ratio-0.25,"How do Kafka partitions enable parallelism, and how are they replicated across brokers?",5,5,2,345,115,230,0.6666666666666666,1,4,3.4782608695652177,0.3042655000463128,datasets\raw\kafka-overview.md|datasets\raw\kafka-overview.md|datasets\raw\kafka-overview.md|datasets\raw\kafka-overview.md|datasets\raw\postgres-replication.md,"[{""source_id"":""datasets\\raw\\kafka-overview.md#1"",""selected_sentence_indices"":[1,2],""original_tokens"":93,""optimized_tokens"":19},{""source_id"":""datasets\\raw\\kafka-overview.md#2"",""selected_sentence_indices"":[0,4],""original_tokens"":90,""optimized_tokens"":34},{""source_id"":""datasets\\raw\\kafka-overview.md#0"",""selected_sentence_indices"":[4,5],""original_tokens"":87,""optimized_tokens"":28},{""source_id"":""datasets\\raw\\kafka-overview.md#3"",""selected_sentence_indices"":[0],""original_tokens"":41,""optimized_tokens"":8},{""source_id"":""datasets\\raw\\postgres-replication.md#4"",""selected_sentence_indices"":[1],""original_tokens"":34,""optimized_tokens"":26}]",ratio,0.25
qt045,MULTI_PART,ratio-0.25,"What improves with synchronous replication, and why can commit latency increase?",5,5,2,386,152,234,0.6062176165803109,1,4,2.6315789473684212,0.335289099952206,datasets\raw\postgres-replication.md|datasets\raw\postgres-replication.md|datasets\raw\postgres-replication.md|datasets\raw\kafka-overview.md|datasets\raw\postgres-replication.md,"[{""source_id"":""datasets\\raw\\postgres-replication.md#1"",""selected_sentence_indices"":[1,3],""original_tokens"":87,""optimized_tokens"":47},{""source_id"":""datasets\\raw\\postgres-replication.md#3"",""selected_sentence_indices"":[3,4],""original_tokens"":92,""optimized_tokens"":28},{""source_id"":""datasets\\raw\\postgres-replication.md#0"",""selected_sentence_indices"":[0,4],""original_tokens"":83,""optimized_tokens"":31},{""source_id"":""datasets\\raw\\kafka-overview.md#2"",""selected_sentence_indices"":[4,5],""original_tokens"":90,""optimized_tokens"":20},{""source_id"":""datasets\\raw\\postgres-replication.md#4"",""selected_sentence_indices"":[1],""original_tokens"":34,""optimized_tokens"":26}]",ratio,0.25
qt046,MULTI_PART,ratio-0.25,"Why do readers usually avoid blocking writers, and when are row locks still used?",5,5,3,454,196,258,0.5682819383259912,1,2,1.0204081632653061,0.3928761000279337,datasets\raw\postgres-mvcc.md|datasets\raw\postgres-mvcc.md|datasets\raw\postgres-replication.md|datasets\raw\kafka-overview.md|datasets\raw\postgres-replication.md,"[{""source_id"":""datasets\\raw\\postgres-mvcc.md#1"",""selected_sentence_indices"":[3,4],""original_tokens"":94,""optimized_tokens"":37},{""source_id"":""datasets\\raw\\postgres-mvcc.md#0"",""selected_sentence_indices"":[1,4],""original_tokens"":91,""optimized_tokens"":31},{""source_id"":""datasets\\raw\\postgres-replication.md#3"",""selected_sentence_indices"":[1,2],""original_tokens"":92,""optimized_tokens"":40},{""source_id"":""datasets\\raw\\kafka-overview.md#2"",""selected_sentence_indices"":[2,3],""original_tokens"":90,""optimized_tokens"":36},{""source_id"":""datasets\\raw\\postgres-replication.md#1"",""selected_sentence_indices"":[2,3],""original_tokens"":87,""optimized_tokens"":52}]",ratio,0.25
qt047,MULTI_PART,ratio-0.25,"How do taints, tolerations, and node affinity jointly influence Pod placement?",5,5,2,408,162,246,0.6029411764705882,1,4,2.4691358024691357,0.3111423999071121,datasets\raw\kubernetes-scheduling.md|datasets\raw\kubernetes-scheduling.md|datasets\raw\kubernetes-scheduling.md|datasets\raw\kubernetes-scheduling.md|datasets\raw\kafka-overview.md,"[{""source_id"":""datasets\\raw\\kubernetes-scheduling.md#2"",""selected_sentence_indices"":[2,4],""original_tokens"":96,""optimized_tokens"":42},{""source_id"":""datasets\\raw\\kubernetes-scheduling.md#0"",""selected_sentence_indices"":[0,2],""original_tokens"":91,""optimized_tokens"":29},{""source_id"":""datasets\\raw\\kubernetes-scheduling.md#1"",""selected_sentence_indices"":[2,5],""original_tokens"":94,""optimized_tokens"":34},{""source_id"":""datasets\\raw\\kubernetes-scheduling.md#3"",""selected_sentence_indices"":[1],""original_tokens"":37,""optimized_tokens"":26},{""source_id"":""datasets\\raw\\kafka-overview.md#2"",""selected_sentence_indices"":[0,5],""original_tokens"":90,""optimized_tokens"":31}]",ratio,0.25
qt048,MULTI_PART,ratio-0.25,"How do consumer groups distribute partitions, and how can consumers replay old events?",5,5,2,403,148,255,0.6327543424317618,1,4,2.7027027027027026,0.32508790004067123,datasets\raw\kafka-overview.md|datasets\raw\kafka-overview.md|datasets\raw\kafka-overview.md|datasets\raw\kafka-overview.md|datasets\raw\postgres-replication.md,"[{""source_id"":""datasets\\raw\\kafka-overview.md#2"",""selected_sentence_indices"":[0,1],""original_tokens"":90,""optimized_tokens"":36},{""source_id"":""datasets\\raw\\kafka-overview.md#1"",""selected_sentence_indices"":[2,6],""original_tokens"":93,""optimized_tokens"":33},{""source_id"":""datasets\\raw\\kafka-overview.md#3"",""selected_sentence_indices"":[0],""original_tokens"":41,""optimized_tokens"":8},{""source_id"":""datasets\\raw\\kafka-overview.md#0"",""selected_sentence_indices"":[3,4],""original_tokens"":87,""optimized_tokens"":34},{""source_id"":""datasets\\raw\\postgres-replication.md#3"",""selected_sentence_indices"":[1,3],""original_tokens"":92,""optimized_tokens"":37}]",ratio,0.25
qt049,MULTI_PART,ratio-0.25,"How is a standby promoted, and why is external failover orchestration often used?",5,5,2,394,216,178,0.4517766497461929,1,4,1.8518518518518516,0.30411479994654655,datasets\raw\postgres-replication.md|datasets\raw\postgres-replication.md|datasets\raw\postgres-replication.md|datasets\raw\postgres-replication.md|datasets\raw\kafka-overview.md,"[{""source_id"":""datasets\\raw\\postgres-replication.md#2"",""selected_sentence_indices"":[2,4],""original_tokens"":91,""optimized_tokens"":42},{""source_id"":""datasets\\raw\\postgres-replication.md#3"",""selected_sentence_indices"":[0,1],""original_tokens"":92,""optimized_tokens"":45},{""source_id"":""datasets\\raw\\postgres-replication.md#1"",""selected_sentence_indices"":[1,2],""original_tokens"":87,""optimized_tokens"":55},{""source_id"":""datasets\\raw\\postgres-replication.md#0"",""selected_sentence_indices"":[0,2],""original_tokens"":83,""optimized_tokens"":41},{""source_id"":""datasets\\raw\\kafka-overview.md#3"",""selected_sentence_indices"":[1],""original_tokens"":41,""optimized_tokens"":33}]",ratio,0.25
qt050,MULTI_PART,ratio-0.25,"How do resource requests affect scheduling, and how are they different from limits?",5,5,2,408,154,254,0.6225490196078431,1,4,2.5974025974025974,0.3101936001330614,datasets\raw\kubernetes-scheduling.md|datasets\raw\kubernetes-scheduling.md|datasets\raw\kubernetes-scheduling.md|datasets\raw\kubernetes-scheduling.md|datasets\raw\kafka-overview.md,"[{""source_id"":""datasets\\raw\\kubernetes-scheduling.md#1"",""selected_sentence_indices"":[4,6],""original_tokens"":94,""optimized_tokens"":28},{""source_id"":""datasets\\raw\\kubernetes-scheduling.md#2"",""selected_sentence_indices"":[1,4],""original_tokens"":96,""optimized_tokens"":39},{""source_id"":""datasets\\raw\\kubernetes-scheduling.md#0"",""selected_sentence_indices"":[0,2],""original_tokens"":91,""optimized_tokens"":29},{""source_id"":""datasets\\raw\\kubernetes-scheduling.md#3"",""selected_sentence_indices"":[0],""original_tokens"":37,""optimized_tokens"":11},{""source_id"":""datasets\\raw\\kafka-overview.md#2"",""selected_sentence_indices"":[0,2],""original_tokens"":90,""optimized_tokens"":47}]",ratio,0.25
qt001,DIRECT,budget-250,How does PostgreSQL streaming replication work?,5,5,2,389,236,153,0.39331619537275064,1,4,1.6949152542372883,0.2988418999593705,datasets\raw\postgres-replication.md|datasets\raw\postgres-replication.md|datasets\raw\postgres-replication.md|datasets\raw\postgres-replication.md|datasets\raw\postgres-mvcc.md,"[{""source_id"":""datasets\\raw\\postgres-replication.md#0"",""selected_sentence_indices"":[0,2,4],""original_tokens"":83,""optimized_tokens"":50},{""source_id"":""datasets\\raw\\postgres-replication.md#1"",""selected_sentence_indices"":[1,2,3],""original_tokens"":87,""optimized_tokens"":77},{""source_id"":""datasets\\raw\\postgres-replication.md#3"",""selected_sentence_indices"":[1,3,4],""original_tokens"":92,""optimized_tokens"":49},{""source_id"":""datasets\\raw\\postgres-replication.md#4"",""selected_sentence_indices"":[1],""original_tokens"":34,""optimized_tokens"":26},{""source_id"":""datasets\\raw\\postgres-mvcc.md#2"",""selected_sentence_indices"":[1,4],""original_tokens"":93,""optimized_tokens"":34}]",budget,250
qt002,DIRECT,budget-250,How does PostgreSQL MVCC determine row visibility?,5,5,2,396,228,168,0.42424242424242425,1,4,1.7543859649122808,0.28948500007390976,datasets\raw\postgres-mvcc.md|datasets\raw\postgres-mvcc.md|datasets\raw\postgres-mvcc.md|datasets\raw\postgres-mvcc.md|datasets\raw\postgres-replication.md,"[{""source_id"":""datasets\\raw\\postgres-mvcc.md#1"",""selected_sentence_indices"":[0,3,5],""original_tokens"":94,""optimized_tokens"":37},{""source_id"":""datasets\\raw\\postgres-mvcc.md#0"",""selected_sentence_indices"":[0,2,3],""original_tokens"":91,""optimized_tokens"":60},{""source_id"":""datasets\\raw\\postgres-mvcc.md#3"",""selected_sentence_indices"":[0],""original_tokens"":26,""optimized_tokens"":26},{""source_id"":""datasets\\raw\\postgres-mvcc.md#2"",""selected_sentence_indices"":[1,4,5],""original_tokens"":93,""optimized_tokens"":56},{""source_id"":""datasets\\raw\\postgres-replication.md#3"",""selected_sentence_indices"":[1,3,4],""original_tokens"":92,""optimized_tokens"":49}]",budget,250
qt003,DIRECT,budget-250,How does Kubernetes select a node for a Pod?,5,5,2,411,237,174,0.4233576642335766,1,4,1.6877637130801686,0.32802979997359216,datasets\raw\kubernetes-scheduling.md|datasets\raw\kubernetes-scheduling.md|datasets\raw\kubernetes-scheduling.md|datasets\raw\kubernetes-scheduling.md|datasets\raw\kafka-overview.md,"[{""source_id"":""datasets\\raw\\kubernetes-scheduling.md#0"",""selected_sentence_indices"":[0,1,2],""original_tokens"":91,""optimized_tokens"":49},{""source_id"":""datasets\\raw\\kubernetes-scheduling.md#2"",""selected_sentence_indices"":[2,3,4,6],""original_tokens"":96,""optimized_tokens"":60},{""source_id"":""datasets\\raw\\kubernetes-scheduling.md#3"",""selected_sentence_indices"":[1],""original_tokens"":37,""optimized_tokens"":26},{""source_id"":""datasets\\raw\\kubernetes-scheduling.md#1"",""selected_sentence_indices"":[1,3,4,5],""original_tokens"":94,""optimized_tokens"":42},{""source_id"":""datasets\\raw\\kafka-overview.md#1"",""selected_sentence_indices"":[1,2,3,6],""original_tokens"":93,""optimized_tokens"":60}]",budget,250
qt004,DIRECT,budget-250,What is Apache Kafka used for?,5,5,2,404,211,193,0.4777227722772277,1,4,1.8957345971563981,0.31001179991289973,datasets\raw\kafka-overview.md|datasets\raw\kafka-overview.md|datasets\raw\kafka-overview.md|datasets\raw\kafka-overview.md|datasets\raw\postgres-mvcc.md,"[{""source_id"":""datasets\\raw\\kafka-overview.md#0"",""selected_sentence_indices"":[0,4,5],""original_tokens"":87,""optimized_tokens"":53},{""source_id"":""datasets\\raw\\kafka-overview.md#1"",""selected_sentence_indices"":[0,1,2,6],""original_tokens"":93,""optimized_tokens"":51},{""source_id"":""datasets\\raw\\kafka-overview.md#3"",""selected_sentence_indices"":[0],""original_tokens"":41,""optimized_tokens"":8},{""source_id"":""datasets\\raw\\kafka-overview.md#2"",""selected_sentence_indices"":[2,4,5],""original_tokens"":90,""optimized_tokens"":44},{""source_id"":""datasets\\raw\\postgres-mvcc.md#2"",""selected_sentence_indices"":[2,3,5],""original_tokens"":93,""optimized_tokens"":55}]",budget,250
qt005,DIRECT,budget-250,What trade-off does synchronous PostgreSQL replication make?,5,5,2,322,228,94,0.2919254658385093,1,4,1.7543859649122808,0.26885919994674623,datasets\raw\postgres-replication.md|datasets\raw\postgres-replication.md|datasets\raw\postgres-replication.md|datasets\raw\postgres-replication.md|datasets\raw\postgres-mvcc.md,"[{""source_id"":""datasets\\raw\\postgres-replication.md#3"",""selected_sentence_indices"":[1,3,4],""original_tokens"":92,""optimized_tokens"":49},{""source_id"":""datasets\\raw\\postgres-replication.md#0"",""selected_sentence_indices"":[0,2,4],""original_tokens"":83,""optimized_tokens"":50},{""source_id"":""datasets\\raw\\postgres-replication.md#1"",""selected_sentence_indices"":[1,2,3],""original_tokens"":87,""optimized_tokens"":77},{""source_id"":""datasets\\raw\\postgres-replication.md#4"",""selected_sentence_indices"":[1],""original_tokens"":34,""optimized_tokens"":26},{""source_id"":""datasets\\raw\\postgres-mvcc.md#3"",""selected_sentence_indices"":[0],""original_tokens"":26,""optimized_tokens"":26}]",budget,250
qt006,DIRECT,budget-250,What does PostgreSQL VACUUM do?,5,5,2,385,250,135,0.35064935064935066,1,3,1.2,0.26491219992749393,datasets\raw\postgres-mvcc.md|datasets\raw\postgres-mvcc.md|datasets\raw\postgres-replication.md|datasets\raw\postgres-replication.md|datasets\raw\postgres-mvcc.md,"[{""source_id"":""datasets\\raw\\postgres-mvcc.md#2"",""selected_sentence_indices"":[1,2,3],""original_tokens"":93,""optimized_tokens"":52},{""source_id"":""datasets\\raw\\postgres-mvcc.md#0"",""selected_sentence_indices"":[0,3,4],""original_tokens"":91,""optimized_tokens"":58},{""source_id"":""datasets\\raw\\postgres-replication.md#3"",""selected_sentence_indices"":[1,2,3],""original_tokens"":92,""optimized_tokens"":56},{""source_id"":""datasets\\raw\\postgres-replication.md#0"",""selected_sentence_indices"":[0,1,2],""original_tokens"":83,""optimized_tokens"":58},{""source_id"":""datasets\\raw\\postgres-mvcc.md#3"",""selected_sentence_indices"":[0],""original_tokens"":26,""optimized_tokens"":26}]",budget,250
qt007,DIRECT,budget-250,How do Kubernetes taints and tolerations affect scheduling?,5,5,2,408,236,172,0.4215686274509804,1,4,1.6949152542372883,0.3131248999852687,datasets\raw\kubernetes-scheduling.md|datasets\raw\kubernetes-scheduling.md|datasets\raw\kubernetes-scheduling.md|datasets\raw\kubernetes-scheduling.md|datasets\raw\kafka-overview.md,"[{""source_id"":""datasets\\raw\\kubernetes-scheduling.md#2"",""selected_sentence_indices"":[1,2,4,6],""original_tokens"":96,""optimized_tokens"":70},{""source_id"":""datasets\\raw\\kubernetes-scheduling.md#0"",""selected_sentence_indices"":[0,1,2],""original_tokens"":91,""optimized_tokens"":49},{""source_id"":""datasets\\raw\\kubernetes-scheduling.md#3"",""selected_sentence_indices"":[1],""original_tokens"":37,""optimized_tokens"":26},{""source_id"":""datasets\\raw\\kubernetes-scheduling.md#1"",""selected_sentence_indices"":[1,4,5,6],""original_tokens"":94,""optimized_tokens"":47},{""source_id"":""datasets\\raw\\kafka-overview.md#2"",""selected_sentence_indices"":[2,4,5],""original_tokens"":90,""optimized_tokens"":44}]",budget,250
qt008,DIRECT,budget-250,How do Kafka consumer groups divide work?,5,5,2,403,223,180,0.4466501240694789,1,4,1.7937219730941705,0.2968648001551628,datasets\raw\kafka-overview.md|datasets\raw\kafka-overview.md|datasets\raw\kafka-overview.md|datasets\raw\kafka-overview.md|datasets\raw\postgres-replication.md,"[{""source_id"":""datasets\\raw\\kafka-overview.md#1"",""selected_sentence_indices"":[1,2,5,6],""original_tokens"":93,""optimized_tokens"":48},{""source_id"":""datasets\\raw\\kafka-overview.md#2"",""selected_sentence_indices"":[0,2,4],""original_tokens"":90,""optimized_tokens"":58},{""source_id"":""datasets\\raw\\kafka-overview.md#0"",""selected_sentence_indices"":[0,4,5],""original_tokens"":87,""optimized_tokens"":53},{""source_id"":""datasets\\raw\\kafka-overview.md#3"",""selected_sentence_indices"":[0],""original_tokens"":41,""optimized_tokens"":8},{""source_id"":""datasets\\raw\\postgres-replication.md#3"",""selected_sentence_indices"":[1,2,3],""original_tokens"":92,""optimized_tokens"":56}]",budget,250
qt009,DIRECT,budget-250,Why can a PostgreSQL replication slot consume disk space?,5,5,2,389,236,153,0.39331619537275064,1,4,1.6949152542372883,0.3044312000274658,datasets\raw\postgres-replication.md|datasets\raw\postgres-replication.md|datasets\raw\postgres-mvcc.md|datasets\raw\postgres-replication.md|datasets\raw\postgres-replication.md,"[{""source_id"":""datasets\\raw\\postgres-replication.md#3"",""selected_sentence_indices"":[1,2,3],""original_tokens"":92,""optimized_tokens"":56},{""source_id"":""datasets\\raw\\postgres-replication.md#4"",""selected_sentence_indices"":[1],""original_tokens"":34,""optimized_tokens"":26},{""source_id"":""datasets\\raw\\postgres-mvcc.md#2"",""selected_sentence_indices"":[1,2,5],""original_tokens"":93,""optimized_tokens"":49},{""source_id"":""datasets\\raw\\postgres-replication.md#0"",""selected_sentence_indices"":[0,2,4],""original_tokens"":83,""optimized_tokens"":50},{""source_id"":""datasets\\raw\\postgres-replication.md#1"",""selected_sentence_indices"":[1,2],""original_tokens"":87,""optimized_tokens"":55}]",budget,250
qt010,DIRECT,budget-250,How does logical replication differ from physical streaming replication?,5,5,2,386,233,153,0.3963730569948187,1,4,1.7167381974248928,0.3021672999020666,datasets\raw\postgres-replication.md|datasets\raw\postgres-replication.md|datasets\raw\postgres-replication.md|datasets\raw\postgres-replication.md|datasets\raw\kafka-overview.md,"[{""source_id"":""datasets\\raw\\postgres-replication.md#4"",""selected_sentence_indices"":[1],""original_tokens"":34,""optimized_tokens"":26},{""source_id"":""datasets\\raw\\postgres-replication.md#3"",""selected_sentence_indices"":[1,3,4],""original_tokens"":92,""optimized_tokens"":49},{""source_id"":""datasets\\raw\\postgres-replication.md#1"",""selected_sentence_indices"":[1,2,3],""original_tokens"":87,""optimized_tokens"":77},{""source_id"":""datasets\\raw\\postgres-replication.md#0"",""selected_sentence_indices"":[0,2,4],""original_tokens"":83,""optimized_tokens"":50},{""source_id"":""datasets\\raw\\kafka-overview.md#2"",""selected_sentence_indices"":[3,4,5],""original_tokens"":90,""optimized_tokens"":31}]",budget,250
qt011,PARAPHRASE,budget-250,How can database readers see stable data without making writers wait?,5,5,2,447,250,197,0.4407158836689038,1,2,0.8,0.3249717999715358,datasets\raw\postgres-mvcc.md|datasets\raw\postgres-mvcc.md|datasets\raw\postgres-replication.md|datasets\raw\postgres-replication.md|datasets\raw\postgres-replication.md,"[{""source_id"":""datasets\\raw\\postgres-mvcc.md#1"",""selected_sentence_indices"":[1,2,3],""original_tokens"":94,""optimized_tokens"":58},{""source_id"":""datasets\\raw\\postgres-mvcc.md#0"",""selected_sentence_indices"":[0,3,4],""original_tokens"":91,""optimized_tokens"":58},{""source_id"":""datasets\\raw\\postgres-replication.md#0"",""selected_sentence_indices"":[1,2,4],""original_tokens"":83,""optimized_tokens"":45},{""source_id"":""datasets\\raw\\postgres-replication.md#1"",""selected_sentence_indices"":[1,2,3],""original_tokens"":87,""optimized_tokens"":77},{""source_id"":""datasets\\raw\\postgres-replication.md#3"",""selected_sentence_indices"":[4],""original_tokens"":92,""optimized_tokens"":12}]",budget,250
qt012,PARAPHRASE,budget-250,How are change records shipped and applied to a backup database?,5,5,2,385,244,141,0.36623376623376624,1,2,0.819672131147541,0.2735862999688834,datasets\raw\postgres-mvcc.md|datasets\raw\postgres-mvcc.md|datasets\raw\postgres-mvcc.md|datasets\raw\postgres-replication.md|datasets\raw\postgres-replication.md,"[{""source_id"":""datasets\\raw\\postgres-mvcc.md#0"",""selected_sentence_indices"":[1,2,4],""original_tokens"":91,""optimized_tokens"":47},{""source_id"":""datasets\\raw\\postgres-mvcc.md#3"",""selected_sentence_indices"":[0],""original_tokens"":26,""optimized_tokens"":26},{""source_id"":""datasets\\raw\\postgres-mvcc.md#2"",""selected_sentence_indices"":[1,3,5],""original_tokens"":93,""optimized_tokens"":66},{""source_id"":""datasets\\raw\\postgres-replication.md#0"",""selected_sentence_indices"":[1,2,3],""original_tokens"":83,""optimized_tokens"":52},{""source_id"":""datasets\\raw\\postgres-replication.md#3"",""selected_sentence_indices"":[0,3,4],""original_tokens"":92,""optimized_tokens"":53}]",budget,250
qt013,PARAPHRASE,budget-250,What decides where a newly requested workload runs in a cluster?,5,5,2,410,241,169,0.4121951219512195,1,4,1.6597510373443982,0.30622090003453195,datasets\raw\kubernetes-scheduling.md|datasets\raw\kubernetes-scheduling.md|datasets\raw\kubernetes-scheduling.md|datasets\raw\postgres-replication.md|datasets\raw\kubernetes-scheduling.md,"[{""source_id"":""datasets\\raw\\kubernetes-scheduling.md#2"",""selected_sentence_indices"":[1,3,4,5],""original_tokens"":96,""optimized_tokens"":61},{""source_id"":""datasets\\raw\\kubernetes-scheduling.md#1"",""selected_sentence_indices"":[1,2,4,6],""original_tokens"":94,""optimized_tokens"":60},{""source_id"":""datasets\\raw\\kubernetes-scheduling.md#0"",""selected_sentence_indices"":[0,1,2],""original_tokens"":91,""optimized_tokens"":49},{""source_id"":""datasets\\raw\\postgres-replication.md#3"",""selected_sentence_indices"":[0,2,3],""original_tokens"":92,""optimized_tokens"":60},{""source_id"":""datasets\\raw\\kubernetes-scheduling.md#3"",""selected_sentence_indices"":[0],""original_tokens"":37,""optimized_tokens"":11}]",budget,250
qt014,PARAPHRASE,budget-250,How can separate applications independently reread the same ordered events?,5,5,2,403,231,172,0.4267990074441687,1,4,1.7316017316017316,0.2979734998662025,datasets\raw\kafka-overview.md|datasets\raw\kafka-overview.md|datasets\raw\kafka-overview.md|datasets\raw\postgres-replication.md|datasets\raw\kafka-overview.md,"[{""source_id"":""datasets\\raw\\kafka-overview.md#2"",""selected_sentence_indices"":[1,2,4],""original_tokens"":90,""optimized_tokens"":48},{""source_id"":""datasets\\raw\\kafka-overview.md#3"",""selected_sentence_indices"":[0],""original_tokens"":41,""optimized_tokens"":8},{""source_id"":""datasets\\raw\\kafka-overview.md#0"",""selected_sentence_indices"":[0,1,3],""original_tokens"":87,""optimized_tokens"":53},{""source_id"":""datasets\\raw\\postgres-replication.md#3"",""selected_sentence_indices"":[0,1,4],""original_tokens"":92,""optimized_tokens"":57},{""source_id"":""datasets\\raw\\kafka-overview.md#1"",""selected_sentence_indices"":[0,2,3,6],""original_tokens"":93,""optimized_tokens"":65}]",budget,250
qt015,PARAPHRASE,budget-250,Why might old copies of updated rows remain on disk?,5,5,2,404,210,194,0.4801980198019802,1,3,1.4285714285714286,0.29617320001125336,datasets\raw\postgres-mvcc.md|datasets\raw\postgres-mvcc.md|datasets\raw\postgres-mvcc.md|datasets\raw\postgres-replication.md|datasets\raw\postgres-replication.md,"[{""source_id"":""datasets\\raw\\postgres-mvcc.md#0"",""selected_sentence_indices"":[1,2,3],""original_tokens"":91,""optimized_tokens"":49},{""source_id"":""datasets\\raw\\postgres-mvcc.md#1"",""selected_sentence_indices"":[0,2,5],""original_tokens"":94,""optimized_tokens"":43},{""source_id"":""datasets\\raw\\postgres-mvcc.md#2"",""selected_sentence_indices"":[0,1,5],""original_tokens"":93,""optimized_tokens"":45},{""source_id"":""datasets\\raw\\postgres-replication.md#3"",""selected_sentence_indices"":[2,3,4],""original_tokens"":92,""optimized_tokens"":47},{""source_id"":""datasets\\raw\\postgres-replication.md#4"",""selected_sentence_indices"":[1],""original_tokens"":34,""optimized_tokens"":26}]",budget,250
qt016,PARAPHRASE,budget-250,How does the cluster avoid placing a workload on an unsuitable machine?,5,5,3,466,249,217,0.4656652360515021,1,3,1.2048192771084336,0.3236692000646144,datasets\raw\kubernetes-scheduling.md|datasets\raw\kubernetes-scheduling.md|datasets\raw\kubernetes-scheduling.md|datasets\raw\postgres-replication.md|datasets\raw\kafka-overview.md,"[{""source_id"":""datasets\\raw\\kubernetes-scheduling.md#2"",""selected_sentence_indices"":[1,2,4,5],""original_tokens"":96,""optimized_tokens"":74},{""source_id"":""datasets\\raw\\kubernetes-scheduling.md#0"",""selected_sentence_indices"":[0,2,3],""original_tokens"":91,""optimized_tokens"":67},{""source_id"":""datasets\\raw\\kubernetes-scheduling.md#1"",""selected_sentence_indices"":[1,2,5,6],""original_tokens"":94,""optimized_tokens"":56},{""source_id"":""datasets\\raw\\postgres-replication.md#3"",""selected_sentence_indices"":[0,1],""original_tokens"":92,""optimized_tokens"":45},{""source_id"":""datasets\\raw\\kafka-overview.md#1"",""selected_sentence_indices"":[1],""original_tokens"":93,""optimized_tokens"":7}]",budget,250
qt017,PARAPHRASE,budget-250,How is an event log spread across servers for parallelism and resilience?,5,5,2,393,209,184,0.4681933842239186,1,3,1.4354066985645935,0.31439299997873604,datasets\raw\kafka-overview.md|datasets\raw\kafka-overview.md|datasets\raw\kafka-overview.md|datasets\raw\postgres-replication.md|datasets\raw\postgres-replication.md,"[{""source_id"":""datasets\\raw\\kafka-overview.md#3"",""selected_sentence_indices"":[0],""original_tokens"":41,""optimized_tokens"":8},{""source_id"":""datasets\\raw\\kafka-overview.md#2"",""selected_sentence_indices"":[1,4,5],""original_tokens"":90,""optimized_tokens"":32},{""source_id"":""datasets\\raw\\kafka-overview.md#0"",""selected_sentence_indices"":[0,3,4],""original_tokens"":87,""optimized_tokens"":60},{""source_id"":""datasets\\raw\\postgres-replication.md#0"",""selected_sentence_indices"":[0,1,4],""original_tokens"":83,""optimized_tokens"":48},{""source_id"":""datasets\\raw\\postgres-replication.md#3"",""selected_sentence_indices"":[0,1,3],""original_tokens"":92,""optimized_tokens"":61}]",budget,250
qt018,PARAPHRASE,budget-250,What happens when the main database disappears and a copy must take writes?,5,5,2,450,250,200,0.4444444444444444,1,3,1.2,0.3283774999435991,datasets\raw\postgres-replication.md|datasets\raw\postgres-replication.md|datasets\raw\postgres-mvcc.md|datasets\raw\postgres-mvcc.md|datasets\raw\postgres-replication.md,"[{""source_id"":""datasets\\raw\\postgres-replication.md#3"",""selected_sentence_indices"":[1,2,3],""original_tokens"":92,""optimized_tokens"":56},{""source_id"":""datasets\\raw\\postgres-replication.md#2"",""selected_sentence_indices"":[2,3,4],""original_tokens"":91,""optimized_tokens"":58},{""source_id"":""datasets\\raw\\postgres-mvcc.md#2"",""selected_sentence_indices"":[1,4,5],""original_tokens"":93,""optimized_tokens"":56},{""source_id"":""datasets\\raw\\postgres-mvcc.md#0"",""selected_sentence_indices"":[0,2,4],""original_tokens"":91,""optimized_tokens"":58},{""source_id"":""datasets\\raw\\postgres-replication.md#0"",""selected_sentence_indices"":[0],""original_tokens"":83,""optimized_tokens"":22}]",budget,250
qt019,PARAPHRASE,budget-250,Why do declared resources matter more than momentary usage for workload placement?,5,4,2,466,239,227,0.4871244635193133,1,3,1.2552301255230125,0.3333048999775201,datasets\raw\kubernetes-scheduling.md|datasets\raw\kubernetes-scheduling.md|datasets\raw\kubernetes-scheduling.md|datasets\raw\postgres-mvcc.md,"[{""source_id"":""datasets\\raw\\kubernetes-scheduling.md#1"",""selected_sentence_indices"":[2,4,5,6],""original_tokens"":94,""optimized_tokens"":62},{""source_id"":""datasets\\raw\\kubernetes-scheduling.md#2"",""selected_sentence_indices"":[0,1,4,5],""original_tokens"":96,""optimized_tokens"":55},{""source_id"":""datasets\\raw\\kubernetes-scheduling.md#0"",""selected_sentence_indices"":[0,2,3],""original_tokens"":91,""optimized_tokens"":67},{""source_id"":""datasets\\raw\\postgres-mvcc.md#2"",""selected_sentence_indices"":[2,3,5],""original_tokens"":93,""optimized_tokens"":55}]",budget,250
qt020,PARAPHRASE,budget-250,How can a stream reader go back and process earlier records again?,5,4,2,445,246,199,0.44719101123595506,0,0,0.0,0.3197345999069512,datasets\raw\postgres-replication.md|datasets\raw\postgres-replication.md|datasets\raw\postgres-mvcc.md|datasets\raw\postgres-replication.md,"[{""source_id"":""datasets\\raw\\postgres-replication.md#1"",""selected_sentence_indices"":[1,2,3],""original_tokens"":87,""optimized_tokens"":77},{""source_id"":""datasets\\raw\\postgres-replication.md#0"",""selected_sentence_indices"":[1,3,4],""original_tokens"":83,""optimized_tokens"":42},{""source_id"":""datasets\\raw\\postgres-mvcc.md#2"",""selected_sentence_indices"":[1,3,5],""original_tokens"":93,""optimized_tokens"":66},{""source_id"":""datasets\\raw\\postgres-replication.md#3"",""selected_sentence_indices"":[0,1,3],""original_tokens"":92,""optimized_tokens"":61}]",budget,250
qt021,VAGUE,budget-250,Why are old versions not getting cleaned up?,5,5,2,404,185,219,0.5420792079207921,1,3,1.6216216216216215,0.2948149999137968,datasets\raw\postgres-mvcc.md|datasets\raw\postgres-mvcc.md|datasets\raw\postgres-mvcc.md|datasets\raw\postgres-replication.md|datasets\raw\postgres-replication.md,"[{""source_id"":""datasets\\raw\\postgres-mvcc.md#2"",""selected_sentence_indices"":[0,1,2],""original_tokens"":93,""optimized_tokens"":31},{""source_id"":""datasets\\raw\\postgres-mvcc.md#1"",""selected_sentence_indices"":[0,1,5],""original_tokens"":94,""optimized_tokens"":32},{""source_id"":""datasets\\raw\\postgres-mvcc.md#0"",""selected_sentence_indices"":[1,2,3],""original_tokens"":91,""optimized_tokens"":49},{""source_id"":""datasets\\raw\\postgres-replication.md#4"",""selected_sentence_indices"":[1],""original_tokens"":34,""optimized_tokens"":26},{""source_id"":""datasets\\raw\\postgres-replication.md#3"",""selected_sentence_indices"":[2,3,4],""original_tokens"":92,""optimized_tokens"":47}]",budget,250
qt022,VAGUE,budget-250,Why is the replica falling behind?,5,5,2,386,192,194,0.5025906735751295,1,4,2.0833333333333335,0.289121099980548,datasets\raw\postgres-replication.md|datasets\raw\postgres-replication.md|datasets\raw\postgres-replication.md|datasets\raw\postgres-replication.md|datasets\raw\kafka-overview.md,"[{""source_id"":""datasets\\raw\\postgres-replication.md#1"",""selected_sentence_indices"":[1,3,4],""original_tokens"":87,""optimized_tokens"":50},{""source_id"":""datasets\\raw\\postgres-replication.md#3"",""selected_sentence_indices"":[1,2,3],""original_tokens"":92,""optimized_tokens"":56},{""source_id"":""datasets\\raw\\postgres-replication.md#0"",""selected_sentence_indices"":[0,3,4],""original_tokens"":83,""optimized_tokens"":47},{""source_id"":""datasets\\raw\\postgres-replication.md#4"",""selected_sentence_indices"":[0],""original_tokens"":34,""optimized_tokens"":8},{""source_id"":""datasets\\raw\\kafka-overview.md#2"",""selected_sentence_indices"":[3,4,5],""original_tokens"":90,""optimized_tokens"":31}]",budget,250
qt023,VAGUE,budget-250,Why is my workload still pending?,5,5,2,405,237,168,0.4148148148148148,1,4,1.6877637130801686,0.29643629980273545,datasets\raw\kubernetes-scheduling.md|datasets\raw\kubernetes-scheduling.md|datasets\raw\kubernetes-scheduling.md|datasets\raw\postgres-replication.md|datasets\raw\kubernetes-scheduling.md,"[{""source_id"":""datasets\\raw\\kubernetes-scheduling.md#0"",""selected_sentence_indices"":[0,1,2],""original_tokens"":91,""optimized_tokens"":49},{""source_id"":""datasets\\raw\\kubernetes-scheduling.md#1"",""selected_sentence_indices"":[1,2,4,6],""original_tokens"":94,""optimized_tokens"":60},{""source_id"":""datasets\\raw\\kubernetes-scheduling.md#2"",""selected_sentence_indices"":[0,1,4,5],""original_tokens"":96,""optimized_tokens"":55},{""source_id"":""datasets\\raw\\postgres-replication.md#1"",""selected_sentence_indices"":[0,1,2],""original_tokens"":87,""optimized_tokens"":62},{""source_id"":""datasets\\raw\\kubernetes-scheduling.md#3"",""selected_sentence_indices"":[0],""original_tokens"":37,""optimized_tokens"":11}]",budget,250
qt024,VAGUE,budget-250,How can I read the same messages again?,5,5,3,399,214,185,0.46365914786967416,1,2,0.9345794392523364,0.2921854997985065,datasets\raw\kafka-overview.md|datasets\raw\postgres-mvcc.md|datasets\raw\kafka-overview.md|datasets\raw\postgres-mvcc.md|datasets\raw\postgres-replication.md,"[{""source_id"":""datasets\\raw\\kafka-overview.md#2"",""selected_sentence_indices"":[1,2,3],""original_tokens"":90,""optimized_tokens"":48},{""source_id"":""datasets\\raw\\postgres-mvcc.md#1"",""selected_sentence_indices"":[1,2,3],""original_tokens"":94,""optimized_tokens"":58},{""source_id"":""datasets\\raw\\kafka-overview.md#3"",""selected_sentence_indices"":[0],""original_tokens"":41,""optimized_tokens"":8},{""source_id"":""datasets\\raw\\postgres-mvcc.md#0"",""selected_sentence_indices"":[0,2,4],""original_tokens"":91,""optimized_tokens"":58},{""source_id"":""datasets\\raw\\postgres-replication.md#0"",""selected_sentence_indices"":[1,3,4],""original_tokens"":83,""optimized_tokens"":42}]",budget,250
qt025,VAGUE,budget-250,Why is commit slower now?,5,5,2,389,249,140,0.35989717223650386,1,2,0.8032128514056224,0.2670424000825733,datasets\raw\postgres-mvcc.md|datasets\raw\postgres-mvcc.md|datasets\raw\postgres-replication.md|datasets\raw\postgres-mvcc.md|datasets\raw\postgres-replication.md,"[{""source_id"":""datasets\\raw\\postgres-mvcc.md#1"",""selected_sentence_indices"":[1,2,4],""original_tokens"":94,""optimized_tokens"":57},{""source_id"":""datasets\\raw\\postgres-mvcc.md#0"",""selected_sentence_indices"":[0,2,4],""original_tokens"":91,""optimized_tokens"":58},{""source_id"":""datasets\\raw\\postgres-replication.md#1"",""selected_sentence_indices"":[0,2,3],""original_tokens"":87,""optimized_tokens"":59},{""source_id"":""datasets\\raw\\postgres-mvcc.md#3"",""selected_sentence_indices"":[0],""original_tokens"":26,""optimized_tokens"":26},{""source_id"":""datasets\\raw\\postgres-replication.md#2"",""selected_sentence_indices"":[0,1,3],""original_tokens"":91,""optimized_tokens"":49}]",budget,250
qt026,VAGUE,budget-250,Why do reads keep changing between statements?,5,5,2,386,232,154,0.39896373056994816,1,3,1.293103448275862,0.2511099998373538,datasets\raw\postgres-mvcc.md|datasets\raw\postgres-mvcc.md|datasets\raw\postgres-mvcc.md|datasets\raw\postgres-replication.md|datasets\raw\postgres-replication.md,"[{""source_id"":""datasets\\raw\\postgres-mvcc.md#1"",""selected_sentence_indices"":[1,2,3],""original_tokens"":94,""optimized_tokens"":58},{""source_id"":""datasets\\raw\\postgres-mvcc.md#0"",""selected_sentence_indices"":[0,1,4],""original_tokens"":91,""optimized_tokens"":59},{""source_id"":""datasets\\raw\\postgres-mvcc.md#3"",""selected_sentence_indices"":[0],""original_tokens"":26,""optimized_tokens"":26},{""source_id"":""datasets\\raw\\postgres-replication.md#3"",""selected_sentence_indices"":[2,3,4],""original_tokens"":92,""optimized_tokens"":47},{""source_id"":""datasets\\raw\\postgres-replication.md#0"",""selected_sentence_indices"":[1,3,4],""original_tokens"":83,""optimized_tokens"":42}]",budget,250
qt027,VAGUE,budget-250,Why won't this workload run on that machine?,5,5,2,405,243,162,0.4,1,4,1.6460905349794237,0.30140559980645776,datasets\raw\kubernetes-scheduling.md|datasets\raw\kubernetes-scheduling.md|datasets\raw\kubernetes-scheduling.md|datasets\raw\kubernetes-scheduling.md|datasets\raw\postgres-replication.md,"[{""source_id"":""datasets\\raw\\kubernetes-scheduling.md#0"",""selected_sentence_indices"":[0,2,3],""original_tokens"":91,""optimized_tokens"":67},{""source_id"":""datasets\\raw\\kubernetes-scheduling.md#3"",""selected_sentence_indices"":[0],""original_tokens"":37,""optimized_tokens"":11},{""source_id"":""datasets\\raw\\kubernetes-scheduling.md#1"",""selected_sentence_indices"":[0,1,4,5],""original_tokens"":94,""optimized_tokens"":48},{""source_id"":""datasets\\raw\\kubernetes-scheduling.md#2"",""selected_sentence_indices"":[0,1,4,5],""original_tokens"":96,""optimized_tokens"":55},{""source_id"":""datasets\\raw\\postgres-replication.md#1"",""selected_sentence_indices"":[0,1,2],""original_tokens"":87,""optimized_tokens"":62}]",budget,250
qt028,VAGUE,budget-250,Why isn't one reader handling every partition?,5,5,2,405,232,173,0.4271604938271605,1,4,1.7241379310344829,0.3412712998688221,datasets\raw\kafka-overview.md|datasets\raw\kafka-overview.md|datasets\raw\postgres-mvcc.md|datasets\raw\kafka-overview.md|datasets\raw\kafka-overview.md,"[{""source_id"":""datasets\\raw\\kafka-overview.md#2"",""selected_sentence_indices"":[0,1,2],""original_tokens"":90,""optimized_tokens"":60},{""source_id"":""datasets\\raw\\kafka-overview.md#1"",""selected_sentence_indices"":[0,2,3,6],""original_tokens"":93,""optimized_tokens"":65},{""source_id"":""datasets\\raw\\postgres-mvcc.md#1"",""selected_sentence_indices"":[1,2,3],""original_tokens"":94,""optimized_tokens"":58},{""source_id"":""datasets\\raw\\kafka-overview.md#3"",""selected_sentence_indices"":[0],""original_tokens"":41,""optimized_tokens"":8},{""source_id"":""datasets\\raw\\kafka-overview.md#0"",""selected_sentence_indices"":[2,3,4],""original_tokens"":87,""optimized_tokens"":41}]",budget,250
qt029,VAGUE,budget-250,Why is the log filling the disk?,5,5,3,399,179,220,0.5513784461152882,1,2,1.1173184357541899,0.35967240016907454,datasets\raw\kafka-overview.md|datasets\raw\postgres-mvcc.md|datasets\raw\kafka-overview.md|datasets\raw\postgres-replication.md|datasets\raw\postgres-replication.md,"[{""source_id"":""datasets\\raw\\kafka-overview.md#3"",""selected_sentence_indices"":[0],""original_tokens"":41,""optimized_tokens"":8},{""source_id"":""datasets\\raw\\postgres-mvcc.md#2"",""selected_sentence_indices"":[0,1,2],""original_tokens"":93,""optimized_tokens"":31},{""source_id"":""datasets\\raw\\kafka-overview.md#2"",""selected_sentence_indices"":[0,4,5],""original_tokens"":90,""optimized_tokens"":42},{""source_id"":""datasets\\raw\\postgres-replication.md#0"",""selected_sentence_indices"":[1,3,4],""original_tokens"":83,""optimized_tokens"":42},{""source_id"":""datasets\\raw\\postgres-replication.md#3"",""selected_sentence_indices"":[1,2,3],""original_tokens"":92,""optimized_tokens"":56}]",budget,250
qt030,VAGUE,budget-250,Who actually starts the containers?,5,5,2,411,188,223,0.5425790754257908,1,4,2.127659574468085,0.32676029996946454,datasets\raw\kubernetes-scheduling.md|datasets\raw\kubernetes-scheduling.md|datasets\raw\kubernetes-scheduling.md|datasets\raw\kubernetes-scheduling.md|datasets\raw\kafka-overview.md,"[{""source_id"":""datasets\\raw\\kubernetes-scheduling.md#3"",""selected_sentence_indices"":[0],""original_tokens"":37,""optimized_tokens"":11},{""source_id"":""datasets\\raw\\kubernetes-scheduling.md#2"",""selected_sentence_indices"":[0,2,5,6],""original_tokens"":96,""optimized_tokens"":48},{""source_id"":""datasets\\raw\\kubernetes-scheduling.md#0"",""selected_sentence_indices"":[0,2,4],""original_tokens"":91,""optimized_tokens"":33},{""source_id"":""datasets\\raw\\kubernetes-scheduling.md#1"",""selected_sentence_indices"":[1,4,5,6],""original_tokens"":94,""optimized_tokens"":47},{""source_id"":""datasets\\raw\\kafka-overview.md#1"",""selected_sentence_indices"":[1,3,4,5],""original_tokens"":93,""optimized_tokens"":49}]",budget,250
qt031,EXACT_IDENTIFIER,budget-250,What does WAL do in PostgreSQL streaming replication?,5,5,2,381,243,138,0.36220472440944884,1,3,1.2345679012345678,0.29015820007771254,datasets\raw\postgres-replication.md|datasets\raw\postgres-replication.md|datasets\raw\postgres-replication.md|datasets\raw\postgres-mvcc.md|datasets\raw\postgres-mvcc.md,"[{""source_id"":""datasets\\raw\\postgres-replication.md#0"",""selected_sentence_indices"":[0,2,4],""original_tokens"":83,""optimized_tokens"":50},{""source_id"":""datasets\\raw\\postgres-replication.md#1"",""selected_sentence_indices"":[1,2,3],""original_tokens"":87,""optimized_tokens"":77},{""source_id"":""datasets\\raw\\postgres-replication.md#3"",""selected_sentence_indices"":[1,2,3],""original_tokens"":92,""optimized_tokens"":56},{""source_id"":""datasets\\raw\\postgres-mvcc.md#3"",""selected_sentence_indices"":[0],""original_tokens"":26,""optimized_tokens"":26},{""source_id"":""datasets\\raw\\postgres-mvcc.md#2"",""selected_sentence_indices"":[1,4],""original_tokens"":93,""optimized_tokens"":34}]",budget,250
qt032,EXACT_IDENTIFIER,budget-250,What does MVCC provide in PostgreSQL?,5,5,2,387,236,151,0.39018087855297157,1,4,1.6949152542372883,0.28642309992574155,datasets\raw\postgres-mvcc.md|datasets\raw\postgres-mvcc.md|datasets\raw\postgres-mvcc.md|datasets\raw\postgres-mvcc.md|datasets\raw\postgres-replication.md,"[{""source_id"":""datasets\\raw\\postgres-mvcc.md#3"",""selected_sentence_indices"":[0],""original_tokens"":26,""optimized_tokens"":26},{""source_id"":""datasets\\raw\\postgres-mvcc.md#0"",""selected_sentence_indices"":[0,3,4],""original_tokens"":91,""optimized_tokens"":58},{""source_id"":""datasets\\raw\\postgres-mvcc.md#1"",""selected_sentence_indices"":[2,3,5],""original_tokens"":94,""optimized_tokens"":57},{""source_id"":""datasets\\raw\\postgres-mvcc.md#2"",""selected_sentence_indices"":[1,4,5],""original_tokens"":93,""optimized_tokens"":56},{""source_id"":""datasets\\raw\\postgres-replication.md#0"",""selected_sentence_indices"":[0,1],""original_tokens"":83,""optimized_tokens"":39}]",budget,250
qt033,EXACT_IDENTIFIER,budget-250,What does VACUUM do with obsolete row versions?,5,5,2,404,189,215,0.5321782178217822,1,3,1.5873015873015874,0.3103629001416266,datasets\raw\postgres-mvcc.md|datasets\raw\postgres-mvcc.md|datasets\raw\postgres-mvcc.md|datasets\raw\postgres-replication.md|datasets\raw\postgres-replication.md,"[{""source_id"":""datasets\\raw\\postgres-mvcc.md#2"",""selected_sentence_indices"":[0,1,2],""original_tokens"":93,""optimized_tokens"":31},{""source_id"":""datasets\\raw\\postgres-mvcc.md#1"",""selected_sentence_indices"":[0,4,5],""original_tokens"":94,""optimized_tokens"":36},{""source_id"":""datasets\\raw\\postgres-mvcc.md#0"",""selected_sentence_indices"":[1,2,3],""original_tokens"":91,""optimized_tokens"":49},{""source_id"":""datasets\\raw\\postgres-replication.md#4"",""selected_sentence_indices"":[1],""original_tokens"":34,""optimized_tokens"":26},{""source_id"":""datasets\\raw\\postgres-replication.md#3"",""selected_sentence_indices"":[2,3,4],""original_tokens"":92,""optimized_tokens"":47}]",budget,250
qt034,EXACT_IDENTIFIER,budget-250,How does Read Committed choose snapshots?,5,5,3,445,245,200,0.449438202247191,1,2,0.8163265306122448,0.30498820007778704,datasets\raw\postgres-mvcc.md|datasets\raw\postgres-mvcc.md|datasets\raw\postgres-replication.md|datasets\raw\kafka-overview.md|datasets\raw\postgres-replication.md,"[{""source_id"":""datasets\\raw\\postgres-mvcc.md#0"",""selected_sentence_indices"":[2,3,4],""original_tokens"":91,""optimized_tokens"":46},{""source_id"":""datasets\\raw\\postgres-mvcc.md#1"",""selected_sentence_indices"":[1,2,3],""original_tokens"":94,""optimized_tokens"":58},{""source_id"":""datasets\\raw\\postgres-replication.md#1"",""selected_sentence_indices"":[1,2,3],""original_tokens"":87,""optimized_tokens"":77},{""source_id"":""datasets\\raw\\kafka-overview.md#2"",""selected_sentence_indices"":[2,3,4],""original_tokens"":90,""optimized_tokens"":47},{""source_id"":""datasets\\raw\\postgres-replication.md#0"",""selected_sentence_indices"":[1],""original_tokens"":83,""optimized_tokens"":17}]",budget,250
qt035,EXACT_IDENTIFIER,budget-250,How does Repeatable Read use a snapshot?,5,5,3,450,243,207,0.46,1,2,0.8230452674897119,0.3328068000264466,datasets\raw\postgres-mvcc.md|datasets\raw\postgres-mvcc.md|datasets\raw\postgres-replication.md|datasets\raw\kafka-overview.md|datasets\raw\postgres-replication.md,"[{""source_id"":""datasets\\raw\\postgres-mvcc.md#1"",""selected_sentence_indices"":[1,2,3],""original_tokens"":94,""optimized_tokens"":58},{""source_id"":""datasets\\raw\\postgres-mvcc.md#0"",""selected_sentence_indices"":[2,3,4],""original_tokens"":91,""optimized_tokens"":46},{""source_id"":""datasets\\raw\\postgres-replication.md#0"",""selected_sentence_indices"":[1,3,4],""original_tokens"":83,""optimized_tokens"":42},{""source_id"":""datasets\\raw\\kafka-overview.md#2"",""selected_sentence_indices"":[1,2,3],""original_tokens"":90,""optimized_tokens"":48},{""source_id"":""datasets\\raw\\postgres-replication.md#3"",""selected_sentence_indices"":[1,3,4],""original_tokens"":92,""optimized_tokens"":49}]",budget,250
qt036,EXACT_IDENTIFIER,budget-250,What does node affinity do for a Pod?,5,5,2,411,237,174,0.4233576642335766,1,4,1.6877637130801686,0.32953529991209507,datasets\raw\kubernetes-scheduling.md|datasets\raw\kubernetes-scheduling.md|datasets\raw\kubernetes-scheduling.md|datasets\raw\kubernetes-scheduling.md|datasets\raw\kafka-overview.md,"[{""source_id"":""datasets\\raw\\kubernetes-scheduling.md#2"",""selected_sentence_indices"":[2,3,4,6],""original_tokens"":96,""optimized_tokens"":60},{""source_id"":""datasets\\raw\\kubernetes-scheduling.md#0"",""selected_sentence_indices"":[0,1,2],""original_tokens"":91,""optimized_tokens"":49},{""source_id"":""datasets\\raw\\kubernetes-scheduling.md#3"",""selected_sentence_indices"":[1],""original_tokens"":37,""optimized_tokens"":26},{""source_id"":""datasets\\raw\\kubernetes-scheduling.md#1"",""selected_sentence_indices"":[1,3,4,5],""original_tokens"":94,""optimized_tokens"":42},{""source_id"":""datasets\\raw\\kafka-overview.md#1"",""selected_sentence_indices"":[1,2,3,6],""original_tokens"":93,""optimized_tokens"":60}]",budget,250
qt037,EXACT_IDENTIFIER,budget-250,What does kubelet do after Pod binding?,5,5,2,355,187,168,0.4732394366197183,1,3,1.6042780748663101,0.36709200008772314,datasets\raw\kubernetes-scheduling.md|datasets\raw\kubernetes-scheduling.md|datasets\raw\kubernetes-scheduling.md|datasets\raw\kafka-overview.md|datasets\raw\kafka-overview.md,"[{""source_id"":""datasets\\raw\\kubernetes-scheduling.md#2"",""selected_sentence_indices"":[2,3,4,6],""original_tokens"":96,""optimized_tokens"":60},{""source_id"":""datasets\\raw\\kubernetes-scheduling.md#3"",""selected_sentence_indices"":[1],""original_tokens"":37,""optimized_tokens"":26},{""source_id"":""datasets\\raw\\kubernetes-scheduling.md#0"",""selected_sentence_indices"":[0,1,2],""original_tokens"":91,""optimized_tokens"":49},{""source_id"":""datasets\\raw\\kafka-overview.md#3"",""selected_sentence_indices"":[0],""original_tokens"":41,""optimized_tokens"":8},{""source_id"":""datasets\\raw\\kafka-overview.md#2"",""selected_sentence_indices"":[2,4,5],""original_tokens"":90,""optimized_tokens"":44}]",budget,250
qt038,EXACT_IDENTIFIER,budget-250,What is a Kafka topic partition?,5,5,2,345,168,177,0.5130434782608696,1,4,2.380952380952381,0.28823469998314977,datasets\raw\kafka-overview.md|datasets\raw\kafka-overview.md|datasets\raw\kafka-overview.md|datasets\raw\kafka-overview.md|datasets\raw\postgres-replication.md,"[{""source_id"":""datasets\\raw\\kafka-overview.md#0"",""selected_sentence_indices"":[2,4,5],""original_tokens"":87,""optimized_tokens"":34},{""source_id"":""datasets\\raw\\kafka-overview.md#1"",""selected_sentence_indices"":[1,2,3,6],""original_tokens"":93,""optimized_tokens"":60},{""source_id"":""datasets\\raw\\kafka-overview.md#2"",""selected_sentence_indices"":[0,2,4],""original_tokens"":90,""optimized_tokens"":58},{""source_id"":""datasets\\raw\\kafka-overview.md#3"",""selected_sentence_indices"":[0],""original_tokens"":41,""optimized_tokens"":8},{""source_id"":""datasets\\raw\\postgres-replication.md#4"",""selected_sentence_indices"":[0],""original_tokens"":34,""optimized_tokens"":8}]",budget,250
qt039,EXACT_IDENTIFIER,budget-250,What does a Kafka consumer group do?,5,5,2,404,222,182,0.4504950495049505,1,4,1.8018018018018016,0.2987158999312669,datasets\raw\kafka-overview.md|datasets\raw\kafka-overview.md|datasets\raw\kafka-overview.md|datasets\raw\kafka-overview.md|datasets\raw\postgres-mvcc.md,"[{""source_id"":""datasets\\raw\\kafka-overview.md#1"",""selected_sentence_indices"":[1,2,5,6],""original_tokens"":93,""optimized_tokens"":48},{""source_id"":""datasets\\raw\\kafka-overview.md#2"",""selected_sentence_indices"":[0,2,4],""original_tokens"":90,""optimized_tokens"":58},{""source_id"":""datasets\\raw\\kafka-overview.md#0"",""selected_sentence_indices"":[0,4,5],""original_tokens"":87,""optimized_tokens"":53},{""source_id"":""datasets\\raw\\kafka-overview.md#3"",""selected_sentence_indices"":[0],""original_tokens"":41,""optimized_tokens"":8},{""source_id"":""datasets\\raw\\postgres-mvcc.md#2"",""selected_sentence_indices"":[2,3,5],""original_tokens"":93,""optimized_tokens"":55}]",budget,250
qt040,EXACT_IDENTIFIER,budget-250,What is a replication slot?,5,5,2,386,240,146,0.37823834196891193,1,4,1.6666666666666667,0.2907974999397993,datasets\raw\postgres-replication.md|datasets\raw\postgres-replication.md|datasets\raw\postgres-replication.md|datasets\raw\postgres-replication.md|datasets\raw\kafka-overview.md,"[{""source_id"":""datasets\\raw\\postgres-replication.md#3"",""selected_sentence_indices"":[1,2,3],""original_tokens"":92,""optimized_tokens"":56},{""source_id"":""datasets\\raw\\postgres-replication.md#0"",""selected_sentence_indices"":[0,2,4],""original_tokens"":83,""optimized_tokens"":50},{""source_id"":""datasets\\raw\\postgres-replication.md#4"",""selected_sentence_indices"":[1],""original_tokens"":34,""optimized_tokens"":26},{""source_id"":""datasets\\raw\\postgres-replication.md#1"",""selected_sentence_indices"":[1,2,3],""original_tokens"":87,""optimized_tokens"":77},{""source_id"":""datasets\\raw\\kafka-overview.md#2"",""selected_sentence_indices"":[3,4,5],""original_tokens"":90,""optimized_tokens"":31}]",budget,250
qt041,MULTI_PART,budget-250,"How does streaming replication work, and what can happen if an asynchronous standby has not received the latest WAL?",5,5,2,379,236,143,0.37730870712401055,1,4,1.6949152542372883,0.28399040014483035,datasets\raw\postgres-replication.md|datasets\raw\postgres-replication.md|datasets\raw\postgres-replication.md|datasets\raw\postgres-mvcc.md|datasets\raw\postgres-replication.md,"[{""source_id"":""datasets\\raw\\postgres-replication.md#1"",""selected_sentence_indices"":[1,2,3],""original_tokens"":87,""optimized_tokens"":77},{""source_id"":""datasets\\raw\\postgres-replication.md#0"",""selected_sentence_indices"":[0,2,4],""original_tokens"":83,""optimized_tokens"":50},{""source_id"":""datasets\\raw\\postgres-replication.md#3"",""selected_sentence_indices"":[1,2,3],""original_tokens"":92,""optimized_tokens"":56},{""source_id"":""datasets\\raw\\postgres-mvcc.md#3"",""selected_sentence_indices"":[0],""original_tokens"":26,""optimized_tokens"":26},{""source_id"":""datasets\\raw\\postgres-replication.md#2"",""selected_sentence_indices"":[2,3],""original_tokens"":91,""optimized_tokens"":27}]",budget,250
qt042,MULTI_PART,budget-250,"How do snapshots provide MVCC visibility, and how does VACUUM reclaim obsolete versions?",5,5,2,396,195,201,0.5075757575757576,1,4,2.0512820512820515,0.2722042999230325,datasets\raw\postgres-mvcc.md|datasets\raw\postgres-mvcc.md|datasets\raw\postgres-mvcc.md|datasets\raw\postgres-mvcc.md|datasets\raw\postgres-replication.md,"[{""source_id"":""datasets\\raw\\postgres-mvcc.md#2"",""selected_sentence_indices"":[1,2,4],""original_tokens"":93,""optimized_tokens"":42},{""source_id"":""datasets\\raw\\postgres-mvcc.md#0"",""selected_sentence_indices"":[2,3,4],""original_tokens"":91,""optimized_tokens"":46},{""source_id"":""datasets\\raw\\postgres-mvcc.md#1"",""selected_sentence_indices"":[0,1,5],""original_tokens"":94,""optimized_tokens"":32},{""source_id"":""datasets\\raw\\postgres-mvcc.md#3"",""selected_sentence_indices"":[0],""original_tokens"":26,""optimized_tokens"":26},{""source_id"":""datasets\\raw\\postgres-replication.md#3"",""selected_sentence_indices"":[1,3,4],""original_tokens"":92,""optimized_tokens"":49}]",budget,250
qt043,MULTI_PART,budget-250,"How does Kubernetes filter and score nodes, and what happens after a Pod is bound?",5,5,2,411,250,161,0.39172749391727496,1,4,1.6,0.31780279986560345,datasets\raw\kubernetes-scheduling.md|datasets\raw\kubernetes-scheduling.md|datasets\raw\kubernetes-scheduling.md|datasets\raw\kubernetes-scheduling.md|datasets\raw\kafka-overview.md,"[{""source_id"":""datasets\\raw\\kubernetes-scheduling.md#0"",""selected_sentence_indices"":[0,1,2],""original_tokens"":91,""optimized_tokens"":49},{""source_id"":""datasets\\raw\\kubernetes-scheduling.md#2"",""selected_sentence_indices"":[2,3,4,6],""original_tokens"":96,""optimized_tokens"":60},{""source_id"":""datasets\\raw\\kubernetes-scheduling.md#3"",""selected_sentence_indices"":[1],""original_tokens"":37,""optimized_tokens"":26},{""source_id"":""datasets\\raw\\kubernetes-scheduling.md#1"",""selected_sentence_indices"":[1,2,3,4],""original_tokens"":94,""optimized_tokens"":55},{""source_id"":""datasets\\raw\\kafka-overview.md#1"",""selected_sentence_indices"":[1,2,3,6],""original_tokens"":93,""optimized_tokens"":60}]",budget,250
qt044,MULTI_PART,budget-250,"How do Kafka partitions enable parallelism, and how are they replicated across brokers?",5,5,2,345,205,140,0.4057971014492754,1,4,1.9512195121951221,0.3162469998933375,datasets\raw\kafka-overview.md|datasets\raw\kafka-overview.md|datasets\raw\kafka-overview.md|datasets\raw\kafka-overview.md|datasets\raw\postgres-replication.md,"[{""source_id"":""datasets\\raw\\kafka-overview.md#1"",""selected_sentence_indices"":[1,2,3,6],""original_tokens"":93,""optimized_tokens"":60},{""source_id"":""datasets\\raw\\kafka-overview.md#2"",""selected_sentence_indices"":[0,2,4],""original_tokens"":90,""optimized_tokens"":58},{""source_id"":""datasets\\raw\\kafka-overview.md#0"",""selected_sentence_indices"":[0,4,5],""original_tokens"":87,""optimized_tokens"":53},{""source_id"":""datasets\\raw\\kafka-overview.md#3"",""selected_sentence_indices"":[0],""original_tokens"":41,""optimized_tokens"":8},{""source_id"":""datasets\\raw\\postgres-replication.md#4"",""selected_sentence_indices"":[1],""original_tokens"":34,""optimized_tokens"":26}]",budget,250
qt045,MULTI_PART,budget-250,"What improves with synchronous replication, and why can commit latency increase?",5,5,2,386,233,153,0.3963730569948187,1,4,1.7167381974248928,0.318444199860096,datasets\raw\postgres-replication.md|datasets\raw\postgres-replication.md|datasets\raw\postgres-replication.md|datasets\raw\kafka-overview.md|datasets\raw\postgres-replication.md,"[{""source_id"":""datasets\\raw\\postgres-replication.md#1"",""selected_sentence_indices"":[1,2,3],""original_tokens"":87,""optimized_tokens"":77},{""source_id"":""datasets\\raw\\postgres-replication.md#3"",""selected_sentence_indices"":[1,3,4],""original_tokens"":92,""optimized_tokens"":49},{""source_id"":""datasets\\raw\\postgres-replication.md#0"",""selected_sentence_indices"":[0,2,4],""original_tokens"":83,""optimized_tokens"":50},{""source_id"":""datasets\\raw\\kafka-overview.md#2"",""selected_sentence_indices"":[3,4,5],""original_tokens"":90,""optimized_tokens"":31},{""source_id"":""datasets\\raw\\postgres-replication.md#4"",""selected_sentence_indices"":[1],""original_tokens"":34,""optimized_tokens"":26}]",budget,250
qt046,MULTI_PART,budget-250,"Why do readers usually avoid blocking writers, and when are row locks still used?",5,5,3,454,246,208,0.4581497797356828,1,2,0.8130081300813008,0.3308226999361068,datasets\raw\postgres-mvcc.md|datasets\raw\postgres-mvcc.md|datasets\raw\postgres-replication.md|datasets\raw\kafka-overview.md|datasets\raw\postgres-replication.md,"[{""source_id"":""datasets\\raw\\postgres-mvcc.md#1"",""selected_sentence_indices"":[2,3,4],""original_tokens"":94,""optimized_tokens"":62},{""source_id"":""datasets\\raw\\postgres-mvcc.md#0"",""selected_sentence_indices"":[0,1,4],""original_tokens"":91,""optimized_tokens"":59},{""source_id"":""datasets\\raw\\postgres-replication.md#3"",""selected_sentence_indices"":[1,2,4],""original_tokens"":92,""optimized_tokens"":52},{""source_id"":""datasets\\raw\\kafka-overview.md#2"",""selected_sentence_indices"":[1,2,3],""original_tokens"":90,""optimized_tokens"":48},{""source_id"":""datasets\\raw\\postgres-replication.md#1"",""selected_sentence_indices"":[1],""original_tokens"":87,""optimized_tokens"":25}]",budget,250
qt047,MULTI_PART,budget-250,"How do taints, tolerations, and node affinity jointly influence Pod placement?",5,5,2,408,244,164,0.4019607843137255,1,4,1.639344262295082,0.3103129998780787,datasets\raw\kubernetes-scheduling.md|datasets\raw\kubernetes-scheduling.md|datasets\raw\kubernetes-scheduling.md|datasets\raw\kubernetes-scheduling.md|datasets\raw\kafka-overview.md,"[{""source_id"":""datasets\\raw\\kubernetes-scheduling.md#2"",""selected_sentence_indices"":[2,3,4,6],""original_tokens"":96,""optimized_tokens"":60},{""source_id"":""datasets\\raw\\kubernetes-scheduling.md#0"",""selected_sentence_indices"":[0,2,3],""original_tokens"":91,""optimized_tokens"":67},{""source_id"":""datasets\\raw\\kubernetes-scheduling.md#1"",""selected_sentence_indices"":[2,3,4,5],""original_tokens"":94,""optimized_tokens"":57},{""source_id"":""datasets\\raw\\kubernetes-scheduling.md#3"",""selected_sentence_indices"":[1],""original_tokens"":37,""optimized_tokens"":26},{""source_id"":""datasets\\raw\\kafka-overview.md#2"",""selected_sentence_indices"":[0,4],""original_tokens"":90,""optimized_tokens"":34}]",budget,250
qt048,MULTI_PART,budget-250,"How do consumer groups distribute partitions, and how can consumers replay old events?",5,5,2,403,221,182,0.45161290322580644,1,4,1.8099547511312217,0.3095419998280704,datasets\raw\kafka-overview.md|datasets\raw\kafka-overview.md|datasets\raw\kafka-overview.md|datasets\raw\kafka-overview.md|datasets\raw\postgres-replication.md,"[{""source_id"":""datasets\\raw\\kafka-overview.md#2"",""selected_sentence_indices"":[0,1,3],""original_tokens"":90,""optimized_tokens"":47},{""source_id"":""datasets\\raw\\kafka-overview.md#1"",""selected_sentence_indices"":[2,3,5,6],""original_tokens"":93,""optimized_tokens"":61},{""source_id"":""datasets\\raw\\kafka-overview.md#3"",""selected_sentence_indices"":[0],""original_tokens"":41,""optimized_tokens"":8},{""source_id"":""datasets\\raw\\kafka-overview.md#0"",""selected_sentence_indices"":[1,3,4],""original_tokens"":87,""optimized_tokens"":49},{""source_id"":""datasets\\raw\\postgres-replication.md#3"",""selected_sentence_indices"":[1,2,3],""original_tokens"":92,""optimized_tokens"":56}]",budget,250
qt049,MULTI_PART,budget-250,"How is a standby promoted, and why is external failover orchestration often used?",5,4,1,394,240,154,0.39086294416243655,1,4,1.6666666666666667,0.31697709998115897,datasets\raw\postgres-replication.md|datasets\raw\postgres-replication.md|datasets\raw\postgres-replication.md|datasets\raw\postgres-replication.md,"[{""source_id"":""datasets\\raw\\postgres-replication.md#2"",""selected_sentence_indices"":[2,3,4],""original_tokens"":91,""optimized_tokens"":58},{""source_id"":""datasets\\raw\\postgres-replication.md#3"",""selected_sentence_indices"":[0,1,2],""original_tokens"":92,""optimized_tokens"":64},{""source_id"":""datasets\\raw\\postgres-replication.md#1"",""selected_sentence_indices"":[1,2,3],""original_tokens"":87,""optimized_tokens"":77},{""source_id"":""datasets\\raw\\postgres-replication.md#0"",""selected_sentence_indices"":[0,2],""original_tokens"":83,""optimized_tokens"":41}]",budget,250
qt050,MULTI_PART,budget-250,"How do resource requests affect scheduling, and how are they different from limits?",5,5,2,408,217,191,0.4681372549019608,1,4,1.8433179723502304,0.30171850020997226,datasets\raw\kubernetes-scheduling.md|datasets\raw\kubernetes-scheduling.md|datasets\raw\kubernetes-scheduling.md|datasets\raw\kubernetes-scheduling.md|datasets\raw\kafka-overview.md,"[{""source_id"":""datasets\\raw\\kubernetes-scheduling.md#1"",""selected_sentence_indices"":[1,4,5,6],""original_tokens"":94,""optimized_tokens"":47},{""source_id"":""datasets\\raw\\kubernetes-scheduling.md#2"",""selected_sentence_indices"":[0,1,4,5],""original_tokens"":96,""optimized_tokens"":55},{""source_id"":""datasets\\raw\\kubernetes-scheduling.md#0"",""selected_sentence_indices"":[0,1,2],""original_tokens"":91,""optimized_tokens"":49},{""source_id"":""datasets\\raw\\kubernetes-scheduling.md#3"",""selected_sentence_indices"":[0],""original_tokens"":37,""optimized_tokens"":11},{""source_id"":""datasets\\raw\\kafka-overview.md#2"",""selected_sentence_indices"":[0,2,5],""original_tokens"":90,""optimized_tokens"":55}]",budget,250
qt001,DIRECT,budget-500,How does PostgreSQL streaming replication work?,5,5,2,389,258,131,0.33676092544987146,1,4,1.5503875968992247,0.29983829986304045,datasets\raw\postgres-replication.md|datasets\raw\postgres-replication.md|datasets\raw\postgres-replication.md|datasets\raw\postgres-replication.md|datasets\raw\postgres-mvcc.md,"[{""source_id"":""datasets\\raw\\postgres-replication.md#0"",""selected_sentence_indices"":[0,2,4],""original_tokens"":83,""optimized_tokens"":50},{""source_id"":""datasets\\raw\\postgres-replication.md#1"",""selected_sentence_indices"":[1,2,3],""original_tokens"":87,""optimized_tokens"":77},{""source_id"":""datasets\\raw\\postgres-replication.md#3"",""selected_sentence_indices"":[1,3,4],""original_tokens"":92,""optimized_tokens"":49},{""source_id"":""datasets\\raw\\postgres-replication.md#4"",""selected_sentence_indices"":[1],""original_tokens"":34,""optimized_tokens"":26},{""source_id"":""datasets\\raw\\postgres-mvcc.md#2"",""selected_sentence_indices"":[1,4,5],""original_tokens"":93,""optimized_tokens"":56}]",budget,500
qt002,DIRECT,budget-500,How does PostgreSQL MVCC determine row visibility?,5,5,2,396,228,168,0.42424242424242425,1,4,1.7543859649122808,0.2759908998850733,datasets\raw\postgres-mvcc.md|datasets\raw\postgres-mvcc.md|datasets\raw\postgres-mvcc.md|datasets\raw\postgres-mvcc.md|datasets\raw\postgres-replication.md,"[{""source_id"":""datasets\\raw\\postgres-mvcc.md#1"",""selected_sentence_indices"":[0,3,5],""original_tokens"":94,""optimized_tokens"":37},{""source_id"":""datasets\\raw\\postgres-mvcc.md#0"",""selected_sentence_indices"":[0,2,3],""original_tokens"":91,""optimized_tokens"":60},{""source_id"":""datasets\\raw\\postgres-mvcc.md#3"",""selected_sentence_indices"":[0],""original_tokens"":26,""optimized_tokens"":26},{""source_id"":""datasets\\raw\\postgres-mvcc.md#2"",""selected_sentence_indices"":[1,4,5],""original_tokens"":93,""optimized_tokens"":56},{""source_id"":""datasets\\raw\\postgres-replication.md#3"",""selected_sentence_indices"":[1,3,4],""original_tokens"":92,""optimized_tokens"":49}]",budget,500
qt003,DIRECT,budget-500,How does Kubernetes select a node for a Pod?,5,5,2,411,237,174,0.4233576642335766,1,4,1.6877637130801686,0.3061734000220895,datasets\raw\kubernetes-scheduling.md|datasets\raw\kubernetes-scheduling.md|datasets\raw\kubernetes-scheduling.md|datasets\raw\kubernetes-scheduling.md|datasets\raw\kafka-overview.md,"[{""source_id"":""datasets\\raw\\kubernetes-scheduling.md#0"",""selected_sentence_indices"":[0,1,2],""original_tokens"":91,""optimized_tokens"":49},{""source_id"":""datasets\\raw\\kubernetes-scheduling.md#2"",""selected_sentence_indices"":[2,3,4,6],""original_tokens"":96,""optimized_tokens"":60},{""source_id"":""datasets\\raw\\kubernetes-scheduling.md#3"",""selected_sentence_indices"":[1],""original_tokens"":37,""optimized_tokens"":26},{""source_id"":""datasets\\raw\\kubernetes-scheduling.md#1"",""selected_sentence_indices"":[1,3,4,5],""original_tokens"":94,""optimized_tokens"":42},{""source_id"":""datasets\\raw\\kafka-overview.md#1"",""selected_sentence_indices"":[1,2,3,6],""original_tokens"":93,""optimized_tokens"":60}]",budget,500
qt004,DIRECT,budget-500,What is Apache Kafka used for?,5,5,2,404,211,193,0.4777227722772277,1,4,1.8957345971563981,0.2982751000672579,datasets\raw\kafka-overview.md|datasets\raw\kafka-overview.md|datasets\raw\kafka-overview.md|datasets\raw\kafka-overview.md|datasets\raw\postgres-mvcc.md,"[{""source_id"":""datasets\\raw\\kafka-overview.md#0"",""selected_sentence_indices"":[0,4,5],""original_tokens"":87,""optimized_tokens"":53},{""source_id"":""datasets\\raw\\kafka-overview.md#1"",""selected_sentence_indices"":[0,1,2,6],""original_tokens"":93,""optimized_tokens"":51},{""source_id"":""datasets\\raw\\kafka-overview.md#3"",""selected_sentence_indices"":[0],""original_tokens"":41,""optimized_tokens"":8},{""source_id"":""datasets\\raw\\kafka-overview.md#2"",""selected_sentence_indices"":[2,4,5],""original_tokens"":90,""optimized_tokens"":44},{""source_id"":""datasets\\raw\\postgres-mvcc.md#2"",""selected_sentence_indices"":[2,3,5],""original_tokens"":93,""optimized_tokens"":55}]",budget,500
qt005,DIRECT,budget-500,What trade-off does synchronous PostgreSQL replication make?,5,5,2,322,228,94,0.2919254658385093,1,4,1.7543859649122808,0.2484707001131028,datasets\raw\postgres-replication.md|datasets\raw\postgres-replication.md|datasets\raw\postgres-replication.md|datasets\raw\postgres-replication.md|datasets\raw\postgres-mvcc.md,"[{""source_id"":""datasets\\raw\\postgres-replication.md#3"",""selected_sentence_indices"":[1,3,4],""original_tokens"":92,""optimized_tokens"":49},{""source_id"":""datasets\\raw\\postgres-replication.md#0"",""selected_sentence_indices"":[0,2,4],""original_tokens"":83,""optimized_tokens"":50},{""source_id"":""datasets\\raw\\postgres-replication.md#1"",""selected_sentence_indices"":[1,2,3],""original_tokens"":87,""optimized_tokens"":77},{""source_id"":""datasets\\raw\\postgres-replication.md#4"",""selected_sentence_indices"":[1],""original_tokens"":34,""optimized_tokens"":26},{""source_id"":""datasets\\raw\\postgres-mvcc.md#3"",""selected_sentence_indices"":[0],""original_tokens"":26,""optimized_tokens"":26}]",budget,500
qt006,DIRECT,budget-500,What does PostgreSQL VACUUM do?,5,5,2,385,250,135,0.35064935064935066,1,3,1.2,0.2677750000730157,datasets\raw\postgres-mvcc.md|datasets\raw\postgres-mvcc.md|datasets\raw\postgres-replication.md|datasets\raw\postgres-replication.md|datasets\raw\postgres-mvcc.md,"[{""source_id"":""datasets\\raw\\postgres-mvcc.md#2"",""selected_sentence_indices"":[1,2,3],""original_tokens"":93,""optimized_tokens"":52},{""source_id"":""datasets\\raw\\postgres-mvcc.md#0"",""selected_sentence_indices"":[0,3,4],""original_tokens"":91,""optimized_tokens"":58},{""source_id"":""datasets\\raw\\postgres-replication.md#3"",""selected_sentence_indices"":[1,2,3],""original_tokens"":92,""optimized_tokens"":56},{""source_id"":""datasets\\raw\\postgres-replication.md#0"",""selected_sentence_indices"":[0,1,2],""original_tokens"":83,""optimized_tokens"":58},{""source_id"":""datasets\\raw\\postgres-mvcc.md#3"",""selected_sentence_indices"":[0],""original_tokens"":26,""optimized_tokens"":26}]",budget,500
qt007,DIRECT,budget-500,How do Kubernetes taints and tolerations affect scheduling?,5,5,2,408,236,172,0.4215686274509804,1,4,1.6949152542372883,0.33445619978010654,datasets\raw\kubernetes-scheduling.md|datasets\raw\kubernetes-scheduling.md|datasets\raw\kubernetes-scheduling.md|datasets\raw\kubernetes-scheduling.md|datasets\raw\kafka-overview.md,"[{""source_id"":""datasets\\raw\\kubernetes-scheduling.md#2"",""selected_sentence_indices"":[1,2,4,6],""original_tokens"":96,""optimized_tokens"":70},{""source_id"":""datasets\\raw\\kubernetes-scheduling.md#0"",""selected_sentence_indices"":[0,1,2],""original_tokens"":91,""optimized_tokens"":49},{""source_id"":""datasets\\raw\\kubernetes-scheduling.md#3"",""selected_sentence_indices"":[1],""original_tokens"":37,""optimized_tokens"":26},{""source_id"":""datasets\\raw\\kubernetes-scheduling.md#1"",""selected_sentence_indices"":[1,4,5,6],""original_tokens"":94,""optimized_tokens"":47},{""source_id"":""datasets\\raw\\kafka-overview.md#2"",""selected_sentence_indices"":[2,4,5],""original_tokens"":90,""optimized_tokens"":44}]",budget,500
qt008,DIRECT,budget-500,How do Kafka consumer groups divide work?,5,5,2,403,223,180,0.4466501240694789,1,4,1.7937219730941705,0.31875839992426336,datasets\raw\kafka-overview.md|datasets\raw\kafka-overview.md|datasets\raw\kafka-overview.md|datasets\raw\kafka-overview.md|datasets\raw\postgres-replication.md,"[{""source_id"":""datasets\\raw\\kafka-overview.md#1"",""selected_sentence_indices"":[1,2,5,6],""original_tokens"":93,""optimized_tokens"":48},{""source_id"":""datasets\\raw\\kafka-overview.md#2"",""selected_sentence_indices"":[0,2,4],""original_tokens"":90,""optimized_tokens"":58},{""source_id"":""datasets\\raw\\kafka-overview.md#0"",""selected_sentence_indices"":[0,4,5],""original_tokens"":87,""optimized_tokens"":53},{""source_id"":""datasets\\raw\\kafka-overview.md#3"",""selected_sentence_indices"":[0],""original_tokens"":41,""optimized_tokens"":8},{""source_id"":""datasets\\raw\\postgres-replication.md#3"",""selected_sentence_indices"":[1,2,3],""original_tokens"":92,""optimized_tokens"":56}]",budget,500
qt009,DIRECT,budget-500,Why can a PostgreSQL replication slot consume disk space?,5,5,2,389,258,131,0.33676092544987146,1,4,1.5503875968992247,0.3153899998869747,datasets\raw\postgres-replication.md|datasets\raw\postgres-replication.md|datasets\raw\postgres-mvcc.md|datasets\raw\postgres-replication.md|datasets\raw\postgres-replication.md,"[{""source_id"":""datasets\\raw\\postgres-replication.md#3"",""selected_sentence_indices"":[1,2,3],""original_tokens"":92,""optimized_tokens"":56},{""source_id"":""datasets\\raw\\postgres-replication.md#4"",""selected_sentence_indices"":[1],""original_tokens"":34,""optimized_tokens"":26},{""source_id"":""datasets\\raw\\postgres-mvcc.md#2"",""selected_sentence_indices"":[1,2,5],""original_tokens"":93,""optimized_tokens"":49},{""source_id"":""datasets\\raw\\postgres-replication.md#0"",""selected_sentence_indices"":[0,2,4],""original_tokens"":83,""optimized_tokens"":50},{""source_id"":""datasets\\raw\\postgres-replication.md#1"",""selected_sentence_indices"":[1,2,3],""original_tokens"":87,""optimized_tokens"":77}]",budget,500
qt010,DIRECT,budget-500,How does logical replication differ from physical streaming replication?,5,5,2,386,233,153,0.3963730569948187,1,4,1.7167381974248928,0.3092910998966545,datasets\raw\postgres-replication.md|datasets\raw\postgres-replication.md|datasets\raw\postgres-replication.md|datasets\raw\postgres-replication.md|datasets\raw\kafka-overview.md,"[{""source_id"":""datasets\\raw\\postgres-replication.md#4"",""selected_sentence_indices"":[1],""original_tokens"":34,""optimized_tokens"":26},{""source_id"":""datasets\\raw\\postgres-replication.md#3"",""selected_sentence_indices"":[1,3,4],""original_tokens"":92,""optimized_tokens"":49},{""source_id"":""datasets\\raw\\postgres-replication.md#1"",""selected_sentence_indices"":[1,2,3],""original_tokens"":87,""optimized_tokens"":77},{""source_id"":""datasets\\raw\\postgres-replication.md#0"",""selected_sentence_indices"":[0,2,4],""original_tokens"":83,""optimized_tokens"":50},{""source_id"":""datasets\\raw\\kafka-overview.md#2"",""selected_sentence_indices"":[3,4,5],""original_tokens"":90,""optimized_tokens"":31}]",budget,500
qt011,PARAPHRASE,budget-500,How can database readers see stable data without making writers wait?,5,5,2,447,285,162,0.3624161073825503,1,2,0.7017543859649122,0.40220490004867315,datasets\raw\postgres-mvcc.md|datasets\raw\postgres-mvcc.md|datasets\raw\postgres-replication.md|datasets\raw\postgres-replication.md|datasets\raw\postgres-replication.md,"[{""source_id"":""datasets\\raw\\postgres-mvcc.md#1"",""selected_sentence_indices"":[1,2,3],""original_tokens"":94,""optimized_tokens"":58},{""source_id"":""datasets\\raw\\postgres-mvcc.md#0"",""selected_sentence_indices"":[0,3,4],""original_tokens"":91,""optimized_tokens"":58},{""source_id"":""datasets\\raw\\postgres-replication.md#0"",""selected_sentence_indices"":[1,2,4],""original_tokens"":83,""optimized_tokens"":45},{""source_id"":""datasets\\raw\\postgres-replication.md#1"",""selected_sentence_indices"":[1,2,3],""original_tokens"":87,""optimized_tokens"":77},{""source_id"":""datasets\\raw\\postgres-replication.md#3"",""selected_sentence_indices"":[2,3,4],""original_tokens"":92,""optimized_tokens"":47}]",budget,500
qt012,PARAPHRASE,budget-500,How are change records shipped and applied to a backup database?,5,5,2,385,244,141,0.36623376623376624,1,2,0.819672131147541,0.2594987000338733,datasets\raw\postgres-mvcc.md|datasets\raw\postgres-mvcc.md|datasets\raw\postgres-mvcc.md|datasets\raw\postgres-replication.md|datasets\raw\postgres-replication.md,"[{""source_id"":""datasets\\raw\\postgres-mvcc.md#0"",""selected_sentence_indices"":[1,2,4],""original_tokens"":91,""optimized_tokens"":47},{""source_id"":""datasets\\raw\\postgres-mvcc.md#3"",""selected_sentence_indices"":[0],""original_tokens"":26,""optimized_tokens"":26},{""source_id"":""datasets\\raw\\postgres-mvcc.md#2"",""selected_sentence_indices"":[1,3,5],""original_tokens"":93,""optimized_tokens"":66},{""source_id"":""datasets\\raw\\postgres-replication.md#0"",""selected_sentence_indices"":[1,2,3],""original_tokens"":83,""optimized_tokens"":52},{""source_id"":""datasets\\raw\\postgres-replication.md#3"",""selected_sentence_indices"":[0,3,4],""original_tokens"":92,""optimized_tokens"":53}]",budget,500
qt013,PARAPHRASE,budget-500,What decides where a newly requested workload runs in a cluster?,5,5,2,410,241,169,0.4121951219512195,1,4,1.6597510373443982,0.3051223000511527,datasets\raw\kubernetes-scheduling.md|datasets\raw\kubernetes-scheduling.md|datasets\raw\kubernetes-scheduling.md|datasets\raw\postgres-replication.md|datasets\raw\kubernetes-scheduling.md,"[{""source_id"":""datasets\\raw\\kubernetes-scheduling.md#2"",""selected_sentence_indices"":[1,3,4,5],""original_tokens"":96,""optimized_tokens"":61},{""source_id"":""datasets\\raw\\kubernetes-scheduling.md#1"",""selected_sentence_indices"":[1,2,4,6],""original_tokens"":94,""optimized_tokens"":60},{""source_id"":""datasets\\raw\\kubernetes-scheduling.md#0"",""selected_sentence_indices"":[0,1,2],""original_tokens"":91,""optimized_tokens"":49},{""source_id"":""datasets\\raw\\postgres-replication.md#3"",""selected_sentence_indices"":[0,2,3],""original_tokens"":92,""optimized_tokens"":60},{""source_id"":""datasets\\raw\\kubernetes-scheduling.md#3"",""selected_sentence_indices"":[0],""original_tokens"":37,""optimized_tokens"":11}]",budget,500
qt014,PARAPHRASE,budget-500,How can separate applications independently reread the same ordered events?,5,5,2,403,231,172,0.4267990074441687,1,4,1.7316017316017316,0.31595740001648664,datasets\raw\kafka-overview.md|datasets\raw\kafka-overview.md|datasets\raw\kafka-overview.md|datasets\raw\postgres-replication.md|datasets\raw\kafka-overview.md,"[{""source_id"":""datasets\\raw\\kafka-overview.md#2"",""selected_sentence_indices"":[1,2,4],""original_tokens"":90,""optimized_tokens"":48},{""source_id"":""datasets\\raw\\kafka-overview.md#3"",""selected_sentence_indices"":[0],""original_tokens"":41,""optimized_tokens"":8},{""source_id"":""datasets\\raw\\kafka-overview.md#0"",""selected_sentence_indices"":[0,1,3],""original_tokens"":87,""optimized_tokens"":53},{""source_id"":""datasets\\raw\\postgres-replication.md#3"",""selected_sentence_indices"":[0,1,4],""original_tokens"":92,""optimized_tokens"":57},{""source_id"":""datasets\\raw\\kafka-overview.md#1"",""selected_sentence_indices"":[0,2,3,6],""original_tokens"":93,""optimized_tokens"":65}]",budget,500
qt015,PARAPHRASE,budget-500,Why might old copies of updated rows remain on disk?,5,5,2,404,210,194,0.4801980198019802,1,3,1.4285714285714286,0.2994476999156177,datasets\raw\postgres-mvcc.md|datasets\raw\postgres-mvcc.md|datasets\raw\postgres-mvcc.md|datasets\raw\postgres-replication.md|datasets\raw\postgres-replication.md,"[{""source_id"":""datasets\\raw\\postgres-mvcc.md#0"",""selected_sentence_indices"":[1,2,3],""original_tokens"":91,""optimized_tokens"":49},{""source_id"":""datasets\\raw\\postgres-mvcc.md#1"",""selected_sentence_indices"":[0,2,5],""original_tokens"":94,""optimized_tokens"":43},{""source_id"":""datasets\\raw\\postgres-mvcc.md#2"",""selected_sentence_indices"":[0,1,5],""original_tokens"":93,""optimized_tokens"":45},{""source_id"":""datasets\\raw\\postgres-replication.md#3"",""selected_sentence_indices"":[2,3,4],""original_tokens"":92,""optimized_tokens"":47},{""source_id"":""datasets\\raw\\postgres-replication.md#4"",""selected_sentence_indices"":[1],""original_tokens"":34,""optimized_tokens"":26}]",budget,500
qt016,PARAPHRASE,budget-500,How does the cluster avoid placing a workload on an unsuitable machine?,5,5,3,466,311,155,0.33261802575107297,1,3,0.9646302250803859,0.31783360010012984,datasets\raw\kubernetes-scheduling.md|datasets\raw\kubernetes-scheduling.md|datasets\raw\kubernetes-scheduling.md|datasets\raw\postgres-replication.md|datasets\raw\kafka-overview.md,"[{""source_id"":""datasets\\raw\\kubernetes-scheduling.md#2"",""selected_sentence_indices"":[1,2,4,5],""original_tokens"":96,""optimized_tokens"":74},{""source_id"":""datasets\\raw\\kubernetes-scheduling.md#0"",""selected_sentence_indices"":[0,2,3],""original_tokens"":91,""optimized_tokens"":67},{""source_id"":""datasets\\raw\\kubernetes-scheduling.md#1"",""selected_sentence_indices"":[1,2,5,6],""original_tokens"":94,""optimized_tokens"":56},{""source_id"":""datasets\\raw\\postgres-replication.md#3"",""selected_sentence_indices"":[0,1,2],""original_tokens"":92,""optimized_tokens"":64},{""source_id"":""datasets\\raw\\kafka-overview.md#1"",""selected_sentence_indices"":[0,1,2,3],""original_tokens"":93,""optimized_tokens"":50}]",budget,500
qt017,PARAPHRASE,budget-500,How is an event log spread across servers for parallelism and resilience?,5,5,2,393,209,184,0.4681933842239186,1,3,1.4354066985645935,0.33315729978494346,datasets\raw\kafka-overview.md|datasets\raw\kafka-overview.md|datasets\raw\kafka-overview.md|datasets\raw\postgres-replication.md|datasets\raw\postgres-replication.md,"[{""source_id"":""datasets\\raw\\kafka-overview.md#3"",""selected_sentence_indices"":[0],""original_tokens"":41,""optimized_tokens"":8},{""source_id"":""datasets\\raw\\kafka-overview.md#2"",""selected_sentence_indices"":[1,4,5],""original_tokens"":90,""optimized_tokens"":32},{""source_id"":""datasets\\raw\\kafka-overview.md#0"",""selected_sentence_indices"":[0,3,4],""original_tokens"":87,""optimized_tokens"":60},{""source_id"":""datasets\\raw\\postgres-replication.md#0"",""selected_sentence_indices"":[0,1,4],""original_tokens"":83,""optimized_tokens"":48},{""source_id"":""datasets\\raw\\postgres-replication.md#3"",""selected_sentence_indices"":[0,1,3],""original_tokens"":92,""optimized_tokens"":61}]",budget,500
qt018,PARAPHRASE,budget-500,What happens when the main database disappears and a copy must take writes?,5,5,2,450,286,164,0.36444444444444446,1,3,1.048951048951049,0.3207755000330508,datasets\raw\postgres-replication.md|datasets\raw\postgres-replication.md|datasets\raw\postgres-mvcc.md|datasets\raw\postgres-mvcc.md|datasets\raw\postgres-replication.md,"[{""source_id"":""datasets\\raw\\postgres-replication.md#3"",""selected_sentence_indices"":[1,2,3],""original_tokens"":92,""optimized_tokens"":56},{""source_id"":""datasets\\raw\\postgres-replication.md#2"",""selected_sentence_indices"":[2,3,4],""original_tokens"":91,""optimized_tokens"":58},{""source_id"":""datasets\\raw\\postgres-mvcc.md#2"",""selected_sentence_indices"":[1,4,5],""original_tokens"":93,""optimized_tokens"":56},{""source_id"":""datasets\\raw\\postgres-mvcc.md#0"",""selected_sentence_indices"":[0,2,4],""original_tokens"":91,""optimized_tokens"":58},{""source_id"":""datasets\\raw\\postgres-replication.md#0"",""selected_sentence_indices"":[0,1,2],""original_tokens"":83,""optimized_tokens"":58}]",budget,500
qt019,PARAPHRASE,budget-500,Why do declared resources matter more than momentary usage for workload placement?,5,5,3,466,299,167,0.3583690987124464,1,3,1.0033444816053512,0.31766290008090436,datasets\raw\kubernetes-scheduling.md|datasets\raw\kubernetes-scheduling.md|datasets\raw\kubernetes-scheduling.md|datasets\raw\postgres-mvcc.md|datasets\raw\postgres-replication.md,"[{""source_id"":""datasets\\raw\\kubernetes-scheduling.md#1"",""selected_sentence_indices"":[2,4,5,6],""original_tokens"":94,""optimized_tokens"":62},{""source_id"":""datasets\\raw\\kubernetes-scheduling.md#2"",""selected_sentence_indices"":[0,1,4,5],""original_tokens"":96,""optimized_tokens"":55},{""source_id"":""datasets\\raw\\kubernetes-scheduling.md#0"",""selected_sentence_indices"":[0,2,3],""original_tokens"":91,""optimized_tokens"":67},{""source_id"":""datasets\\raw\\postgres-mvcc.md#2"",""selected_sentence_indices"":[2,3,5],""original_tokens"":93,""optimized_tokens"":55},{""source_id"":""datasets\\raw\\postgres-replication.md#3"",""selected_sentence_indices"":[0,2,3],""original_tokens"":92,""optimized_tokens"":60}]",budget,500
qt020,PARAPHRASE,budget-500,How can a stream reader go back and process earlier records again?,5,5,3,445,294,151,0.3393258426966292,1,1,0.3401360544217687,0.32013250002637506,datasets\raw\postgres-replication.md|datasets\raw\postgres-replication.md|datasets\raw\postgres-mvcc.md|datasets\raw\postgres-replication.md|datasets\raw\kafka-overview.md,"[{""source_id"":""datasets\\raw\\postgres-replication.md#1"",""selected_sentence_indices"":[1,2,3],""original_tokens"":87,""optimized_tokens"":77},{""source_id"":""datasets\\raw\\postgres-replication.md#0"",""selected_sentence_indices"":[1,3,4],""original_tokens"":83,""optimized_tokens"":42},{""source_id"":""datasets\\raw\\postgres-mvcc.md#2"",""selected_sentence_indices"":[1,3,5],""original_tokens"":93,""optimized_tokens"":66},{""source_id"":""datasets\\raw\\postgres-replication.md#3"",""selected_sentence_indices"":[0,1,3],""original_tokens"":92,""optimized_tokens"":61},{""source_id"":""datasets\\raw\\kafka-overview.md#2"",""selected_sentence_indices"":[1,2,3],""original_tokens"":90,""optimized_tokens"":48}]",budget,500
qt021,VAGUE,budget-500,Why are old versions not getting cleaned up?,5,5,2,404,185,219,0.5420792079207921,1,3,1.6216216216216215,0.3072524000890553,datasets\raw\postgres-mvcc.md|datasets\raw\postgres-mvcc.md|datasets\raw\postgres-mvcc.md|datasets\raw\postgres-replication.md|datasets\raw\postgres-replication.md,"[{""source_id"":""datasets\\raw\\postgres-mvcc.md#2"",""selected_sentence_indices"":[0,1,2],""original_tokens"":93,""optimized_tokens"":31},{""source_id"":""datasets\\raw\\postgres-mvcc.md#1"",""selected_sentence_indices"":[0,1,5],""original_tokens"":94,""optimized_tokens"":32},{""source_id"":""datasets\\raw\\postgres-mvcc.md#0"",""selected_sentence_indices"":[1,2,3],""original_tokens"":91,""optimized_tokens"":49},{""source_id"":""datasets\\raw\\postgres-replication.md#4"",""selected_sentence_indices"":[1],""original_tokens"":34,""optimized_tokens"":26},{""source_id"":""datasets\\raw\\postgres-replication.md#3"",""selected_sentence_indices"":[2,3,4],""original_tokens"":92,""optimized_tokens"":47}]",budget,500
qt022,VAGUE,budget-500,Why is the replica falling behind?,5,5,2,386,192,194,0.5025906735751295,1,4,2.0833333333333335,0.2878914000466466,datasets\raw\postgres-replication.md|datasets\raw\postgres-replication.md|datasets\raw\postgres-replication.md|datasets\raw\postgres-replication.md|datasets\raw\kafka-overview.md,"[{""source_id"":""datasets\\raw\\postgres-replication.md#1"",""selected_sentence_indices"":[1,3,4],""original_tokens"":87,""optimized_tokens"":50},{""source_id"":""datasets\\raw\\postgres-replication.md#3"",""selected_sentence_indices"":[1,2,3],""original_tokens"":92,""optimized_tokens"":56},{""source_id"":""datasets\\raw\\postgres-replication.md#0"",""selected_sentence_indices"":[0,3,4],""original_tokens"":83,""optimized_tokens"":47},{""source_id"":""datasets\\raw\\postgres-replication.md#4"",""selected_sentence_indices"":[0],""original_tokens"":34,""optimized_tokens"":8},{""source_id"":""datasets\\raw\\kafka-overview.md#2"",""selected_sentence_indices"":[3,4,5],""original_tokens"":90,""optimized_tokens"":31}]",budget,500
qt023,VAGUE,budget-500,Why is my workload still pending?,5,5,2,405,237,168,0.4148148148148148,1,4,1.6877637130801686,0.30373569997027516,datasets\raw\kubernetes-scheduling.md|datasets\raw\kubernetes-scheduling.md|datasets\raw\kubernetes-scheduling.md|datasets\raw\postgres-replication.md|datasets\raw\kubernetes-scheduling.md,"[{""source_id"":""datasets\\raw\\kubernetes-scheduling.md#0"",""selected_sentence_indices"":[0,1,2],""original_tokens"":91,""optimized_tokens"":49},{""source_id"":""datasets\\raw\\kubernetes-scheduling.md#1"",""selected_sentence_indices"":[1,2,4,6],""original_tokens"":94,""optimized_tokens"":60},{""source_id"":""datasets\\raw\\kubernetes-scheduling.md#2"",""selected_sentence_indices"":[0,1,4,5],""original_tokens"":96,""optimized_tokens"":55},{""source_id"":""datasets\\raw\\postgres-replication.md#1"",""selected_sentence_indices"":[0,1,2],""original_tokens"":87,""optimized_tokens"":62},{""source_id"":""datasets\\raw\\kubernetes-scheduling.md#3"",""selected_sentence_indices"":[0],""original_tokens"":37,""optimized_tokens"":11}]",budget,500
qt024,VAGUE,budget-500,How can I read the same messages again?,5,5,3,399,214,185,0.46365914786967416,1,2,0.9345794392523364,0.29372100019827485,datasets\raw\kafka-overview.md|datasets\raw\postgres-mvcc.md|datasets\raw\kafka-overview.md|datasets\raw\postgres-mvcc.md|datasets\raw\postgres-replication.md,"[{""source_id"":""datasets\\raw\\kafka-overview.md#2"",""selected_sentence_indices"":[1,2,3],""original_tokens"":90,""optimized_tokens"":48},{""source_id"":""datasets\\raw\\postgres-mvcc.md#1"",""selected_sentence_indices"":[1,2,3],""original_tokens"":94,""optimized_tokens"":58},{""source_id"":""datasets\\raw\\kafka-overview.md#3"",""selected_sentence_indices"":[0],""original_tokens"":41,""optimized_tokens"":8},{""source_id"":""datasets\\raw\\postgres-mvcc.md#0"",""selected_sentence_indices"":[0,2,4],""original_tokens"":91,""optimized_tokens"":58},{""source_id"":""datasets\\raw\\postgres-replication.md#0"",""selected_sentence_indices"":[1,3,4],""original_tokens"":83,""optimized_tokens"":42}]",budget,500
qt025,VAGUE,budget-500,Why is commit slower now?,5,5,2,389,249,140,0.35989717223650386,1,2,0.8032128514056224,0.2622564001940191,datasets\raw\postgres-mvcc.md|datasets\raw\postgres-mvcc.md|datasets\raw\postgres-replication.md|datasets\raw\postgres-mvcc.md|datasets\raw\postgres-replication.md,"[{""source_id"":""datasets\\raw\\postgres-mvcc.md#1"",""selected_sentence_indices"":[1,2,4],""original_tokens"":94,""optimized_tokens"":57},{""source_id"":""datasets\\raw\\postgres-mvcc.md#0"",""selected_sentence_indices"":[0,2,4],""original_tokens"":91,""optimized_tokens"":58},{""source_id"":""datasets\\raw\\postgres-replication.md#1"",""selected_sentence_indices"":[0,2,3],""original_tokens"":87,""optimized_tokens"":59},{""source_id"":""datasets\\raw\\postgres-mvcc.md#3"",""selected_sentence_indices"":[0],""original_tokens"":26,""optimized_tokens"":26},{""source_id"":""datasets\\raw\\postgres-replication.md#2"",""selected_sentence_indices"":[0,1,3],""original_tokens"":91,""optimized_tokens"":49}]",budget,500
qt026,VAGUE,budget-500,Why do reads keep changing between statements?,5,5,2,386,232,154,0.39896373056994816,1,3,1.293103448275862,0.26005350006744266,datasets\raw\postgres-mvcc.md|datasets\raw\postgres-mvcc.md|datasets\raw\postgres-mvcc.md|datasets\raw\postgres-replication.md|datasets\raw\postgres-replication.md,"[{""source_id"":""datasets\\raw\\postgres-mvcc.md#1"",""selected_sentence_indices"":[1,2,3],""original_tokens"":94,""optimized_tokens"":58},{""source_id"":""datasets\\raw\\postgres-mvcc.md#0"",""selected_sentence_indices"":[0,1,4],""original_tokens"":91,""optimized_tokens"":59},{""source_id"":""datasets\\raw\\postgres-mvcc.md#3"",""selected_sentence_indices"":[0],""original_tokens"":26,""optimized_tokens"":26},{""source_id"":""datasets\\raw\\postgres-replication.md#3"",""selected_sentence_indices"":[2,3,4],""original_tokens"":92,""optimized_tokens"":47},{""source_id"":""datasets\\raw\\postgres-replication.md#0"",""selected_sentence_indices"":[1,3,4],""original_tokens"":83,""optimized_tokens"":42}]",budget,500
qt027,VAGUE,budget-500,Why won't this workload run on that machine?,5,5,2,405,243,162,0.4,1,4,1.6460905349794237,0.31183780007995665,datasets\raw\kubernetes-scheduling.md|datasets\raw\kubernetes-scheduling.md|datasets\raw\kubernetes-scheduling.md|datasets\raw\kubernetes-scheduling.md|datasets\raw\postgres-replication.md,"[{""source_id"":""datasets\\raw\\kubernetes-scheduling.md#0"",""selected_sentence_indices"":[0,2,3],""original_tokens"":91,""optimized_tokens"":67},{""source_id"":""datasets\\raw\\kubernetes-scheduling.md#3"",""selected_sentence_indices"":[0],""original_tokens"":37,""optimized_tokens"":11},{""source_id"":""datasets\\raw\\kubernetes-scheduling.md#1"",""selected_sentence_indices"":[0,1,4,5],""original_tokens"":94,""optimized_tokens"":48},{""source_id"":""datasets\\raw\\kubernetes-scheduling.md#2"",""selected_sentence_indices"":[0,1,4,5],""original_tokens"":96,""optimized_tokens"":55},{""source_id"":""datasets\\raw\\postgres-replication.md#1"",""selected_sentence_indices"":[0,1,2],""original_tokens"":87,""optimized_tokens"":62}]",budget,500
qt028,VAGUE,budget-500,Why isn't one reader handling every partition?,5,5,2,405,232,173,0.4271604938271605,1,4,1.7241379310344829,0.299243199871853,datasets\raw\kafka-overview.md|datasets\raw\kafka-overview.md|datasets\raw\postgres-mvcc.md|datasets\raw\kafka-overview.md|datasets\raw\kafka-overview.md,"[{""source_id"":""datasets\\raw\\kafka-overview.md#2"",""selected_sentence_indices"":[0,1,2],""original_tokens"":90,""optimized_tokens"":60},{""source_id"":""datasets\\raw\\kafka-overview.md#1"",""selected_sentence_indices"":[0,2,3,6],""original_tokens"":93,""optimized_tokens"":65},{""source_id"":""datasets\\raw\\postgres-mvcc.md#1"",""selected_sentence_indices"":[1,2,3],""original_tokens"":94,""optimized_tokens"":58},{""source_id"":""datasets\\raw\\kafka-overview.md#3"",""selected_sentence_indices"":[0],""original_tokens"":41,""optimized_tokens"":8},{""source_id"":""datasets\\raw\\kafka-overview.md#0"",""selected_sentence_indices"":[2,3,4],""original_tokens"":87,""optimized_tokens"":41}]",budget,500
qt029,VAGUE,budget-500,Why is the log filling the disk?,5,5,3,399,179,220,0.5513784461152882,1,2,1.1173184357541899,0.2930483999662101,datasets\raw\kafka-overview.md|datasets\raw\postgres-mvcc.md|datasets\raw\kafka-overview.md|datasets\raw\postgres-replication.md|datasets\raw\postgres-replication.md,"[{""source_id"":""datasets\\raw\\kafka-overview.md#3"",""selected_sentence_indices"":[0],""original_tokens"":41,""optimized_tokens"":8},{""source_id"":""datasets\\raw\\postgres-mvcc.md#2"",""selected_sentence_indices"":[0,1,2],""original_tokens"":93,""optimized_tokens"":31},{""source_id"":""datasets\\raw\\kafka-overview.md#2"",""selected_sentence_indices"":[0,4,5],""original_tokens"":90,""optimized_tokens"":42},{""source_id"":""datasets\\raw\\postgres-replication.md#0"",""selected_sentence_indices"":[1,3,4],""original_tokens"":83,""optimized_tokens"":42},{""source_id"":""datasets\\raw\\postgres-replication.md#3"",""selected_sentence_indices"":[1,2,3],""original_tokens"":92,""optimized_tokens"":56}]",budget,500
qt030,VAGUE,budget-500,Who actually starts the containers?,5,5,2,411,188,223,0.5425790754257908,1,4,2.127659574468085,0.3046995000913739,datasets\raw\kubernetes-scheduling.md|datasets\raw\kubernetes-scheduling.md|datasets\raw\kubernetes-scheduling.md|datasets\raw\kubernetes-scheduling.md|datasets\raw\kafka-overview.md,"[{""source_id"":""datasets\\raw\\kubernetes-scheduling.md#3"",""selected_sentence_indices"":[0],""original_tokens"":37,""optimized_tokens"":11},{""source_id"":""datasets\\raw\\kubernetes-scheduling.md#2"",""selected_sentence_indices"":[0,2,5,6],""original_tokens"":96,""optimized_tokens"":48},{""source_id"":""datasets\\raw\\kubernetes-scheduling.md#0"",""selected_sentence_indices"":[0,2,4],""original_tokens"":91,""optimized_tokens"":33},{""source_id"":""datasets\\raw\\kubernetes-scheduling.md#1"",""selected_sentence_indices"":[1,4,5,6],""original_tokens"":94,""optimized_tokens"":47},{""source_id"":""datasets\\raw\\kafka-overview.md#1"",""selected_sentence_indices"":[1,3,4,5],""original_tokens"":93,""optimized_tokens"":49}]",budget,500
qt031,EXACT_IDENTIFIER,budget-500,What does WAL do in PostgreSQL streaming replication?,5,5,2,381,265,116,0.30446194225721784,1,3,1.1320754716981132,0.2713196000549942,datasets\raw\postgres-replication.md|datasets\raw\postgres-replication.md|datasets\raw\postgres-replication.md|datasets\raw\postgres-mvcc.md|datasets\raw\postgres-mvcc.md,"[{""source_id"":""datasets\\raw\\postgres-replication.md#0"",""selected_sentence_indices"":[0,2,4],""original_tokens"":83,""optimized_tokens"":50},{""source_id"":""datasets\\raw\\postgres-replication.md#1"",""selected_sentence_indices"":[1,2,3],""original_tokens"":87,""optimized_tokens"":77},{""source_id"":""datasets\\raw\\postgres-replication.md#3"",""selected_sentence_indices"":[1,2,3],""original_tokens"":92,""optimized_tokens"":56},{""source_id"":""datasets\\raw\\postgres-mvcc.md#3"",""selected_sentence_indices"":[0],""original_tokens"":26,""optimized_tokens"":26},{""source_id"":""datasets\\raw\\postgres-mvcc.md#2"",""selected_sentence_indices"":[1,4,5],""original_tokens"":93,""optimized_tokens"":56}]",budget,500
qt032,EXACT_IDENTIFIER,budget-500,What does MVCC provide in PostgreSQL?,5,5,2,387,255,132,0.34108527131782945,1,4,1.5686274509803924,0.2666931999847293,datasets\raw\postgres-mvcc.md|datasets\raw\postgres-mvcc.md|datasets\raw\postgres-mvcc.md|datasets\raw\postgres-mvcc.md|datasets\raw\postgres-replication.md,"[{""source_id"":""datasets\\raw\\postgres-mvcc.md#3"",""selected_sentence_indices"":[0],""original_tokens"":26,""optimized_tokens"":26},{""source_id"":""datasets\\raw\\postgres-mvcc.md#0"",""selected_sentence_indices"":[0,3,4],""original_tokens"":91,""optimized_tokens"":58},{""source_id"":""datasets\\raw\\postgres-mvcc.md#1"",""selected_sentence_indices"":[2,3,5],""original_tokens"":94,""optimized_tokens"":57},{""source_id"":""datasets\\raw\\postgres-mvcc.md#2"",""selected_sentence_indices"":[1,4,5],""original_tokens"":93,""optimized_tokens"":56},{""source_id"":""datasets\\raw\\postgres-replication.md#0"",""selected_sentence_indices"":[0,1,2],""original_tokens"":83,""optimized_tokens"":58}]",budget,500
qt033,EXACT_IDENTIFIER,budget-500,What does VACUUM do with obsolete row versions?,5,5,2,404,189,215,0.5321782178217822,1,3,1.5873015873015874,0.312524399952963,datasets\raw\postgres-mvcc.md|datasets\raw\postgres-mvcc.md|datasets\raw\postgres-mvcc.md|datasets\raw\postgres-replication.md|datasets\raw\postgres-replication.md,"[{""source_id"":""datasets\\raw\\postgres-mvcc.md#2"",""selected_sentence_indices"":[0,1,2],""original_tokens"":93,""optimized_tokens"":31},{""source_id"":""datasets\\raw\\postgres-mvcc.md#1"",""selected_sentence_indices"":[0,4,5],""original_tokens"":94,""optimized_tokens"":36},{""source_id"":""datasets\\raw\\postgres-mvcc.md#0"",""selected_sentence_indices"":[1,2,3],""original_tokens"":91,""optimized_tokens"":49},{""source_id"":""datasets\\raw\\postgres-replication.md#4"",""selected_sentence_indices"":[1],""original_tokens"":34,""optimized_tokens"":26},{""source_id"":""datasets\\raw\\postgres-replication.md#3"",""selected_sentence_indices"":[2,3,4],""original_tokens"":92,""optimized_tokens"":47}]",budget,500
qt034,EXACT_IDENTIFIER,budget-500,How does Read Committed choose snapshots?,5,5,3,445,270,175,0.39325842696629215,1,2,0.7407407407407407,0.31604479998350143,datasets\raw\postgres-mvcc.md|datasets\raw\postgres-mvcc.md|datasets\raw\postgres-replication.md|datasets\raw\kafka-overview.md|datasets\raw\postgres-replication.md,"[{""source_id"":""datasets\\raw\\postgres-mvcc.md#0"",""selected_sentence_indices"":[2,3,4],""original_tokens"":91,""optimized_tokens"":46},{""source_id"":""datasets\\raw\\postgres-mvcc.md#1"",""selected_sentence_indices"":[1,2,3],""original_tokens"":94,""optimized_tokens"":58},{""source_id"":""datasets\\raw\\postgres-replication.md#1"",""selected_sentence_indices"":[1,2,3],""original_tokens"":87,""optimized_tokens"":77},{""source_id"":""datasets\\raw\\kafka-overview.md#2"",""selected_sentence_indices"":[2,3,4],""original_tokens"":90,""optimized_tokens"":47},{""source_id"":""datasets\\raw\\postgres-replication.md#0"",""selected_sentence_indices"":[1,3,4],""original_tokens"":83,""optimized_tokens"":42}]",budget,500
qt035,EXACT_IDENTIFIER,budget-500,How does Repeatable Read use a snapshot?,5,5,3,450,243,207,0.46,1,2,0.8230452674897119,0.3207129000220448,datasets\raw\postgres-mvcc.md|datasets\raw\postgres-mvcc.md|datasets\raw\postgres-replication.md|datasets\raw\kafka-overview.md|datasets\raw\postgres-replication.md,"[{""source_id"":""datasets\\raw\\postgres-mvcc.md#1"",""selected_sentence_indices"":[1,2,3],""original_tokens"":94,""optimized_tokens"":58},{""source_id"":""datasets\\raw\\postgres-mvcc.md#0"",""selected_sentence_indices"":[2,3,4],""original_tokens"":91,""optimized_tokens"":46},{""source_id"":""datasets\\raw\\postgres-replication.md#0"",""selected_sentence_indices"":[1,3,4],""original_tokens"":83,""optimized_tokens"":42},{""source_id"":""datasets\\raw\\kafka-overview.md#2"",""selected_sentence_indices"":[1,2,3],""original_tokens"":90,""optimized_tokens"":48},{""source_id"":""datasets\\raw\\postgres-replication.md#3"",""selected_sentence_indices"":[1,3,4],""original_tokens"":92,""optimized_tokens"":49}]",budget,500
qt036,EXACT_IDENTIFIER,budget-500,What does node affinity do for a Pod?,5,5,2,411,237,174,0.4233576642335766,1,4,1.6877637130801686,0.2946135997772217,datasets\raw\kubernetes-scheduling.md|datasets\raw\kubernetes-scheduling.md|datasets\raw\kubernetes-scheduling.md|datasets\raw\kubernetes-scheduling.md|datasets\raw\kafka-overview.md,"[{""source_id"":""datasets\\raw\\kubernetes-scheduling.md#2"",""selected_sentence_indices"":[2,3,4,6],""original_tokens"":96,""optimized_tokens"":60},{""source_id"":""datasets\\raw\\kubernetes-scheduling.md#0"",""selected_sentence_indices"":[0,1,2],""original_tokens"":91,""optimized_tokens"":49},{""source_id"":""datasets\\raw\\kubernetes-scheduling.md#3"",""selected_sentence_indices"":[1],""original_tokens"":37,""optimized_tokens"":26},{""source_id"":""datasets\\raw\\kubernetes-scheduling.md#1"",""selected_sentence_indices"":[1,3,4,5],""original_tokens"":94,""optimized_tokens"":42},{""source_id"":""datasets\\raw\\kafka-overview.md#1"",""selected_sentence_indices"":[1,2,3,6],""original_tokens"":93,""optimized_tokens"":60}]",budget,500
qt037,EXACT_IDENTIFIER,budget-500,What does kubelet do after Pod binding?,5,5,2,355,187,168,0.4732394366197183,1,3,1.6042780748663101,0.2887823001947254,datasets\raw\kubernetes-scheduling.md|datasets\raw\kubernetes-scheduling.md|datasets\raw\kubernetes-scheduling.md|datasets\raw\kafka-overview.md|datasets\raw\kafka-overview.md,"[{""source_id"":""datasets\\raw\\kubernetes-scheduling.md#2"",""selected_sentence_indices"":[2,3,4,6],""original_tokens"":96,""optimized_tokens"":60},{""source_id"":""datasets\\raw\\kubernetes-scheduling.md#3"",""selected_sentence_indices"":[1],""original_tokens"":37,""optimized_tokens"":26},{""source_id"":""datasets\\raw\\kubernetes-scheduling.md#0"",""selected_sentence_indices"":[0,1,2],""original_tokens"":91,""optimized_tokens"":49},{""source_id"":""datasets\\raw\\kafka-overview.md#3"",""selected_sentence_indices"":[0],""original_tokens"":41,""optimized_tokens"":8},{""source_id"":""datasets\\raw\\kafka-overview.md#2"",""selected_sentence_indices"":[2,4,5],""original_tokens"":90,""optimized_tokens"":44}]",budget,500
qt038,EXACT_IDENTIFIER,budget-500,What is a Kafka topic partition?,5,5,2,345,168,177,0.5130434782608696,1,4,2.380952380952381,0.34406029991805553,datasets\raw\kafka-overview.md|datasets\raw\kafka-overview.md|datasets\raw\kafka-overview.md|datasets\raw\kafka-overview.md|datasets\raw\postgres-replication.md,"[{""source_id"":""datasets\\raw\\kafka-overview.md#0"",""selected_sentence_indices"":[2,4,5],""original_tokens"":87,""optimized_tokens"":34},{""source_id"":""datasets\\raw\\kafka-overview.md#1"",""selected_sentence_indices"":[1,2,3,6],""original_tokens"":93,""optimized_tokens"":60},{""source_id"":""datasets\\raw\\kafka-overview.md#2"",""selected_sentence_indices"":[0,2,4],""original_tokens"":90,""optimized_tokens"":58},{""source_id"":""datasets\\raw\\kafka-overview.md#3"",""selected_sentence_indices"":[0],""original_tokens"":41,""optimized_tokens"":8},{""source_id"":""datasets\\raw\\postgres-replication.md#4"",""selected_sentence_indices"":[0],""original_tokens"":34,""optimized_tokens"":8}]",budget,500
qt039,EXACT_IDENTIFIER,budget-500,What does a Kafka consumer group do?,5,5,2,404,222,182,0.4504950495049505,1,4,1.8018018018018016,0.32051819982007146,datasets\raw\kafka-overview.md|datasets\raw\kafka-overview.md|datasets\raw\kafka-overview.md|datasets\raw\kafka-overview.md|datasets\raw\postgres-mvcc.md,"[{""source_id"":""datasets\\raw\\kafka-overview.md#1"",""selected_sentence_indices"":[1,2,5,6],""original_tokens"":93,""optimized_tokens"":48},{""source_id"":""datasets\\raw\\kafka-overview.md#2"",""selected_sentence_indices"":[0,2,4],""original_tokens"":90,""optimized_tokens"":58},{""source_id"":""datasets\\raw\\kafka-overview.md#0"",""selected_sentence_indices"":[0,4,5],""original_tokens"":87,""optimized_tokens"":53},{""source_id"":""datasets\\raw\\kafka-overview.md#3"",""selected_sentence_indices"":[0],""original_tokens"":41,""optimized_tokens"":8},{""source_id"":""datasets\\raw\\postgres-mvcc.md#2"",""selected_sentence_indices"":[2,3,5],""original_tokens"":93,""optimized_tokens"":55}]",budget,500
qt040,EXACT_IDENTIFIER,budget-500,What is a replication slot?,5,5,2,386,240,146,0.37823834196891193,1,4,1.6666666666666667,0.29529100004583597,datasets\raw\postgres-replication.md|datasets\raw\postgres-replication.md|datasets\raw\postgres-replication.md|datasets\raw\postgres-replication.md|datasets\raw\kafka-overview.md,"[{""source_id"":""datasets\\raw\\postgres-replication.md#3"",""selected_sentence_indices"":[1,2,3],""original_tokens"":92,""optimized_tokens"":56},{""source_id"":""datasets\\raw\\postgres-replication.md#0"",""selected_sentence_indices"":[0,2,4],""original_tokens"":83,""optimized_tokens"":50},{""source_id"":""datasets\\raw\\postgres-replication.md#4"",""selected_sentence_indices"":[1],""original_tokens"":34,""optimized_tokens"":26},{""source_id"":""datasets\\raw\\postgres-replication.md#1"",""selected_sentence_indices"":[1,2,3],""original_tokens"":87,""optimized_tokens"":77},{""source_id"":""datasets\\raw\\kafka-overview.md#2"",""selected_sentence_indices"":[3,4,5],""original_tokens"":90,""optimized_tokens"":31}]",budget,500
qt041,MULTI_PART,budget-500,"How does streaming replication work, and what can happen if an asynchronous standby has not received the latest WAL?",5,5,2,379,267,112,0.2955145118733509,1,4,1.4981273408239701,0.2802212000824511,datasets\raw\postgres-replication.md|datasets\raw\postgres-replication.md|datasets\raw\postgres-replication.md|datasets\raw\postgres-mvcc.md|datasets\raw\postgres-replication.md,"[{""source_id"":""datasets\\raw\\postgres-replication.md#1"",""selected_sentence_indices"":[1,2,3],""original_tokens"":87,""optimized_tokens"":77},{""source_id"":""datasets\\raw\\postgres-replication.md#0"",""selected_sentence_indices"":[0,2,4],""original_tokens"":83,""optimized_tokens"":50},{""source_id"":""datasets\\raw\\postgres-replication.md#3"",""selected_sentence_indices"":[1,2,3],""original_tokens"":92,""optimized_tokens"":56},{""source_id"":""datasets\\raw\\postgres-mvcc.md#3"",""selected_sentence_indices"":[0],""original_tokens"":26,""optimized_tokens"":26},{""source_id"":""datasets\\raw\\postgres-replication.md#2"",""selected_sentence_indices"":[2,3,4],""original_tokens"":91,""optimized_tokens"":58}]",budget,500
qt042,MULTI_PART,budget-500,"How do snapshots provide MVCC visibility, and how does VACUUM reclaim obsolete versions?",5,5,2,396,195,201,0.5075757575757576,1,4,2.0512820512820515,0.2694988001603633,datasets\raw\postgres-mvcc.md|datasets\raw\postgres-mvcc.md|datasets\raw\postgres-mvcc.md|datasets\raw\postgres-mvcc.md|datasets\raw\postgres-replication.md,"[{""source_id"":""datasets\\raw\\postgres-mvcc.md#2"",""selected_sentence_indices"":[1,2,4],""original_tokens"":93,""optimized_tokens"":42},{""source_id"":""datasets\\raw\\postgres-mvcc.md#0"",""selected_sentence_indices"":[2,3,4],""original_tokens"":91,""optimized_tokens"":46},{""source_id"":""datasets\\raw\\postgres-mvcc.md#1"",""selected_sentence_indices"":[0,1,5],""original_tokens"":94,""optimized_tokens"":32},{""source_id"":""datasets\\raw\\postgres-mvcc.md#3"",""selected_sentence_indices"":[0],""original_tokens"":26,""optimized_tokens"":26},{""source_id"":""datasets\\raw\\postgres-replication.md#3"",""selected_sentence_indices"":[1,3,4],""original_tokens"":92,""optimized_tokens"":49}]",budget,500
qt043,MULTI_PART,budget-500,"How does Kubernetes filter and score nodes, and what happens after a Pod is bound?",5,5,2,411,250,161,0.39172749391727496,1,4,1.6,0.3401794000528753,datasets\raw\kubernetes-scheduling.md|datasets\raw\kubernetes-scheduling.md|datasets\raw\kubernetes-scheduling.md|datasets\raw\kubernetes-scheduling.md|datasets\raw\kafka-overview.md,"[{""source_id"":""datasets\\raw\\kubernetes-scheduling.md#0"",""selected_sentence_indices"":[0,1,2],""original_tokens"":91,""optimized_tokens"":49},{""source_id"":""datasets\\raw\\kubernetes-scheduling.md#2"",""selected_sentence_indices"":[2,3,4,6],""original_tokens"":96,""optimized_tokens"":60},{""source_id"":""datasets\\raw\\kubernetes-scheduling.md#3"",""selected_sentence_indices"":[1],""original_tokens"":37,""optimized_tokens"":26},{""source_id"":""datasets\\raw\\kubernetes-scheduling.md#1"",""selected_sentence_indices"":[1,2,3,4],""original_tokens"":94,""optimized_tokens"":55},{""source_id"":""datasets\\raw\\kafka-overview.md#1"",""selected_sentence_indices"":[1,2,3,6],""original_tokens"":93,""optimized_tokens"":60}]",budget,500
qt044,MULTI_PART,budget-500,"How do Kafka partitions enable parallelism, and how are they replicated across brokers?",5,5,2,345,205,140,0.4057971014492754,1,4,1.9512195121951221,0.3842356998939067,datasets\raw\kafka-overview.md|datasets\raw\kafka-overview.md|datasets\raw\kafka-overview.md|datasets\raw\kafka-overview.md|datasets\raw\postgres-replication.md,"[{""source_id"":""datasets\\raw\\kafka-overview.md#1"",""selected_sentence_indices"":[1,2,3,6],""original_tokens"":93,""optimized_tokens"":60},{""source_id"":""datasets\\raw\\kafka-overview.md#2"",""selected_sentence_indices"":[0,2,4],""original_tokens"":90,""optimized_tokens"":58},{""source_id"":""datasets\\raw\\kafka-overview.md#0"",""selected_sentence_indices"":[0,4,5],""original_tokens"":87,""optimized_tokens"":53},{""source_id"":""datasets\\raw\\kafka-overview.md#3"",""selected_sentence_indices"":[0],""original_tokens"":41,""optimized_tokens"":8},{""source_id"":""datasets\\raw\\postgres-replication.md#4"",""selected_sentence_indices"":[1],""original_tokens"":34,""optimized_tokens"":26}]",budget,500
qt045,MULTI_PART,budget-500,"What improves with synchronous replication, and why can commit latency increase?",5,5,2,386,233,153,0.3963730569948187,1,4,1.7167381974248928,0.3080429001711309,datasets\raw\postgres-replication.md|datasets\raw\postgres-replication.md|datasets\raw\postgres-replication.md|datasets\raw\kafka-overview.md|datasets\raw\postgres-replication.md,"[{""source_id"":""datasets\\raw\\postgres-replication.md#1"",""selected_sentence_indices"":[1,2,3],""original_tokens"":87,""optimized_tokens"":77},{""source_id"":""datasets\\raw\\postgres-replication.md#3"",""selected_sentence_indices"":[1,3,4],""original_tokens"":92,""optimized_tokens"":49},{""source_id"":""datasets\\raw\\postgres-replication.md#0"",""selected_sentence_indices"":[0,2,4],""original_tokens"":83,""optimized_tokens"":50},{""source_id"":""datasets\\raw\\kafka-overview.md#2"",""selected_sentence_indices"":[3,4,5],""original_tokens"":90,""optimized_tokens"":31},{""source_id"":""datasets\\raw\\postgres-replication.md#4"",""selected_sentence_indices"":[1],""original_tokens"":34,""optimized_tokens"":26}]",budget,500
qt046,MULTI_PART,budget-500,"Why do readers usually avoid blocking writers, and when are row locks still used?",5,5,3,454,298,156,0.3436123348017621,1,2,0.6711409395973155,0.3370199999772012,datasets\raw\postgres-mvcc.md|datasets\raw\postgres-mvcc.md|datasets\raw\postgres-replication.md|datasets\raw\kafka-overview.md|datasets\raw\postgres-replication.md,"[{""source_id"":""datasets\\raw\\postgres-mvcc.md#1"",""selected_sentence_indices"":[2,3,4],""original_tokens"":94,""optimized_tokens"":62},{""source_id"":""datasets\\raw\\postgres-mvcc.md#0"",""selected_sentence_indices"":[0,1,4],""original_tokens"":91,""optimized_tokens"":59},{""source_id"":""datasets\\raw\\postgres-replication.md#3"",""selected_sentence_indices"":[1,2,4],""original_tokens"":92,""optimized_tokens"":52},{""source_id"":""datasets\\raw\\kafka-overview.md#2"",""selected_sentence_indices"":[1,2,3],""original_tokens"":90,""optimized_tokens"":48},{""source_id"":""datasets\\raw\\postgres-replication.md#1"",""selected_sentence_indices"":[1,2,3],""original_tokens"":87,""optimized_tokens"":77}]",budget,500
qt047,MULTI_PART,budget-500,"How do taints, tolerations, and node affinity jointly influence Pod placement?",5,5,2,408,252,156,0.38235294117647056,1,4,1.5873015873015872,0.32841619988903403,datasets\raw\kubernetes-scheduling.md|datasets\raw\kubernetes-scheduling.md|datasets\raw\kubernetes-scheduling.md|datasets\raw\kubernetes-scheduling.md|datasets\raw\kafka-overview.md,"[{""source_id"":""datasets\\raw\\kubernetes-scheduling.md#2"",""selected_sentence_indices"":[2,3,4,6],""original_tokens"":96,""optimized_tokens"":60},{""source_id"":""datasets\\raw\\kubernetes-scheduling.md#0"",""selected_sentence_indices"":[0,2,3],""original_tokens"":91,""optimized_tokens"":67},{""source_id"":""datasets\\raw\\kubernetes-scheduling.md#1"",""selected_sentence_indices"":[2,3,4,5],""original_tokens"":94,""optimized_tokens"":57},{""source_id"":""datasets\\raw\\kubernetes-scheduling.md#3"",""selected_sentence_indices"":[1],""original_tokens"":37,""optimized_tokens"":26},{""source_id"":""datasets\\raw\\kafka-overview.md#2"",""selected_sentence_indices"":[0,4,5],""original_tokens"":90,""optimized_tokens"":42}]",budget,500
qt048,MULTI_PART,budget-500,"How do consumer groups distribute partitions, and how can consumers replay old events?",5,5,2,403,221,182,0.45161290322580644,1,4,1.8099547511312217,0.3211282000411302,datasets\raw\kafka-overview.md|datasets\raw\kafka-overview.md|datasets\raw\kafka-overview.md|datasets\raw\kafka-overview.md|datasets\raw\postgres-replication.md,"[{""source_id"":""datasets\\raw\\kafka-overview.md#2"",""selected_sentence_indices"":[0,1,3],""original_tokens"":90,""optimized_tokens"":47},{""source_id"":""datasets\\raw\\kafka-overview.md#1"",""selected_sentence_indices"":[2,3,5,6],""original_tokens"":93,""optimized_tokens"":61},{""source_id"":""datasets\\raw\\kafka-overview.md#3"",""selected_sentence_indices"":[0],""original_tokens"":41,""optimized_tokens"":8},{""source_id"":""datasets\\raw\\kafka-overview.md#0"",""selected_sentence_indices"":[1,3,4],""original_tokens"":87,""optimized_tokens"":49},{""source_id"":""datasets\\raw\\postgres-replication.md#3"",""selected_sentence_indices"":[1,2,3],""original_tokens"":92,""optimized_tokens"":56}]",budget,500
qt049,MULTI_PART,budget-500,"How is a standby promoted, and why is external failover orchestration often used?",5,5,2,394,289,105,0.26649746192893403,1,4,1.3840830449826989,0.3117865000385791,datasets\raw\postgres-replication.md|datasets\raw\postgres-replication.md|datasets\raw\postgres-replication.md|datasets\raw\postgres-replication.md|datasets\raw\kafka-overview.md,"[{""source_id"":""datasets\\raw\\postgres-replication.md#2"",""selected_sentence_indices"":[2,3,4],""original_tokens"":91,""optimized_tokens"":58},{""source_id"":""datasets\\raw\\postgres-replication.md#3"",""selected_sentence_indices"":[0,1,2],""original_tokens"":92,""optimized_tokens"":64},{""source_id"":""datasets\\raw\\postgres-replication.md#1"",""selected_sentence_indices"":[1,2,3],""original_tokens"":87,""optimized_tokens"":77},{""source_id"":""datasets\\raw\\postgres-replication.md#0"",""selected_sentence_indices"":[0,2,3],""original_tokens"":83,""optimized_tokens"":57},{""source_id"":""datasets\\raw\\kafka-overview.md#3"",""selected_sentence_indices"":[1],""original_tokens"":41,""optimized_tokens"":33}]",budget,500
qt050,MULTI_PART,budget-500,"How do resource requests affect scheduling, and how are they different from limits?",5,5,2,408,217,191,0.4681372549019608,1,4,1.8433179723502304,0.3342728998977691,datasets\raw\kubernetes-scheduling.md|datasets\raw\kubernetes-scheduling.md|datasets\raw\kubernetes-scheduling.md|datasets\raw\kubernetes-scheduling.md|datasets\raw\kafka-overview.md,"[{""source_id"":""datasets\\raw\\kubernetes-scheduling.md#1"",""selected_sentence_indices"":[1,4,5,6],""original_tokens"":94,""optimized_tokens"":47},{""source_id"":""datasets\\raw\\kubernetes-scheduling.md#2"",""selected_sentence_indices"":[0,1,4,5],""original_tokens"":96,""optimized_tokens"":55},{""source_id"":""datasets\\raw\\kubernetes-scheduling.md#0"",""selected_sentence_indices"":[0,1,2],""original_tokens"":91,""optimized_tokens"":49},{""source_id"":""datasets\\raw\\kubernetes-scheduling.md#3"",""selected_sentence_indices"":[0],""original_tokens"":37,""optimized_tokens"":11},{""source_id"":""datasets\\raw\\kafka-overview.md#2"",""selected_sentence_indices"":[0,2,5],""original_tokens"":90,""optimized_tokens"":55}]",budget,500
qt001,DIRECT,budget-750,How does PostgreSQL streaming replication work?,5,5,2,389,258,131,0.33676092544987146,1,4,1.5503875968992247,0.3042146998923272,datasets\raw\postgres-replication.md|datasets\raw\postgres-replication.md|datasets\raw\postgres-replication.md|datasets\raw\postgres-replication.md|datasets\raw\postgres-mvcc.md,"[{""source_id"":""datasets\\raw\\postgres-replication.md#0"",""selected_sentence_indices"":[0,2,4],""original_tokens"":83,""optimized_tokens"":50},{""source_id"":""datasets\\raw\\postgres-replication.md#1"",""selected_sentence_indices"":[1,2,3],""original_tokens"":87,""optimized_tokens"":77},{""source_id"":""datasets\\raw\\postgres-replication.md#3"",""selected_sentence_indices"":[1,3,4],""original_tokens"":92,""optimized_tokens"":49},{""source_id"":""datasets\\raw\\postgres-replication.md#4"",""selected_sentence_indices"":[1],""original_tokens"":34,""optimized_tokens"":26},{""source_id"":""datasets\\raw\\postgres-mvcc.md#2"",""selected_sentence_indices"":[1,4,5],""original_tokens"":93,""optimized_tokens"":56}]",budget,750
qt002,DIRECT,budget-750,How does PostgreSQL MVCC determine row visibility?,5,5,2,396,228,168,0.42424242424242425,1,4,1.7543859649122808,0.27466769982129335,datasets\raw\postgres-mvcc.md|datasets\raw\postgres-mvcc.md|datasets\raw\postgres-mvcc.md|datasets\raw\postgres-mvcc.md|datasets\raw\postgres-replication.md,"[{""source_id"":""datasets\\raw\\postgres-mvcc.md#1"",""selected_sentence_indices"":[0,3,5],""original_tokens"":94,""optimized_tokens"":37},{""source_id"":""datasets\\raw\\postgres-mvcc.md#0"",""selected_sentence_indices"":[0,2,3],""original_tokens"":91,""optimized_tokens"":60},{""source_id"":""datasets\\raw\\postgres-mvcc.md#3"",""selected_sentence_indices"":[0],""original_tokens"":26,""optimized_tokens"":26},{""source_id"":""datasets\\raw\\postgres-mvcc.md#2"",""selected_sentence_indices"":[1,4,5],""original_tokens"":93,""optimized_tokens"":56},{""source_id"":""datasets\\raw\\postgres-replication.md#3"",""selected_sentence_indices"":[1,3,4],""original_tokens"":92,""optimized_tokens"":49}]",budget,750
qt003,DIRECT,budget-750,How does Kubernetes select a node for a Pod?,5,5,2,411,237,174,0.4233576642335766,1,4,1.6877637130801686,0.31477459985762835,datasets\raw\kubernetes-scheduling.md|datasets\raw\kubernetes-scheduling.md|datasets\raw\kubernetes-scheduling.md|datasets\raw\kubernetes-scheduling.md|datasets\raw\kafka-overview.md,"[{""source_id"":""datasets\\raw\\kubernetes-scheduling.md#0"",""selected_sentence_indices"":[0,1,2],""original_tokens"":91,""optimized_tokens"":49},{""source_id"":""datasets\\raw\\kubernetes-scheduling.md#2"",""selected_sentence_indices"":[2,3,4,6],""original_tokens"":96,""optimized_tokens"":60},{""source_id"":""datasets\\raw\\kubernetes-scheduling.md#3"",""selected_sentence_indices"":[1],""original_tokens"":37,""optimized_tokens"":26},{""source_id"":""datasets\\raw\\kubernetes-scheduling.md#1"",""selected_sentence_indices"":[1,3,4,5],""original_tokens"":94,""optimized_tokens"":42},{""source_id"":""datasets\\raw\\kafka-overview.md#1"",""selected_sentence_indices"":[1,2,3,6],""original_tokens"":93,""optimized_tokens"":60}]",budget,750
qt004,DIRECT,budget-750,What is Apache Kafka used for?,5,5,2,404,211,193,0.4777227722772277,1,4,1.8957345971563981,0.29996810015290976,datasets\raw\kafka-overview.md|datasets\raw\kafka-overview.md|datasets\raw\kafka-overview.md|datasets\raw\kafka-overview.md|datasets\raw\postgres-mvcc.md,"[{""source_id"":""datasets\\raw\\kafka-overview.md#0"",""selected_sentence_indices"":[0,4,5],""original_tokens"":87,""optimized_tokens"":53},{""source_id"":""datasets\\raw\\kafka-overview.md#1"",""selected_sentence_indices"":[0,1,2,6],""original_tokens"":93,""optimized_tokens"":51},{""source_id"":""datasets\\raw\\kafka-overview.md#3"",""selected_sentence_indices"":[0],""original_tokens"":41,""optimized_tokens"":8},{""source_id"":""datasets\\raw\\kafka-overview.md#2"",""selected_sentence_indices"":[2,4,5],""original_tokens"":90,""optimized_tokens"":44},{""source_id"":""datasets\\raw\\postgres-mvcc.md#2"",""selected_sentence_indices"":[2,3,5],""original_tokens"":93,""optimized_tokens"":55}]",budget,750
qt005,DIRECT,budget-750,What trade-off does synchronous PostgreSQL replication make?,5,5,2,322,228,94,0.2919254658385093,1,4,1.7543859649122808,0.2613421999849379,datasets\raw\postgres-replication.md|datasets\raw\postgres-replication.md|datasets\raw\postgres-replication.md|datasets\raw\postgres-replication.md|datasets\raw\postgres-mvcc.md,"[{""source_id"":""datasets\\raw\\postgres-replication.md#3"",""selected_sentence_indices"":[1,3,4],""original_tokens"":92,""optimized_tokens"":49},{""source_id"":""datasets\\raw\\postgres-replication.md#0"",""selected_sentence_indices"":[0,2,4],""original_tokens"":83,""optimized_tokens"":50},{""source_id"":""datasets\\raw\\postgres-replication.md#1"",""selected_sentence_indices"":[1,2,3],""original_tokens"":87,""optimized_tokens"":77},{""source_id"":""datasets\\raw\\postgres-replication.md#4"",""selected_sentence_indices"":[1],""original_tokens"":34,""optimized_tokens"":26},{""source_id"":""datasets\\raw\\postgres-mvcc.md#3"",""selected_sentence_indices"":[0],""original_tokens"":26,""optimized_tokens"":26}]",budget,750
qt006,DIRECT,budget-750,What does PostgreSQL VACUUM do?,5,5,2,385,250,135,0.35064935064935066,1,3,1.2,0.25441549997776747,datasets\raw\postgres-mvcc.md|datasets\raw\postgres-mvcc.md|datasets\raw\postgres-replication.md|datasets\raw\postgres-replication.md|datasets\raw\postgres-mvcc.md,"[{""source_id"":""datasets\\raw\\postgres-mvcc.md#2"",""selected_sentence_indices"":[1,2,3],""original_tokens"":93,""optimized_tokens"":52},{""source_id"":""datasets\\raw\\postgres-mvcc.md#0"",""selected_sentence_indices"":[0,3,4],""original_tokens"":91,""optimized_tokens"":58},{""source_id"":""datasets\\raw\\postgres-replication.md#3"",""selected_sentence_indices"":[1,2,3],""original_tokens"":92,""optimized_tokens"":56},{""source_id"":""datasets\\raw\\postgres-replication.md#0"",""selected_sentence_indices"":[0,1,2],""original_tokens"":83,""optimized_tokens"":58},{""source_id"":""datasets\\raw\\postgres-mvcc.md#3"",""selected_sentence_indices"":[0],""original_tokens"":26,""optimized_tokens"":26}]",budget,750
qt007,DIRECT,budget-750,How do Kubernetes taints and tolerations affect scheduling?,5,5,2,408,236,172,0.4215686274509804,1,4,1.6949152542372883,0.30901710013858974,datasets\raw\kubernetes-scheduling.md|datasets\raw\kubernetes-scheduling.md|datasets\raw\kubernetes-scheduling.md|datasets\raw\kubernetes-scheduling.md|datasets\raw\kafka-overview.md,"[{""source_id"":""datasets\\raw\\kubernetes-scheduling.md#2"",""selected_sentence_indices"":[1,2,4,6],""original_tokens"":96,""optimized_tokens"":70},{""source_id"":""datasets\\raw\\kubernetes-scheduling.md#0"",""selected_sentence_indices"":[0,1,2],""original_tokens"":91,""optimized_tokens"":49},{""source_id"":""datasets\\raw\\kubernetes-scheduling.md#3"",""selected_sentence_indices"":[1],""original_tokens"":37,""optimized_tokens"":26},{""source_id"":""datasets\\raw\\kubernetes-scheduling.md#1"",""selected_sentence_indices"":[1,4,5,6],""original_tokens"":94,""optimized_tokens"":47},{""source_id"":""datasets\\raw\\kafka-overview.md#2"",""selected_sentence_indices"":[2,4,5],""original_tokens"":90,""optimized_tokens"":44}]",budget,750
qt008,DIRECT,budget-750,How do Kafka consumer groups divide work?,5,5,2,403,223,180,0.4466501240694789,1,4,1.7937219730941705,0.2960381999146193,datasets\raw\kafka-overview.md|datasets\raw\kafka-overview.md|datasets\raw\kafka-overview.md|datasets\raw\kafka-overview.md|datasets\raw\postgres-replication.md,"[{""source_id"":""datasets\\raw\\kafka-overview.md#1"",""selected_sentence_indices"":[1,2,5,6],""original_tokens"":93,""optimized_tokens"":48},{""source_id"":""datasets\\raw\\kafka-overview.md#2"",""selected_sentence_indices"":[0,2,4],""original_tokens"":90,""optimized_tokens"":58},{""source_id"":""datasets\\raw\\kafka-overview.md#0"",""selected_sentence_indices"":[0,4,5],""original_tokens"":87,""optimized_tokens"":53},{""source_id"":""datasets\\raw\\kafka-overview.md#3"",""selected_sentence_indices"":[0],""original_tokens"":41,""optimized_tokens"":8},{""source_id"":""datasets\\raw\\postgres-replication.md#3"",""selected_sentence_indices"":[1,2,3],""original_tokens"":92,""optimized_tokens"":56}]",budget,750
qt009,DIRECT,budget-750,Why can a PostgreSQL replication slot consume disk space?,5,5,2,389,258,131,0.33676092544987146,1,4,1.5503875968992247,0.3137395998928696,datasets\raw\postgres-replication.md|datasets\raw\postgres-replication.md|datasets\raw\postgres-mvcc.md|datasets\raw\postgres-replication.md|datasets\raw\postgres-replication.md,"[{""source_id"":""datasets\\raw\\postgres-replication.md#3"",""selected_sentence_indices"":[1,2,3],""original_tokens"":92,""optimized_tokens"":56},{""source_id"":""datasets\\raw\\postgres-replication.md#4"",""selected_sentence_indices"":[1],""original_tokens"":34,""optimized_tokens"":26},{""source_id"":""datasets\\raw\\postgres-mvcc.md#2"",""selected_sentence_indices"":[1,2,5],""original_tokens"":93,""optimized_tokens"":49},{""source_id"":""datasets\\raw\\postgres-replication.md#0"",""selected_sentence_indices"":[0,2,4],""original_tokens"":83,""optimized_tokens"":50},{""source_id"":""datasets\\raw\\postgres-replication.md#1"",""selected_sentence_indices"":[1,2,3],""original_tokens"":87,""optimized_tokens"":77}]",budget,750
qt010,DIRECT,budget-750,How does logical replication differ from physical streaming replication?,5,5,2,386,233,153,0.3963730569948187,1,4,1.7167381974248928,0.30821149982511997,datasets\raw\postgres-replication.md|datasets\raw\postgres-replication.md|datasets\raw\postgres-replication.md|datasets\raw\postgres-replication.md|datasets\raw\kafka-overview.md,"[{""source_id"":""datasets\\raw\\postgres-replication.md#4"",""selected_sentence_indices"":[1],""original_tokens"":34,""optimized_tokens"":26},{""source_id"":""datasets\\raw\\postgres-replication.md#3"",""selected_sentence_indices"":[1,3,4],""original_tokens"":92,""optimized_tokens"":49},{""source_id"":""datasets\\raw\\postgres-replication.md#1"",""selected_sentence_indices"":[1,2,3],""original_tokens"":87,""optimized_tokens"":77},{""source_id"":""datasets\\raw\\postgres-replication.md#0"",""selected_sentence_indices"":[0,2,4],""original_tokens"":83,""optimized_tokens"":50},{""source_id"":""datasets\\raw\\kafka-overview.md#2"",""selected_sentence_indices"":[3,4,5],""original_tokens"":90,""optimized_tokens"":31}]",budget,750
qt011,PARAPHRASE,budget-750,How can database readers see stable data without making writers wait?,5,5,2,447,285,162,0.3624161073825503,1,2,0.7017543859649122,0.32421549991704524,datasets\raw\postgres-mvcc.md|datasets\raw\postgres-mvcc.md|datasets\raw\postgres-replication.md|datasets\raw\postgres-replication.md|datasets\raw\postgres-replication.md,"[{""source_id"":""datasets\\raw\\postgres-mvcc.md#1"",""selected_sentence_indices"":[1,2,3],""original_tokens"":94,""optimized_tokens"":58},{""source_id"":""datasets\\raw\\postgres-mvcc.md#0"",""selected_sentence_indices"":[0,3,4],""original_tokens"":91,""optimized_tokens"":58},{""source_id"":""datasets\\raw\\postgres-replication.md#0"",""selected_sentence_indices"":[1,2,4],""original_tokens"":83,""optimized_tokens"":45},{""source_id"":""datasets\\raw\\postgres-replication.md#1"",""selected_sentence_indices"":[1,2,3],""original_tokens"":87,""optimized_tokens"":77},{""source_id"":""datasets\\raw\\postgres-replication.md#3"",""selected_sentence_indices"":[2,3,4],""original_tokens"":92,""optimized_tokens"":47}]",budget,750
qt012,PARAPHRASE,budget-750,How are change records shipped and applied to a backup database?,5,5,2,385,244,141,0.36623376623376624,1,2,0.819672131147541,0.26605070009827614,datasets\raw\postgres-mvcc.md|datasets\raw\postgres-mvcc.md|datasets\raw\postgres-mvcc.md|datasets\raw\postgres-replication.md|datasets\raw\postgres-replication.md,"[{""source_id"":""datasets\\raw\\postgres-mvcc.md#0"",""selected_sentence_indices"":[1,2,4],""original_tokens"":91,""optimized_tokens"":47},{""source_id"":""datasets\\raw\\postgres-mvcc.md#3"",""selected_sentence_indices"":[0],""original_tokens"":26,""optimized_tokens"":26},{""source_id"":""datasets\\raw\\postgres-mvcc.md#2"",""selected_sentence_indices"":[1,3,5],""original_tokens"":93,""optimized_tokens"":66},{""source_id"":""datasets\\raw\\postgres-replication.md#0"",""selected_sentence_indices"":[1,2,3],""original_tokens"":83,""optimized_tokens"":52},{""source_id"":""datasets\\raw\\postgres-replication.md#3"",""selected_sentence_indices"":[0,3,4],""original_tokens"":92,""optimized_tokens"":53}]",budget,750
qt013,PARAPHRASE,budget-750,What decides where a newly requested workload runs in a cluster?,5,5,2,410,241,169,0.4121951219512195,1,4,1.6597510373443982,0.30529970000497997,datasets\raw\kubernetes-scheduling.md|datasets\raw\kubernetes-scheduling.md|datasets\raw\kubernetes-scheduling.md|datasets\raw\postgres-replication.md|datasets\raw\kubernetes-scheduling.md,"[{""source_id"":""datasets\\raw\\kubernetes-scheduling.md#2"",""selected_sentence_indices"":[1,3,4,5],""original_tokens"":96,""optimized_tokens"":61},{""source_id"":""datasets\\raw\\kubernetes-scheduling.md#1"",""selected_sentence_indices"":[1,2,4,6],""original_tokens"":94,""optimized_tokens"":60},{""source_id"":""datasets\\raw\\kubernetes-scheduling.md#0"",""selected_sentence_indices"":[0,1,2],""original_tokens"":91,""optimized_tokens"":49},{""source_id"":""datasets\\raw\\postgres-replication.md#3"",""selected_sentence_indices"":[0,2,3],""original_tokens"":92,""optimized_tokens"":60},{""source_id"":""datasets\\raw\\kubernetes-scheduling.md#3"",""selected_sentence_indices"":[0],""original_tokens"":37,""optimized_tokens"":11}]",budget,750
qt014,PARAPHRASE,budget-750,How can separate applications independently reread the same ordered events?,5,5,2,403,231,172,0.4267990074441687,1,4,1.7316017316017316,0.307560799876228,datasets\raw\kafka-overview.md|datasets\raw\kafka-overview.md|datasets\raw\kafka-overview.md|datasets\raw\postgres-replication.md|datasets\raw\kafka-overview.md,"[{""source_id"":""datasets\\raw\\kafka-overview.md#2"",""selected_sentence_indices"":[1,2,4],""original_tokens"":90,""optimized_tokens"":48},{""source_id"":""datasets\\raw\\kafka-overview.md#3"",""selected_sentence_indices"":[0],""original_tokens"":41,""optimized_tokens"":8},{""source_id"":""datasets\\raw\\kafka-overview.md#0"",""selected_sentence_indices"":[0,1,3],""original_tokens"":87,""optimized_tokens"":53},{""source_id"":""datasets\\raw\\postgres-replication.md#3"",""selected_sentence_indices"":[0,1,4],""original_tokens"":92,""optimized_tokens"":57},{""source_id"":""datasets\\raw\\kafka-overview.md#1"",""selected_sentence_indices"":[0,2,3,6],""original_tokens"":93,""optimized_tokens"":65}]",budget,750
qt015,PARAPHRASE,budget-750,Why might old copies of updated rows remain on disk?,5,5,2,404,210,194,0.4801980198019802,1,3,1.4285714285714286,0.31142719998024404,datasets\raw\postgres-mvcc.md|datasets\raw\postgres-mvcc.md|datasets\raw\postgres-mvcc.md|datasets\raw\postgres-replication.md|datasets\raw\postgres-replication.md,"[{""source_id"":""datasets\\raw\\postgres-mvcc.md#0"",""selected_sentence_indices"":[1,2,3],""original_tokens"":91,""optimized_tokens"":49},{""source_id"":""datasets\\raw\\postgres-mvcc.md#1"",""selected_sentence_indices"":[0,2,5],""original_tokens"":94,""optimized_tokens"":43},{""source_id"":""datasets\\raw\\postgres-mvcc.md#2"",""selected_sentence_indices"":[0,1,5],""original_tokens"":93,""optimized_tokens"":45},{""source_id"":""datasets\\raw\\postgres-replication.md#3"",""selected_sentence_indices"":[2,3,4],""original_tokens"":92,""optimized_tokens"":47},{""source_id"":""datasets\\raw\\postgres-replication.md#4"",""selected_sentence_indices"":[1],""original_tokens"":34,""optimized_tokens"":26}]",budget,750
qt016,PARAPHRASE,budget-750,How does the cluster avoid placing a workload on an unsuitable machine?,5,5,3,466,311,155,0.33261802575107297,1,3,0.9646302250803859,0.3268315999303013,datasets\raw\kubernetes-scheduling.md|datasets\raw\kubernetes-scheduling.md|datasets\raw\kubernetes-scheduling.md|datasets\raw\postgres-replication.md|datasets\raw\kafka-overview.md,"[{""source_id"":""datasets\\raw\\kubernetes-scheduling.md#2"",""selected_sentence_indices"":[1,2,4,5],""original_tokens"":96,""optimized_tokens"":74},{""source_id"":""datasets\\raw\\kubernetes-scheduling.md#0"",""selected_sentence_indices"":[0,2,3],""original_tokens"":91,""optimized_tokens"":67},{""source_id"":""datasets\\raw\\kubernetes-scheduling.md#1"",""selected_sentence_indices"":[1,2,5,6],""original_tokens"":94,""optimized_tokens"":56},{""source_id"":""datasets\\raw\\postgres-replication.md#3"",""selected_sentence_indices"":[0,1,2],""original_tokens"":92,""optimized_tokens"":64},{""source_id"":""datasets\\raw\\kafka-overview.md#1"",""selected_sentence_indices"":[0,1,2,3],""original_tokens"":93,""optimized_tokens"":50}]",budget,750
qt017,PARAPHRASE,budget-750,How is an event log spread across servers for parallelism and resilience?,5,5,2,393,209,184,0.4681933842239186,1,3,1.4354066985645935,2.357352200197056,datasets\raw\kafka-overview.md|datasets\raw\kafka-overview.md|datasets\raw\kafka-overview.md|datasets\raw\postgres-replication.md|datasets\raw\postgres-replication.md,"[{""source_id"":""datasets\\raw\\kafka-overview.md#3"",""selected_sentence_indices"":[0],""original_tokens"":41,""optimized_tokens"":8},{""source_id"":""datasets\\raw\\kafka-overview.md#2"",""selected_sentence_indices"":[1,4,5],""original_tokens"":90,""optimized_tokens"":32},{""source_id"":""datasets\\raw\\kafka-overview.md#0"",""selected_sentence_indices"":[0,3,4],""original_tokens"":87,""optimized_tokens"":60},{""source_id"":""datasets\\raw\\postgres-replication.md#0"",""selected_sentence_indices"":[0,1,4],""original_tokens"":83,""optimized_tokens"":48},{""source_id"":""datasets\\raw\\postgres-replication.md#3"",""selected_sentence_indices"":[0,1,3],""original_tokens"":92,""optimized_tokens"":61}]",budget,750
qt018,PARAPHRASE,budget-750,What happens when the main database disappears and a copy must take writes?,5,5,2,450,286,164,0.36444444444444446,1,3,1.048951048951049,3.2552559000905603,datasets\raw\postgres-replication.md|datasets\raw\postgres-replication.md|datasets\raw\postgres-mvcc.md|datasets\raw\postgres-mvcc.md|datasets\raw\postgres-replication.md,"[{""source_id"":""datasets\\raw\\postgres-replication.md#3"",""selected_sentence_indices"":[1,2,3],""original_tokens"":92,""optimized_tokens"":56},{""source_id"":""datasets\\raw\\postgres-replication.md#2"",""selected_sentence_indices"":[2,3,4],""original_tokens"":91,""optimized_tokens"":58},{""source_id"":""datasets\\raw\\postgres-mvcc.md#2"",""selected_sentence_indices"":[1,4,5],""original_tokens"":93,""optimized_tokens"":56},{""source_id"":""datasets\\raw\\postgres-mvcc.md#0"",""selected_sentence_indices"":[0,2,4],""original_tokens"":91,""optimized_tokens"":58},{""source_id"":""datasets\\raw\\postgres-replication.md#0"",""selected_sentence_indices"":[0,1,2],""original_tokens"":83,""optimized_tokens"":58}]",budget,750
qt019,PARAPHRASE,budget-750,Why do declared resources matter more than momentary usage for workload placement?,5,5,3,466,299,167,0.3583690987124464,1,3,1.0033444816053512,1.0406956998631358,datasets\raw\kubernetes-scheduling.md|datasets\raw\kubernetes-scheduling.md|datasets\raw\kubernetes-scheduling.md|datasets\raw\postgres-mvcc.md|datasets\raw\postgres-replication.md,"[{""source_id"":""datasets\\raw\\kubernetes-scheduling.md#1"",""selected_sentence_indices"":[2,4,5,6],""original_tokens"":94,""optimized_tokens"":62},{""source_id"":""datasets\\raw\\kubernetes-scheduling.md#2"",""selected_sentence_indices"":[0,1,4,5],""original_tokens"":96,""optimized_tokens"":55},{""source_id"":""datasets\\raw\\kubernetes-scheduling.md#0"",""selected_sentence_indices"":[0,2,3],""original_tokens"":91,""optimized_tokens"":67},{""source_id"":""datasets\\raw\\postgres-mvcc.md#2"",""selected_sentence_indices"":[2,3,5],""original_tokens"":93,""optimized_tokens"":55},{""source_id"":""datasets\\raw\\postgres-replication.md#3"",""selected_sentence_indices"":[0,2,3],""original_tokens"":92,""optimized_tokens"":60}]",budget,750
qt020,PARAPHRASE,budget-750,How can a stream reader go back and process earlier records again?,5,5,3,445,294,151,0.3393258426966292,1,1,0.3401360544217687,0.3181012999266386,datasets\raw\postgres-replication.md|datasets\raw\postgres-replication.md|datasets\raw\postgres-mvcc.md|datasets\raw\postgres-replication.md|datasets\raw\kafka-overview.md,"[{""source_id"":""datasets\\raw\\postgres-replication.md#1"",""selected_sentence_indices"":[1,2,3],""original_tokens"":87,""optimized_tokens"":77},{""source_id"":""datasets\\raw\\postgres-replication.md#0"",""selected_sentence_indices"":[1,3,4],""original_tokens"":83,""optimized_tokens"":42},{""source_id"":""datasets\\raw\\postgres-mvcc.md#2"",""selected_sentence_indices"":[1,3,5],""original_tokens"":93,""optimized_tokens"":66},{""source_id"":""datasets\\raw\\postgres-replication.md#3"",""selected_sentence_indices"":[0,1,3],""original_tokens"":92,""optimized_tokens"":61},{""source_id"":""datasets\\raw\\kafka-overview.md#2"",""selected_sentence_indices"":[1,2,3],""original_tokens"":90,""optimized_tokens"":48}]",budget,750
qt021,VAGUE,budget-750,Why are old versions not getting cleaned up?,5,5,2,404,185,219,0.5420792079207921,1,3,1.6216216216216215,0.28720469982363284,datasets\raw\postgres-mvcc.md|datasets\raw\postgres-mvcc.md|datasets\raw\postgres-mvcc.md|datasets\raw\postgres-replication.md|datasets\raw\postgres-replication.md,"[{""source_id"":""datasets\\raw\\postgres-mvcc.md#2"",""selected_sentence_indices"":[0,1,2],""original_tokens"":93,""optimized_tokens"":31},{""source_id"":""datasets\\raw\\postgres-mvcc.md#1"",""selected_sentence_indices"":[0,1,5],""original_tokens"":94,""optimized_tokens"":32},{""source_id"":""datasets\\raw\\postgres-mvcc.md#0"",""selected_sentence_indices"":[1,2,3],""original_tokens"":91,""optimized_tokens"":49},{""source_id"":""datasets\\raw\\postgres-replication.md#4"",""selected_sentence_indices"":[1],""original_tokens"":34,""optimized_tokens"":26},{""source_id"":""datasets\\raw\\postgres-replication.md#3"",""selected_sentence_indices"":[2,3,4],""original_tokens"":92,""optimized_tokens"":47}]",budget,750
qt022,VAGUE,budget-750,Why is the replica falling behind?,5,5,2,386,192,194,0.5025906735751295,1,4,2.0833333333333335,0.29329640022479,datasets\raw\postgres-replication.md|datasets\raw\postgres-replication.md|datasets\raw\postgres-replication.md|datasets\raw\postgres-replication.md|datasets\raw\kafka-overview.md,"[{""source_id"":""datasets\\raw\\postgres-replication.md#1"",""selected_sentence_indices"":[1,3,4],""original_tokens"":87,""optimized_tokens"":50},{""source_id"":""datasets\\raw\\postgres-replication.md#3"",""selected_sentence_indices"":[1,2,3],""original_tokens"":92,""optimized_tokens"":56},{""source_id"":""datasets\\raw\\postgres-replication.md#0"",""selected_sentence_indices"":[0,3,4],""original_tokens"":83,""optimized_tokens"":47},{""source_id"":""datasets\\raw\\postgres-replication.md#4"",""selected_sentence_indices"":[0],""original_tokens"":34,""optimized_tokens"":8},{""source_id"":""datasets\\raw\\kafka-overview.md#2"",""selected_sentence_indices"":[3,4,5],""original_tokens"":90,""optimized_tokens"":31}]",budget,750
qt023,VAGUE,budget-750,Why is my workload still pending?,5,5,2,405,237,168,0.4148148148148148,1,4,1.6877637130801686,0.30159700009971857,datasets\raw\kubernetes-scheduling.md|datasets\raw\kubernetes-scheduling.md|datasets\raw\kubernetes-scheduling.md|datasets\raw\postgres-replication.md|datasets\raw\kubernetes-scheduling.md,"[{""source_id"":""datasets\\raw\\kubernetes-scheduling.md#0"",""selected_sentence_indices"":[0,1,2],""original_tokens"":91,""optimized_tokens"":49},{""source_id"":""datasets\\raw\\kubernetes-scheduling.md#1"",""selected_sentence_indices"":[1,2,4,6],""original_tokens"":94,""optimized_tokens"":60},{""source_id"":""datasets\\raw\\kubernetes-scheduling.md#2"",""selected_sentence_indices"":[0,1,4,5],""original_tokens"":96,""optimized_tokens"":55},{""source_id"":""datasets\\raw\\postgres-replication.md#1"",""selected_sentence_indices"":[0,1,2],""original_tokens"":87,""optimized_tokens"":62},{""source_id"":""datasets\\raw\\kubernetes-scheduling.md#3"",""selected_sentence_indices"":[0],""original_tokens"":37,""optimized_tokens"":11}]",budget,750
qt024,VAGUE,budget-750,How can I read the same messages again?,5,5,3,399,214,185,0.46365914786967416,1,2,0.9345794392523364,0.2948690000921488,datasets\raw\kafka-overview.md|datasets\raw\postgres-mvcc.md|datasets\raw\kafka-overview.md|datasets\raw\postgres-mvcc.md|datasets\raw\postgres-replication.md,"[{""source_id"":""datasets\\raw\\kafka-overview.md#2"",""selected_sentence_indices"":[1,2,3],""original_tokens"":90,""optimized_tokens"":48},{""source_id"":""datasets\\raw\\postgres-mvcc.md#1"",""selected_sentence_indices"":[1,2,3],""original_tokens"":94,""optimized_tokens"":58},{""source_id"":""datasets\\raw\\kafka-overview.md#3"",""selected_sentence_indices"":[0],""original_tokens"":41,""optimized_tokens"":8},{""source_id"":""datasets\\raw\\postgres-mvcc.md#0"",""selected_sentence_indices"":[0,2,4],""original_tokens"":91,""optimized_tokens"":58},{""source_id"":""datasets\\raw\\postgres-replication.md#0"",""selected_sentence_indices"":[1,3,4],""original_tokens"":83,""optimized_tokens"":42}]",budget,750
qt025,VAGUE,budget-750,Why is commit slower now?,5,5,2,389,249,140,0.35989717223650386,1,2,0.8032128514056224,0.2562909999396652,datasets\raw\postgres-mvcc.md|datasets\raw\postgres-mvcc.md|datasets\raw\postgres-replication.md|datasets\raw\postgres-mvcc.md|datasets\raw\postgres-replication.md,"[{""source_id"":""datasets\\raw\\postgres-mvcc.md#1"",""selected_sentence_indices"":[1,2,4],""original_tokens"":94,""optimized_tokens"":57},{""source_id"":""datasets\\raw\\postgres-mvcc.md#0"",""selected_sentence_indices"":[0,2,4],""original_tokens"":91,""optimized_tokens"":58},{""source_id"":""datasets\\raw\\postgres-replication.md#1"",""selected_sentence_indices"":[0,2,3],""original_tokens"":87,""optimized_tokens"":59},{""source_id"":""datasets\\raw\\postgres-mvcc.md#3"",""selected_sentence_indices"":[0],""original_tokens"":26,""optimized_tokens"":26},{""source_id"":""datasets\\raw\\postgres-replication.md#2"",""selected_sentence_indices"":[0,1,3],""original_tokens"":91,""optimized_tokens"":49}]",budget,750
qt026,VAGUE,budget-750,Why do reads keep changing between statements?,5,5,2,386,232,154,0.39896373056994816,1,3,1.293103448275862,0.2639665000606328,datasets\raw\postgres-mvcc.md|datasets\raw\postgres-mvcc.md|datasets\raw\postgres-mvcc.md|datasets\raw\postgres-replication.md|datasets\raw\postgres-replication.md,"[{""source_id"":""datasets\\raw\\postgres-mvcc.md#1"",""selected_sentence_indices"":[1,2,3],""original_tokens"":94,""optimized_tokens"":58},{""source_id"":""datasets\\raw\\postgres-mvcc.md#0"",""selected_sentence_indices"":[0,1,4],""original_tokens"":91,""optimized_tokens"":59},{""source_id"":""datasets\\raw\\postgres-mvcc.md#3"",""selected_sentence_indices"":[0],""original_tokens"":26,""optimized_tokens"":26},{""source_id"":""datasets\\raw\\postgres-replication.md#3"",""selected_sentence_indices"":[2,3,4],""original_tokens"":92,""optimized_tokens"":47},{""source_id"":""datasets\\raw\\postgres-replication.md#0"",""selected_sentence_indices"":[1,3,4],""original_tokens"":83,""optimized_tokens"":42}]",budget,750
qt027,VAGUE,budget-750,Why won't this workload run on that machine?,5,5,2,405,243,162,0.4,1,4,1.6460905349794237,0.3125861999578774,datasets\raw\kubernetes-scheduling.md|datasets\raw\kubernetes-scheduling.md|datasets\raw\kubernetes-scheduling.md|datasets\raw\kubernetes-scheduling.md|datasets\raw\postgres-replication.md,"[{""source_id"":""datasets\\raw\\kubernetes-scheduling.md#0"",""selected_sentence_indices"":[0,2,3],""original_tokens"":91,""optimized_tokens"":67},{""source_id"":""datasets\\raw\\kubernetes-scheduling.md#3"",""selected_sentence_indices"":[0],""original_tokens"":37,""optimized_tokens"":11},{""source_id"":""datasets\\raw\\kubernetes-scheduling.md#1"",""selected_sentence_indices"":[0,1,4,5],""original_tokens"":94,""optimized_tokens"":48},{""source_id"":""datasets\\raw\\kubernetes-scheduling.md#2"",""selected_sentence_indices"":[0,1,4,5],""original_tokens"":96,""optimized_tokens"":55},{""source_id"":""datasets\\raw\\postgres-replication.md#1"",""selected_sentence_indices"":[0,1,2],""original_tokens"":87,""optimized_tokens"":62}]",budget,750
qt028,VAGUE,budget-750,Why isn't one reader handling every partition?,5,5,2,405,232,173,0.4271604938271605,1,4,1.7241379310344829,0.3006679001264274,datasets\raw\kafka-overview.md|datasets\raw\kafka-overview.md|datasets\raw\postgres-mvcc.md|datasets\raw\kafka-overview.md|datasets\raw\kafka-overview.md,"[{""source_id"":""datasets\\raw\\kafka-overview.md#2"",""selected_sentence_indices"":[0,1,2],""original_tokens"":90,""optimized_tokens"":60},{""source_id"":""datasets\\raw\\kafka-overview.md#1"",""selected_sentence_indices"":[0,2,3,6],""original_tokens"":93,""optimized_tokens"":65},{""source_id"":""datasets\\raw\\postgres-mvcc.md#1"",""selected_sentence_indices"":[1,2,3],""original_tokens"":94,""optimized_tokens"":58},{""source_id"":""datasets\\raw\\kafka-overview.md#3"",""selected_sentence_indices"":[0],""original_tokens"":41,""optimized_tokens"":8},{""source_id"":""datasets\\raw\\kafka-overview.md#0"",""selected_sentence_indices"":[2,3,4],""original_tokens"":87,""optimized_tokens"":41}]",budget,750
qt029,VAGUE,budget-750,Why is the log filling the disk?,5,5,3,399,179,220,0.5513784461152882,1,2,1.1173184357541899,0.29471300006844103,datasets\raw\kafka-overview.md|datasets\raw\postgres-mvcc.md|datasets\raw\kafka-overview.md|datasets\raw\postgres-replication.md|datasets\raw\postgres-replication.md,"[{""source_id"":""datasets\\raw\\kafka-overview.md#3"",""selected_sentence_indices"":[0],""original_tokens"":41,""optimized_tokens"":8},{""source_id"":""datasets\\raw\\postgres-mvcc.md#2"",""selected_sentence_indices"":[0,1,2],""original_tokens"":93,""optimized_tokens"":31},{""source_id"":""datasets\\raw\\kafka-overview.md#2"",""selected_sentence_indices"":[0,4,5],""original_tokens"":90,""optimized_tokens"":42},{""source_id"":""datasets\\raw\\postgres-replication.md#0"",""selected_sentence_indices"":[1,3,4],""original_tokens"":83,""optimized_tokens"":42},{""source_id"":""datasets\\raw\\postgres-replication.md#3"",""selected_sentence_indices"":[1,2,3],""original_tokens"":92,""optimized_tokens"":56}]",budget,750
qt030,VAGUE,budget-750,Who actually starts the containers?,5,5,2,411,188,223,0.5425790754257908,1,4,2.127659574468085,0.3128860997967422,datasets\raw\kubernetes-scheduling.md|datasets\raw\kubernetes-scheduling.md|datasets\raw\kubernetes-scheduling.md|datasets\raw\kubernetes-scheduling.md|datasets\raw\kafka-overview.md,"[{""source_id"":""datasets\\raw\\kubernetes-scheduling.md#3"",""selected_sentence_indices"":[0],""original_tokens"":37,""optimized_tokens"":11},{""source_id"":""datasets\\raw\\kubernetes-scheduling.md#2"",""selected_sentence_indices"":[0,2,5,6],""original_tokens"":96,""optimized_tokens"":48},{""source_id"":""datasets\\raw\\kubernetes-scheduling.md#0"",""selected_sentence_indices"":[0,2,4],""original_tokens"":91,""optimized_tokens"":33},{""source_id"":""datasets\\raw\\kubernetes-scheduling.md#1"",""selected_sentence_indices"":[1,4,5,6],""original_tokens"":94,""optimized_tokens"":47},{""source_id"":""datasets\\raw\\kafka-overview.md#1"",""selected_sentence_indices"":[1,3,4,5],""original_tokens"":93,""optimized_tokens"":49}]",budget,750
qt031,EXACT_IDENTIFIER,budget-750,What does WAL do in PostgreSQL streaming replication?,5,5,2,381,265,116,0.30446194225721784,1,3,1.1320754716981132,0.2607752999756485,datasets\raw\postgres-replication.md|datasets\raw\postgres-replication.md|datasets\raw\postgres-replication.md|datasets\raw\postgres-mvcc.md|datasets\raw\postgres-mvcc.md,"[{""source_id"":""datasets\\raw\\postgres-replication.md#0"",""selected_sentence_indices"":[0,2,4],""original_tokens"":83,""optimized_tokens"":50},{""source_id"":""datasets\\raw\\postgres-replication.md#1"",""selected_sentence_indices"":[1,2,3],""original_tokens"":87,""optimized_tokens"":77},{""source_id"":""datasets\\raw\\postgres-replication.md#3"",""selected_sentence_indices"":[1,2,3],""original_tokens"":92,""optimized_tokens"":56},{""source_id"":""datasets\\raw\\postgres-mvcc.md#3"",""selected_sentence_indices"":[0],""original_tokens"":26,""optimized_tokens"":26},{""source_id"":""datasets\\raw\\postgres-mvcc.md#2"",""selected_sentence_indices"":[1,4,5],""original_tokens"":93,""optimized_tokens"":56}]",budget,750
qt032,EXACT_IDENTIFIER,budget-750,What does MVCC provide in PostgreSQL?,5,5,2,387,255,132,0.34108527131782945,1,4,1.5686274509803924,0.26762229995802045,datasets\raw\postgres-mvcc.md|datasets\raw\postgres-mvcc.md|datasets\raw\postgres-mvcc.md|datasets\raw\postgres-mvcc.md|datasets\raw\postgres-replication.md,"[{""source_id"":""datasets\\raw\\postgres-mvcc.md#3"",""selected_sentence_indices"":[0],""original_tokens"":26,""optimized_tokens"":26},{""source_id"":""datasets\\raw\\postgres-mvcc.md#0"",""selected_sentence_indices"":[0,3,4],""original_tokens"":91,""optimized_tokens"":58},{""source_id"":""datasets\\raw\\postgres-mvcc.md#1"",""selected_sentence_indices"":[2,3,5],""original_tokens"":94,""optimized_tokens"":57},{""source_id"":""datasets\\raw\\postgres-mvcc.md#2"",""selected_sentence_indices"":[1,4,5],""original_tokens"":93,""optimized_tokens"":56},{""source_id"":""datasets\\raw\\postgres-replication.md#0"",""selected_sentence_indices"":[0,1,2],""original_tokens"":83,""optimized_tokens"":58}]",budget,750
qt033,EXACT_IDENTIFIER,budget-750,What does VACUUM do with obsolete row versions?,5,5,2,404,189,215,0.5321782178217822,1,3,1.5873015873015874,0.33773530018515885,datasets\raw\postgres-mvcc.md|datasets\raw\postgres-mvcc.md|datasets\raw\postgres-mvcc.md|datasets\raw\postgres-replication.md|datasets\raw\postgres-replication.md,"[{""source_id"":""datasets\\raw\\postgres-mvcc.md#2"",""selected_sentence_indices"":[0,1,2],""original_tokens"":93,""optimized_tokens"":31},{""source_id"":""datasets\\raw\\postgres-mvcc.md#1"",""selected_sentence_indices"":[0,4,5],""original_tokens"":94,""optimized_tokens"":36},{""source_id"":""datasets\\raw\\postgres-mvcc.md#0"",""selected_sentence_indices"":[1,2,3],""original_tokens"":91,""optimized_tokens"":49},{""source_id"":""datasets\\raw\\postgres-replication.md#4"",""selected_sentence_indices"":[1],""original_tokens"":34,""optimized_tokens"":26},{""source_id"":""datasets\\raw\\postgres-replication.md#3"",""selected_sentence_indices"":[2,3,4],""original_tokens"":92,""optimized_tokens"":47}]",budget,750
qt034,EXACT_IDENTIFIER,budget-750,How does Read Committed choose snapshots?,5,5,3,445,270,175,0.39325842696629215,1,2,0.7407407407407407,0.32662229984998703,datasets\raw\postgres-mvcc.md|datasets\raw\postgres-mvcc.md|datasets\raw\postgres-replication.md|datasets\raw\kafka-overview.md|datasets\raw\postgres-replication.md,"[{""source_id"":""datasets\\raw\\postgres-mvcc.md#0"",""selected_sentence_indices"":[2,3,4],""original_tokens"":91,""optimized_tokens"":46},{""source_id"":""datasets\\raw\\postgres-mvcc.md#1"",""selected_sentence_indices"":[1,2,3],""original_tokens"":94,""optimized_tokens"":58},{""source_id"":""datasets\\raw\\postgres-replication.md#1"",""selected_sentence_indices"":[1,2,3],""original_tokens"":87,""optimized_tokens"":77},{""source_id"":""datasets\\raw\\kafka-overview.md#2"",""selected_sentence_indices"":[2,3,4],""original_tokens"":90,""optimized_tokens"":47},{""source_id"":""datasets\\raw\\postgres-replication.md#0"",""selected_sentence_indices"":[1,3,4],""original_tokens"":83,""optimized_tokens"":42}]",budget,750
qt035,EXACT_IDENTIFIER,budget-750,How does Repeatable Read use a snapshot?,5,5,3,450,243,207,0.46,1,2,0.8230452674897119,0.30897919996641576,datasets\raw\postgres-mvcc.md|datasets\raw\postgres-mvcc.md|datasets\raw\postgres-replication.md|datasets\raw\kafka-overview.md|datasets\raw\postgres-replication.md,"[{""source_id"":""datasets\\raw\\postgres-mvcc.md#1"",""selected_sentence_indices"":[1,2,3],""original_tokens"":94,""optimized_tokens"":58},{""source_id"":""datasets\\raw\\postgres-mvcc.md#0"",""selected_sentence_indices"":[2,3,4],""original_tokens"":91,""optimized_tokens"":46},{""source_id"":""datasets\\raw\\postgres-replication.md#0"",""selected_sentence_indices"":[1,3,4],""original_tokens"":83,""optimized_tokens"":42},{""source_id"":""datasets\\raw\\kafka-overview.md#2"",""selected_sentence_indices"":[1,2,3],""original_tokens"":90,""optimized_tokens"":48},{""source_id"":""datasets\\raw\\postgres-replication.md#3"",""selected_sentence_indices"":[1,3,4],""original_tokens"":92,""optimized_tokens"":49}]",budget,750
qt036,EXACT_IDENTIFIER,budget-750,What does node affinity do for a Pod?,5,5,2,411,237,174,0.4233576642335766,1,4,1.6877637130801686,0.29416039981879294,datasets\raw\kubernetes-scheduling.md|datasets\raw\kubernetes-scheduling.md|datasets\raw\kubernetes-scheduling.md|datasets\raw\kubernetes-scheduling.md|datasets\raw\kafka-overview.md,"[{""source_id"":""datasets\\raw\\kubernetes-scheduling.md#2"",""selected_sentence_indices"":[2,3,4,6],""original_tokens"":96,""optimized_tokens"":60},{""source_id"":""datasets\\raw\\kubernetes-scheduling.md#0"",""selected_sentence_indices"":[0,1,2],""original_tokens"":91,""optimized_tokens"":49},{""source_id"":""datasets\\raw\\kubernetes-scheduling.md#3"",""selected_sentence_indices"":[1],""original_tokens"":37,""optimized_tokens"":26},{""source_id"":""datasets\\raw\\kubernetes-scheduling.md#1"",""selected_sentence_indices"":[1,3,4,5],""original_tokens"":94,""optimized_tokens"":42},{""source_id"":""datasets\\raw\\kafka-overview.md#1"",""selected_sentence_indices"":[1,2,3,6],""original_tokens"":93,""optimized_tokens"":60}]",budget,750
qt037,EXACT_IDENTIFIER,budget-750,What does kubelet do after Pod binding?,5,5,2,355,187,168,0.4732394366197183,1,3,1.6042780748663101,0.29406889993697405,datasets\raw\kubernetes-scheduling.md|datasets\raw\kubernetes-scheduling.md|datasets\raw\kubernetes-scheduling.md|datasets\raw\kafka-overview.md|datasets\raw\kafka-overview.md,"[{""source_id"":""datasets\\raw\\kubernetes-scheduling.md#2"",""selected_sentence_indices"":[2,3,4,6],""original_tokens"":96,""optimized_tokens"":60},{""source_id"":""datasets\\raw\\kubernetes-scheduling.md#3"",""selected_sentence_indices"":[1],""original_tokens"":37,""optimized_tokens"":26},{""source_id"":""datasets\\raw\\kubernetes-scheduling.md#0"",""selected_sentence_indices"":[0,1,2],""original_tokens"":91,""optimized_tokens"":49},{""source_id"":""datasets\\raw\\kafka-overview.md#3"",""selected_sentence_indices"":[0],""original_tokens"":41,""optimized_tokens"":8},{""source_id"":""datasets\\raw\\kafka-overview.md#2"",""selected_sentence_indices"":[2,4,5],""original_tokens"":90,""optimized_tokens"":44}]",budget,750
qt038,EXACT_IDENTIFIER,budget-750,What is a Kafka topic partition?,5,5,2,345,168,177,0.5130434782608696,1,4,2.380952380952381,0.2909631000366062,datasets\raw\kafka-overview.md|datasets\raw\kafka-overview.md|datasets\raw\kafka-overview.md|datasets\raw\kafka-overview.md|datasets\raw\postgres-replication.md,"[{""source_id"":""datasets\\raw\\kafka-overview.md#0"",""selected_sentence_indices"":[2,4,5],""original_tokens"":87,""optimized_tokens"":34},{""source_id"":""datasets\\raw\\kafka-overview.md#1"",""selected_sentence_indices"":[1,2,3,6],""original_tokens"":93,""optimized_tokens"":60},{""source_id"":""datasets\\raw\\kafka-overview.md#2"",""selected_sentence_indices"":[0,2,4],""original_tokens"":90,""optimized_tokens"":58},{""source_id"":""datasets\\raw\\kafka-overview.md#3"",""selected_sentence_indices"":[0],""original_tokens"":41,""optimized_tokens"":8},{""source_id"":""datasets\\raw\\postgres-replication.md#4"",""selected_sentence_indices"":[0],""original_tokens"":34,""optimized_tokens"":8}]",budget,750
qt039,EXACT_IDENTIFIER,budget-750,What does a Kafka consumer group do?,5,5,2,404,222,182,0.4504950495049505,1,4,1.8018018018018016,0.303640800062567,datasets\raw\kafka-overview.md|datasets\raw\kafka-overview.md|datasets\raw\kafka-overview.md|datasets\raw\kafka-overview.md|datasets\raw\postgres-mvcc.md,"[{""source_id"":""datasets\\raw\\kafka-overview.md#1"",""selected_sentence_indices"":[1,2,5,6],""original_tokens"":93,""optimized_tokens"":48},{""source_id"":""datasets\\raw\\kafka-overview.md#2"",""selected_sentence_indices"":[0,2,4],""original_tokens"":90,""optimized_tokens"":58},{""source_id"":""datasets\\raw\\kafka-overview.md#0"",""selected_sentence_indices"":[0,4,5],""original_tokens"":87,""optimized_tokens"":53},{""source_id"":""datasets\\raw\\kafka-overview.md#3"",""selected_sentence_indices"":[0],""original_tokens"":41,""optimized_tokens"":8},{""source_id"":""datasets\\raw\\postgres-mvcc.md#2"",""selected_sentence_indices"":[2,3,5],""original_tokens"":93,""optimized_tokens"":55}]",budget,750
qt040,EXACT_IDENTIFIER,budget-750,What is a replication slot?,5,5,2,386,240,146,0.37823834196891193,1,4,1.6666666666666667,0.29941400000825524,datasets\raw\postgres-replication.md|datasets\raw\postgres-replication.md|datasets\raw\postgres-replication.md|datasets\raw\postgres-replication.md|datasets\raw\kafka-overview.md,"[{""source_id"":""datasets\\raw\\postgres-replication.md#3"",""selected_sentence_indices"":[1,2,3],""original_tokens"":92,""optimized_tokens"":56},{""source_id"":""datasets\\raw\\postgres-replication.md#0"",""selected_sentence_indices"":[0,2,4],""original_tokens"":83,""optimized_tokens"":50},{""source_id"":""datasets\\raw\\postgres-replication.md#4"",""selected_sentence_indices"":[1],""original_tokens"":34,""optimized_tokens"":26},{""source_id"":""datasets\\raw\\postgres-replication.md#1"",""selected_sentence_indices"":[1,2,3],""original_tokens"":87,""optimized_tokens"":77},{""source_id"":""datasets\\raw\\kafka-overview.md#2"",""selected_sentence_indices"":[3,4,5],""original_tokens"":90,""optimized_tokens"":31}]",budget,750
qt041,MULTI_PART,budget-750,"How does streaming replication work, and what can happen if an asynchronous standby has not received the latest WAL?",5,5,2,379,267,112,0.2955145118733509,1,4,1.4981273408239701,0.3634938998147845,datasets\raw\postgres-replication.md|datasets\raw\postgres-replication.md|datasets\raw\postgres-replication.md|datasets\raw\postgres-mvcc.md|datasets\raw\postgres-replication.md,"[{""source_id"":""datasets\\raw\\postgres-replication.md#1"",""selected_sentence_indices"":[1,2,3],""original_tokens"":87,""optimized_tokens"":77},{""source_id"":""datasets\\raw\\postgres-replication.md#0"",""selected_sentence_indices"":[0,2,4],""original_tokens"":83,""optimized_tokens"":50},{""source_id"":""datasets\\raw\\postgres-replication.md#3"",""selected_sentence_indices"":[1,2,3],""original_tokens"":92,""optimized_tokens"":56},{""source_id"":""datasets\\raw\\postgres-mvcc.md#3"",""selected_sentence_indices"":[0],""original_tokens"":26,""optimized_tokens"":26},{""source_id"":""datasets\\raw\\postgres-replication.md#2"",""selected_sentence_indices"":[2,3,4],""original_tokens"":91,""optimized_tokens"":58}]",budget,750
qt042,MULTI_PART,budget-750,"How do snapshots provide MVCC visibility, and how does VACUUM reclaim obsolete versions?",5,5,2,396,195,201,0.5075757575757576,1,4,2.0512820512820515,0.2753238999284804,datasets\raw\postgres-mvcc.md|datasets\raw\postgres-mvcc.md|datasets\raw\postgres-mvcc.md|datasets\raw\postgres-mvcc.md|datasets\raw\postgres-replication.md,"[{""source_id"":""datasets\\raw\\postgres-mvcc.md#2"",""selected_sentence_indices"":[1,2,4],""original_tokens"":93,""optimized_tokens"":42},{""source_id"":""datasets\\raw\\postgres-mvcc.md#0"",""selected_sentence_indices"":[2,3,4],""original_tokens"":91,""optimized_tokens"":46},{""source_id"":""datasets\\raw\\postgres-mvcc.md#1"",""selected_sentence_indices"":[0,1,5],""original_tokens"":94,""optimized_tokens"":32},{""source_id"":""datasets\\raw\\postgres-mvcc.md#3"",""selected_sentence_indices"":[0],""original_tokens"":26,""optimized_tokens"":26},{""source_id"":""datasets\\raw\\postgres-replication.md#3"",""selected_sentence_indices"":[1,3,4],""original_tokens"":92,""optimized_tokens"":49}]",budget,750
qt043,MULTI_PART,budget-750,"How does Kubernetes filter and score nodes, and what happens after a Pod is bound?",5,5,2,411,250,161,0.39172749391727496,1,4,1.6,0.31833610008470714,datasets\raw\kubernetes-scheduling.md|datasets\raw\kubernetes-scheduling.md|datasets\raw\kubernetes-scheduling.md|datasets\raw\kubernetes-scheduling.md|datasets\raw\kafka-overview.md,"[{""source_id"":""datasets\\raw\\kubernetes-scheduling.md#0"",""selected_sentence_indices"":[0,1,2],""original_tokens"":91,""optimized_tokens"":49},{""source_id"":""datasets\\raw\\kubernetes-scheduling.md#2"",""selected_sentence_indices"":[2,3,4,6],""original_tokens"":96,""optimized_tokens"":60},{""source_id"":""datasets\\raw\\kubernetes-scheduling.md#3"",""selected_sentence_indices"":[1],""original_tokens"":37,""optimized_tokens"":26},{""source_id"":""datasets\\raw\\kubernetes-scheduling.md#1"",""selected_sentence_indices"":[1,2,3,4],""original_tokens"":94,""optimized_tokens"":55},{""source_id"":""datasets\\raw\\kafka-overview.md#1"",""selected_sentence_indices"":[1,2,3,6],""original_tokens"":93,""optimized_tokens"":60}]",budget,750
qt044,MULTI_PART,budget-750,"How do Kafka partitions enable parallelism, and how are they replicated across brokers?",5,5,2,345,205,140,0.4057971014492754,1,4,1.9512195121951221,0.3313449998386204,datasets\raw\kafka-overview.md|datasets\raw\kafka-overview.md|datasets\raw\kafka-overview.md|datasets\raw\kafka-overview.md|datasets\raw\postgres-replication.md,"[{""source_id"":""datasets\\raw\\kafka-overview.md#1"",""selected_sentence_indices"":[1,2,3,6],""original_tokens"":93,""optimized_tokens"":60},{""source_id"":""datasets\\raw\\kafka-overview.md#2"",""selected_sentence_indices"":[0,2,4],""original_tokens"":90,""optimized_tokens"":58},{""source_id"":""datasets\\raw\\kafka-overview.md#0"",""selected_sentence_indices"":[0,4,5],""original_tokens"":87,""optimized_tokens"":53},{""source_id"":""datasets\\raw\\kafka-overview.md#3"",""selected_sentence_indices"":[0],""original_tokens"":41,""optimized_tokens"":8},{""source_id"":""datasets\\raw\\postgres-replication.md#4"",""selected_sentence_indices"":[1],""original_tokens"":34,""optimized_tokens"":26}]",budget,750
qt045,MULTI_PART,budget-750,"What improves with synchronous replication, and why can commit latency increase?",5,5,2,386,233,153,0.3963730569948187,1,4,1.7167381974248928,0.312540499959141,datasets\raw\postgres-replication.md|datasets\raw\postgres-replication.md|datasets\raw\postgres-replication.md|datasets\raw\kafka-overview.md|datasets\raw\postgres-replication.md,"[{""source_id"":""datasets\\raw\\postgres-replication.md#1"",""selected_sentence_indices"":[1,2,3],""original_tokens"":87,""optimized_tokens"":77},{""source_id"":""datasets\\raw\\postgres-replication.md#3"",""selected_sentence_indices"":[1,3,4],""original_tokens"":92,""optimized_tokens"":49},{""source_id"":""datasets\\raw\\postgres-replication.md#0"",""selected_sentence_indices"":[0,2,4],""original_tokens"":83,""optimized_tokens"":50},{""source_id"":""datasets\\raw\\kafka-overview.md#2"",""selected_sentence_indices"":[3,4,5],""original_tokens"":90,""optimized_tokens"":31},{""source_id"":""datasets\\raw\\postgres-replication.md#4"",""selected_sentence_indices"":[1],""original_tokens"":34,""optimized_tokens"":26}]",budget,750
qt046,MULTI_PART,budget-750,"Why do readers usually avoid blocking writers, and when are row locks still used?",5,5,3,454,298,156,0.3436123348017621,1,2,0.6711409395973155,0.3231967999599874,datasets\raw\postgres-mvcc.md|datasets\raw\postgres-mvcc.md|datasets\raw\postgres-replication.md|datasets\raw\kafka-overview.md|datasets\raw\postgres-replication.md,"[{""source_id"":""datasets\\raw\\postgres-mvcc.md#1"",""selected_sentence_indices"":[2,3,4],""original_tokens"":94,""optimized_tokens"":62},{""source_id"":""datasets\\raw\\postgres-mvcc.md#0"",""selected_sentence_indices"":[0,1,4],""original_tokens"":91,""optimized_tokens"":59},{""source_id"":""datasets\\raw\\postgres-replication.md#3"",""selected_sentence_indices"":[1,2,4],""original_tokens"":92,""optimized_tokens"":52},{""source_id"":""datasets\\raw\\kafka-overview.md#2"",""selected_sentence_indices"":[1,2,3],""original_tokens"":90,""optimized_tokens"":48},{""source_id"":""datasets\\raw\\postgres-replication.md#1"",""selected_sentence_indices"":[1,2,3],""original_tokens"":87,""optimized_tokens"":77}]",budget,750
qt047,MULTI_PART,budget-750,"How do taints, tolerations, and node affinity jointly influence Pod placement?",5,5,2,408,252,156,0.38235294117647056,1,4,1.5873015873015872,0.33601289987564087,datasets\raw\kubernetes-scheduling.md|datasets\raw\kubernetes-scheduling.md|datasets\raw\kubernetes-scheduling.md|datasets\raw\kubernetes-scheduling.md|datasets\raw\kafka-overview.md,"[{""source_id"":""datasets\\raw\\kubernetes-scheduling.md#2"",""selected_sentence_indices"":[2,3,4,6],""original_tokens"":96,""optimized_tokens"":60},{""source_id"":""datasets\\raw\\kubernetes-scheduling.md#0"",""selected_sentence_indices"":[0,2,3],""original_tokens"":91,""optimized_tokens"":67},{""source_id"":""datasets\\raw\\kubernetes-scheduling.md#1"",""selected_sentence_indices"":[2,3,4,5],""original_tokens"":94,""optimized_tokens"":57},{""source_id"":""datasets\\raw\\kubernetes-scheduling.md#3"",""selected_sentence_indices"":[1],""original_tokens"":37,""optimized_tokens"":26},{""source_id"":""datasets\\raw\\kafka-overview.md#2"",""selected_sentence_indices"":[0,4,5],""original_tokens"":90,""optimized_tokens"":42}]",budget,750
qt048,MULTI_PART,budget-750,"How do consumer groups distribute partitions, and how can consumers replay old events?",5,5,2,403,221,182,0.45161290322580644,1,4,1.8099547511312217,0.31892280001193285,datasets\raw\kafka-overview.md|datasets\raw\kafka-overview.md|datasets\raw\kafka-overview.md|datasets\raw\kafka-overview.md|datasets\raw\postgres-replication.md,"[{""source_id"":""datasets\\raw\\kafka-overview.md#2"",""selected_sentence_indices"":[0,1,3],""original_tokens"":90,""optimized_tokens"":47},{""source_id"":""datasets\\raw\\kafka-overview.md#1"",""selected_sentence_indices"":[2,3,5,6],""original_tokens"":93,""optimized_tokens"":61},{""source_id"":""datasets\\raw\\kafka-overview.md#3"",""selected_sentence_indices"":[0],""original_tokens"":41,""optimized_tokens"":8},{""source_id"":""datasets\\raw\\kafka-overview.md#0"",""selected_sentence_indices"":[1,3,4],""original_tokens"":87,""optimized_tokens"":49},{""source_id"":""datasets\\raw\\postgres-replication.md#3"",""selected_sentence_indices"":[1,2,3],""original_tokens"":92,""optimized_tokens"":56}]",budget,750
qt049,MULTI_PART,budget-750,"How is a standby promoted, and why is external failover orchestration often used?",5,5,2,394,289,105,0.26649746192893403,1,4,1.3840830449826989,0.3121767998673022,datasets\raw\postgres-replication.md|datasets\raw\postgres-replication.md|datasets\raw\postgres-replication.md|datasets\raw\postgres-replication.md|datasets\raw\kafka-overview.md,"[{""source_id"":""datasets\\raw\\postgres-replication.md#2"",""selected_sentence_indices"":[2,3,4],""original_tokens"":91,""optimized_tokens"":58},{""source_id"":""datasets\\raw\\postgres-replication.md#3"",""selected_sentence_indices"":[0,1,2],""original_tokens"":92,""optimized_tokens"":64},{""source_id"":""datasets\\raw\\postgres-replication.md#1"",""selected_sentence_indices"":[1,2,3],""original_tokens"":87,""optimized_tokens"":77},{""source_id"":""datasets\\raw\\postgres-replication.md#0"",""selected_sentence_indices"":[0,2,3],""original_tokens"":83,""optimized_tokens"":57},{""source_id"":""datasets\\raw\\kafka-overview.md#3"",""selected_sentence_indices"":[1],""original_tokens"":41,""optimized_tokens"":33}]",budget,750
qt050,MULTI_PART,budget-750,"How do resource requests affect scheduling, and how are they different from limits?",5,5,2,408,217,191,0.4681372549019608,1,4,1.8433179723502304,0.30239590001292527,datasets\raw\kubernetes-scheduling.md|datasets\raw\kubernetes-scheduling.md|datasets\raw\kubernetes-scheduling.md|datasets\raw\kubernetes-scheduling.md|datasets\raw\kafka-overview.md,"[{""source_id"":""datasets\\raw\\kubernetes-scheduling.md#1"",""selected_sentence_indices"":[1,4,5,6],""original_tokens"":94,""optimized_tokens"":47},{""source_id"":""datasets\\raw\\kubernetes-scheduling.md#2"",""selected_sentence_indices"":[0,1,4,5],""original_tokens"":96,""optimized_tokens"":55},{""source_id"":""datasets\\raw\\kubernetes-scheduling.md#0"",""selected_sentence_indices"":[0,1,2],""original_tokens"":91,""optimized_tokens"":49},{""source_id"":""datasets\\raw\\kubernetes-scheduling.md#3"",""selected_sentence_indices"":[0],""original_tokens"":37,""optimized_tokens"":11},{""source_id"":""datasets\\raw\\kafka-overview.md#2"",""selected_sentence_indices"":[0,2,5],""original_tokens"":90,""optimized_tokens"":55}]",budget,750
qt001,DIRECT,budget-1000,How does PostgreSQL streaming replication work?,5,5,2,389,258,131,0.33676092544987146,1,4,1.5503875968992247,0.293317899806425,datasets\raw\postgres-replication.md|datasets\raw\postgres-replication.md|datasets\raw\postgres-replication.md|datasets\raw\postgres-replication.md|datasets\raw\postgres-mvcc.md,"[{""source_id"":""datasets\\raw\\postgres-replication.md#0"",""selected_sentence_indices"":[0,2,4],""original_tokens"":83,""optimized_tokens"":50},{""source_id"":""datasets\\raw\\postgres-replication.md#1"",""selected_sentence_indices"":[1,2,3],""original_tokens"":87,""optimized_tokens"":77},{""source_id"":""datasets\\raw\\postgres-replication.md#3"",""selected_sentence_indices"":[1,3,4],""original_tokens"":92,""optimized_tokens"":49},{""source_id"":""datasets\\raw\\postgres-replication.md#4"",""selected_sentence_indices"":[1],""original_tokens"":34,""optimized_tokens"":26},{""source_id"":""datasets\\raw\\postgres-mvcc.md#2"",""selected_sentence_indices"":[1,4,5],""original_tokens"":93,""optimized_tokens"":56}]",budget,1000
qt002,DIRECT,budget-1000,How does PostgreSQL MVCC determine row visibility?,5,5,2,396,228,168,0.42424242424242425,1,4,1.7543859649122808,0.26461419998668134,datasets\raw\postgres-mvcc.md|datasets\raw\postgres-mvcc.md|datasets\raw\postgres-mvcc.md|datasets\raw\postgres-mvcc.md|datasets\raw\postgres-replication.md,"[{""source_id"":""datasets\\raw\\postgres-mvcc.md#1"",""selected_sentence_indices"":[0,3,5],""original_tokens"":94,""optimized_tokens"":37},{""source_id"":""datasets\\raw\\postgres-mvcc.md#0"",""selected_sentence_indices"":[0,2,3],""original_tokens"":91,""optimized_tokens"":60},{""source_id"":""datasets\\raw\\postgres-mvcc.md#3"",""selected_sentence_indices"":[0],""original_tokens"":26,""optimized_tokens"":26},{""source_id"":""datasets\\raw\\postgres-mvcc.md#2"",""selected_sentence_indices"":[1,4,5],""original_tokens"":93,""optimized_tokens"":56},{""source_id"":""datasets\\raw\\postgres-replication.md#3"",""selected_sentence_indices"":[1,3,4],""original_tokens"":92,""optimized_tokens"":49}]",budget,1000
qt003,DIRECT,budget-1000,How does Kubernetes select a node for a Pod?,5,5,2,411,237,174,0.4233576642335766,1,4,1.6877637130801686,0.3074233999941498,datasets\raw\kubernetes-scheduling.md|datasets\raw\kubernetes-scheduling.md|datasets\raw\kubernetes-scheduling.md|datasets\raw\kubernetes-scheduling.md|datasets\raw\kafka-overview.md,"[{""source_id"":""datasets\\raw\\kubernetes-scheduling.md#0"",""selected_sentence_indices"":[0,1,2],""original_tokens"":91,""optimized_tokens"":49},{""source_id"":""datasets\\raw\\kubernetes-scheduling.md#2"",""selected_sentence_indices"":[2,3,4,6],""original_tokens"":96,""optimized_tokens"":60},{""source_id"":""datasets\\raw\\kubernetes-scheduling.md#3"",""selected_sentence_indices"":[1],""original_tokens"":37,""optimized_tokens"":26},{""source_id"":""datasets\\raw\\kubernetes-scheduling.md#1"",""selected_sentence_indices"":[1,3,4,5],""original_tokens"":94,""optimized_tokens"":42},{""source_id"":""datasets\\raw\\kafka-overview.md#1"",""selected_sentence_indices"":[1,2,3,6],""original_tokens"":93,""optimized_tokens"":60}]",budget,1000
qt004,DIRECT,budget-1000,What is Apache Kafka used for?,5,5,2,404,211,193,0.4777227722772277,1,4,1.8957345971563981,0.3025842998176813,datasets\raw\kafka-overview.md|datasets\raw\kafka-overview.md|datasets\raw\kafka-overview.md|datasets\raw\kafka-overview.md|datasets\raw\postgres-mvcc.md,"[{""source_id"":""datasets\\raw\\kafka-overview.md#0"",""selected_sentence_indices"":[0,4,5],""original_tokens"":87,""optimized_tokens"":53},{""source_id"":""datasets\\raw\\kafka-overview.md#1"",""selected_sentence_indices"":[0,1,2,6],""original_tokens"":93,""optimized_tokens"":51},{""source_id"":""datasets\\raw\\kafka-overview.md#3"",""selected_sentence_indices"":[0],""original_tokens"":41,""optimized_tokens"":8},{""source_id"":""datasets\\raw\\kafka-overview.md#2"",""selected_sentence_indices"":[2,4,5],""original_tokens"":90,""optimized_tokens"":44},{""source_id"":""datasets\\raw\\postgres-mvcc.md#2"",""selected_sentence_indices"":[2,3,5],""original_tokens"":93,""optimized_tokens"":55}]",budget,1000
qt005,DIRECT,budget-1000,What trade-off does synchronous PostgreSQL replication make?,5,5,2,322,228,94,0.2919254658385093,1,4,1.7543859649122808,0.25905560003593564,datasets\raw\postgres-replication.md|datasets\raw\postgres-replication.md|datasets\raw\postgres-replication.md|datasets\raw\postgres-replication.md|datasets\raw\postgres-mvcc.md,"[{""source_id"":""datasets\\raw\\postgres-replication.md#3"",""selected_sentence_indices"":[1,3,4],""original_tokens"":92,""optimized_tokens"":49},{""source_id"":""datasets\\raw\\postgres-replication.md#0"",""selected_sentence_indices"":[0,2,4],""original_tokens"":83,""optimized_tokens"":50},{""source_id"":""datasets\\raw\\postgres-replication.md#1"",""selected_sentence_indices"":[1,2,3],""original_tokens"":87,""optimized_tokens"":77},{""source_id"":""datasets\\raw\\postgres-replication.md#4"",""selected_sentence_indices"":[1],""original_tokens"":34,""optimized_tokens"":26},{""source_id"":""datasets\\raw\\postgres-mvcc.md#3"",""selected_sentence_indices"":[0],""original_tokens"":26,""optimized_tokens"":26}]",budget,1000
qt006,DIRECT,budget-1000,What does PostgreSQL VACUUM do?,5,5,2,385,250,135,0.35064935064935066,1,3,1.2,0.2608566000126302,datasets\raw\postgres-mvcc.md|datasets\raw\postgres-mvcc.md|datasets\raw\postgres-replication.md|datasets\raw\postgres-replication.md|datasets\raw\postgres-mvcc.md,"[{""source_id"":""datasets\\raw\\postgres-mvcc.md#2"",""selected_sentence_indices"":[1,2,3],""original_tokens"":93,""optimized_tokens"":52},{""source_id"":""datasets\\raw\\postgres-mvcc.md#0"",""selected_sentence_indices"":[0,3,4],""original_tokens"":91,""optimized_tokens"":58},{""source_id"":""datasets\\raw\\postgres-replication.md#3"",""selected_sentence_indices"":[1,2,3],""original_tokens"":92,""optimized_tokens"":56},{""source_id"":""datasets\\raw\\postgres-replication.md#0"",""selected_sentence_indices"":[0,1,2],""original_tokens"":83,""optimized_tokens"":58},{""source_id"":""datasets\\raw\\postgres-mvcc.md#3"",""selected_sentence_indices"":[0],""original_tokens"":26,""optimized_tokens"":26}]",budget,1000
qt007,DIRECT,budget-1000,How do Kubernetes taints and tolerations affect scheduling?,5,5,2,408,236,172,0.4215686274509804,1,4,1.6949152542372883,0.31432830006815493,datasets\raw\kubernetes-scheduling.md|datasets\raw\kubernetes-scheduling.md|datasets\raw\kubernetes-scheduling.md|datasets\raw\kubernetes-scheduling.md|datasets\raw\kafka-overview.md,"[{""source_id"":""datasets\\raw\\kubernetes-scheduling.md#2"",""selected_sentence_indices"":[1,2,4,6],""original_tokens"":96,""optimized_tokens"":70},{""source_id"":""datasets\\raw\\kubernetes-scheduling.md#0"",""selected_sentence_indices"":[0,1,2],""original_tokens"":91,""optimized_tokens"":49},{""source_id"":""datasets\\raw\\kubernetes-scheduling.md#3"",""selected_sentence_indices"":[1],""original_tokens"":37,""optimized_tokens"":26},{""source_id"":""datasets\\raw\\kubernetes-scheduling.md#1"",""selected_sentence_indices"":[1,4,5,6],""original_tokens"":94,""optimized_tokens"":47},{""source_id"":""datasets\\raw\\kafka-overview.md#2"",""selected_sentence_indices"":[2,4,5],""original_tokens"":90,""optimized_tokens"":44}]",budget,1000
qt008,DIRECT,budget-1000,How do Kafka consumer groups divide work?,5,5,2,403,223,180,0.4466501240694789,1,4,1.7937219730941705,0.31235780008137226,datasets\raw\kafka-overview.md|datasets\raw\kafka-overview.md|datasets\raw\kafka-overview.md|datasets\raw\kafka-overview.md|datasets\raw\postgres-replication.md,"[{""source_id"":""datasets\\raw\\kafka-overview.md#1"",""selected_sentence_indices"":[1,2,5,6],""original_tokens"":93,""optimized_tokens"":48},{""source_id"":""datasets\\raw\\kafka-overview.md#2"",""selected_sentence_indices"":[0,2,4],""original_tokens"":90,""optimized_tokens"":58},{""source_id"":""datasets\\raw\\kafka-overview.md#0"",""selected_sentence_indices"":[0,4,5],""original_tokens"":87,""optimized_tokens"":53},{""source_id"":""datasets\\raw\\kafka-overview.md#3"",""selected_sentence_indices"":[0],""original_tokens"":41,""optimized_tokens"":8},{""source_id"":""datasets\\raw\\postgres-replication.md#3"",""selected_sentence_indices"":[1,2,3],""original_tokens"":92,""optimized_tokens"":56}]",budget,1000
qt009,DIRECT,budget-1000,Why can a PostgreSQL replication slot consume disk space?,5,5,2,389,258,131,0.33676092544987146,1,4,1.5503875968992247,0.2984798001125455,datasets\raw\postgres-replication.md|datasets\raw\postgres-replication.md|datasets\raw\postgres-mvcc.md|datasets\raw\postgres-replication.md|datasets\raw\postgres-replication.md,"[{""source_id"":""datasets\\raw\\postgres-replication.md#3"",""selected_sentence_indices"":[1,2,3],""original_tokens"":92,""optimized_tokens"":56},{""source_id"":""datasets\\raw\\postgres-replication.md#4"",""selected_sentence_indices"":[1],""original_tokens"":34,""optimized_tokens"":26},{""source_id"":""datasets\\raw\\postgres-mvcc.md#2"",""selected_sentence_indices"":[1,2,5],""original_tokens"":93,""optimized_tokens"":49},{""source_id"":""datasets\\raw\\postgres-replication.md#0"",""selected_sentence_indices"":[0,2,4],""original_tokens"":83,""optimized_tokens"":50},{""source_id"":""datasets\\raw\\postgres-replication.md#1"",""selected_sentence_indices"":[1,2,3],""original_tokens"":87,""optimized_tokens"":77}]",budget,1000
qt010,DIRECT,budget-1000,How does logical replication differ from physical streaming replication?,5,5,2,386,233,153,0.3963730569948187,1,4,1.7167381974248928,0.29523240006528795,datasets\raw\postgres-replication.md|datasets\raw\postgres-replication.md|datasets\raw\postgres-replication.md|datasets\raw\postgres-replication.md|datasets\raw\kafka-overview.md,"[{""source_id"":""datasets\\raw\\postgres-replication.md#4"",""selected_sentence_indices"":[1],""original_tokens"":34,""optimized_tokens"":26},{""source_id"":""datasets\\raw\\postgres-replication.md#3"",""selected_sentence_indices"":[1,3,4],""original_tokens"":92,""optimized_tokens"":49},{""source_id"":""datasets\\raw\\postgres-replication.md#1"",""selected_sentence_indices"":[1,2,3],""original_tokens"":87,""optimized_tokens"":77},{""source_id"":""datasets\\raw\\postgres-replication.md#0"",""selected_sentence_indices"":[0,2,4],""original_tokens"":83,""optimized_tokens"":50},{""source_id"":""datasets\\raw\\kafka-overview.md#2"",""selected_sentence_indices"":[3,4,5],""original_tokens"":90,""optimized_tokens"":31}]",budget,1000
qt011,PARAPHRASE,budget-1000,How can database readers see stable data without making writers wait?,5,5,2,447,285,162,0.3624161073825503,1,2,0.7017543859649122,0.3128788999747485,datasets\raw\postgres-mvcc.md|datasets\raw\postgres-mvcc.md|datasets\raw\postgres-replication.md|datasets\raw\postgres-replication.md|datasets\raw\postgres-replication.md,"[{""source_id"":""datasets\\raw\\postgres-mvcc.md#1"",""selected_sentence_indices"":[1,2,3],""original_tokens"":94,""optimized_tokens"":58},{""source_id"":""datasets\\raw\\postgres-mvcc.md#0"",""selected_sentence_indices"":[0,3,4],""original_tokens"":91,""optimized_tokens"":58},{""source_id"":""datasets\\raw\\postgres-replication.md#0"",""selected_sentence_indices"":[1,2,4],""original_tokens"":83,""optimized_tokens"":45},{""source_id"":""datasets\\raw\\postgres-replication.md#1"",""selected_sentence_indices"":[1,2,3],""original_tokens"":87,""optimized_tokens"":77},{""source_id"":""datasets\\raw\\postgres-replication.md#3"",""selected_sentence_indices"":[2,3,4],""original_tokens"":92,""optimized_tokens"":47}]",budget,1000
qt012,PARAPHRASE,budget-1000,How are change records shipped and applied to a backup database?,5,5,2,385,244,141,0.36623376623376624,1,2,0.819672131147541,0.2710410999134183,datasets\raw\postgres-mvcc.md|datasets\raw\postgres-mvcc.md|datasets\raw\postgres-mvcc.md|datasets\raw\postgres-replication.md|datasets\raw\postgres-replication.md,"[{""source_id"":""datasets\\raw\\postgres-mvcc.md#0"",""selected_sentence_indices"":[1,2,4],""original_tokens"":91,""optimized_tokens"":47},{""source_id"":""datasets\\raw\\postgres-mvcc.md#3"",""selected_sentence_indices"":[0],""original_tokens"":26,""optimized_tokens"":26},{""source_id"":""datasets\\raw\\postgres-mvcc.md#2"",""selected_sentence_indices"":[1,3,5],""original_tokens"":93,""optimized_tokens"":66},{""source_id"":""datasets\\raw\\postgres-replication.md#0"",""selected_sentence_indices"":[1,2,3],""original_tokens"":83,""optimized_tokens"":52},{""source_id"":""datasets\\raw\\postgres-replication.md#3"",""selected_sentence_indices"":[0,3,4],""original_tokens"":92,""optimized_tokens"":53}]",budget,1000
qt013,PARAPHRASE,budget-1000,What decides where a newly requested workload runs in a cluster?,5,5,2,410,241,169,0.4121951219512195,1,4,1.6597510373443982,0.30809420021250844,datasets\raw\kubernetes-scheduling.md|datasets\raw\kubernetes-scheduling.md|datasets\raw\kubernetes-scheduling.md|datasets\raw\postgres-replication.md|datasets\raw\kubernetes-scheduling.md,"[{""source_id"":""datasets\\raw\\kubernetes-scheduling.md#2"",""selected_sentence_indices"":[1,3,4,5],""original_tokens"":96,""optimized_tokens"":61},{""source_id"":""datasets\\raw\\kubernetes-scheduling.md#1"",""selected_sentence_indices"":[1,2,4,6],""original_tokens"":94,""optimized_tokens"":60},{""source_id"":""datasets\\raw\\kubernetes-scheduling.md#0"",""selected_sentence_indices"":[0,1,2],""original_tokens"":91,""optimized_tokens"":49},{""source_id"":""datasets\\raw\\postgres-replication.md#3"",""selected_sentence_indices"":[0,2,3],""original_tokens"":92,""optimized_tokens"":60},{""source_id"":""datasets\\raw\\kubernetes-scheduling.md#3"",""selected_sentence_indices"":[0],""original_tokens"":37,""optimized_tokens"":11}]",budget,1000
qt014,PARAPHRASE,budget-1000,How can separate applications independently reread the same ordered events?,5,5,2,403,231,172,0.4267990074441687,1,4,1.7316017316017316,0.31252109981141984,datasets\raw\kafka-overview.md|datasets\raw\kafka-overview.md|datasets\raw\kafka-overview.md|datasets\raw\postgres-replication.md|datasets\raw\kafka-overview.md,"[{""source_id"":""datasets\\raw\\kafka-overview.md#2"",""selected_sentence_indices"":[1,2,4],""original_tokens"":90,""optimized_tokens"":48},{""source_id"":""datasets\\raw\\kafka-overview.md#3"",""selected_sentence_indices"":[0],""original_tokens"":41,""optimized_tokens"":8},{""source_id"":""datasets\\raw\\kafka-overview.md#0"",""selected_sentence_indices"":[0,1,3],""original_tokens"":87,""optimized_tokens"":53},{""source_id"":""datasets\\raw\\postgres-replication.md#3"",""selected_sentence_indices"":[0,1,4],""original_tokens"":92,""optimized_tokens"":57},{""source_id"":""datasets\\raw\\kafka-overview.md#1"",""selected_sentence_indices"":[0,2,3,6],""original_tokens"":93,""optimized_tokens"":65}]",budget,1000
qt015,PARAPHRASE,budget-1000,Why might old copies of updated rows remain on disk?,5,5,2,404,210,194,0.4801980198019802,1,3,1.4285714285714286,0.30020980001427233,datasets\raw\postgres-mvcc.md|datasets\raw\postgres-mvcc.md|datasets\raw\postgres-mvcc.md|datasets\raw\postgres-replication.md|datasets\raw\postgres-replication.md,"[{""source_id"":""datasets\\raw\\postgres-mvcc.md#0"",""selected_sentence_indices"":[1,2,3],""original_tokens"":91,""optimized_tokens"":49},{""source_id"":""datasets\\raw\\postgres-mvcc.md#1"",""selected_sentence_indices"":[0,2,5],""original_tokens"":94,""optimized_tokens"":43},{""source_id"":""datasets\\raw\\postgres-mvcc.md#2"",""selected_sentence_indices"":[0,1,5],""original_tokens"":93,""optimized_tokens"":45},{""source_id"":""datasets\\raw\\postgres-replication.md#3"",""selected_sentence_indices"":[2,3,4],""original_tokens"":92,""optimized_tokens"":47},{""source_id"":""datasets\\raw\\postgres-replication.md#4"",""selected_sentence_indices"":[1],""original_tokens"":34,""optimized_tokens"":26}]",budget,1000
qt016,PARAPHRASE,budget-1000,How does the cluster avoid placing a workload on an unsuitable machine?,5,5,3,466,311,155,0.33261802575107297,1,3,0.9646302250803859,0.31733969994820654,datasets\raw\kubernetes-scheduling.md|datasets\raw\kubernetes-scheduling.md|datasets\raw\kubernetes-scheduling.md|datasets\raw\postgres-replication.md|datasets\raw\kafka-overview.md,"[{""source_id"":""datasets\\raw\\kubernetes-scheduling.md#2"",""selected_sentence_indices"":[1,2,4,5],""original_tokens"":96,""optimized_tokens"":74},{""source_id"":""datasets\\raw\\kubernetes-scheduling.md#0"",""selected_sentence_indices"":[0,2,3],""original_tokens"":91,""optimized_tokens"":67},{""source_id"":""datasets\\raw\\kubernetes-scheduling.md#1"",""selected_sentence_indices"":[1,2,5,6],""original_tokens"":94,""optimized_tokens"":56},{""source_id"":""datasets\\raw\\postgres-replication.md#3"",""selected_sentence_indices"":[0,1,2],""original_tokens"":92,""optimized_tokens"":64},{""source_id"":""datasets\\raw\\kafka-overview.md#1"",""selected_sentence_indices"":[0,1,2,3],""original_tokens"":93,""optimized_tokens"":50}]",budget,1000
qt017,PARAPHRASE,budget-1000,How is an event log spread across servers for parallelism and resilience?,5,5,2,393,209,184,0.4681933842239186,1,3,1.4354066985645935,0.3100726001430303,datasets\raw\kafka-overview.md|datasets\raw\kafka-overview.md|datasets\raw\kafka-overview.md|datasets\raw\postgres-replication.md|datasets\raw\postgres-replication.md,"[{""source_id"":""datasets\\raw\\kafka-overview.md#3"",""selected_sentence_indices"":[0],""original_tokens"":41,""optimized_tokens"":8},{""source_id"":""datasets\\raw\\kafka-overview.md#2"",""selected_sentence_indices"":[1,4,5],""original_tokens"":90,""optimized_tokens"":32},{""source_id"":""datasets\\raw\\kafka-overview.md#0"",""selected_sentence_indices"":[0,3,4],""original_tokens"":87,""optimized_tokens"":60},{""source_id"":""datasets\\raw\\postgres-replication.md#0"",""selected_sentence_indices"":[0,1,4],""original_tokens"":83,""optimized_tokens"":48},{""source_id"":""datasets\\raw\\postgres-replication.md#3"",""selected_sentence_indices"":[0,1,3],""original_tokens"":92,""optimized_tokens"":61}]",budget,1000
qt018,PARAPHRASE,budget-1000,What happens when the main database disappears and a copy must take writes?,5,5,2,450,286,164,0.36444444444444446,1,3,1.048951048951049,0.3194160000421107,datasets\raw\postgres-replication.md|datasets\raw\postgres-replication.md|datasets\raw\postgres-mvcc.md|datasets\raw\postgres-mvcc.md|datasets\raw\postgres-replication.md,"[{""source_id"":""datasets\\raw\\postgres-replication.md#3"",""selected_sentence_indices"":[1,2,3],""original_tokens"":92,""optimized_tokens"":56},{""source_id"":""datasets\\raw\\postgres-replication.md#2"",""selected_sentence_indices"":[2,3,4],""original_tokens"":91,""optimized_tokens"":58},{""source_id"":""datasets\\raw\\postgres-mvcc.md#2"",""selected_sentence_indices"":[1,4,5],""original_tokens"":93,""optimized_tokens"":56},{""source_id"":""datasets\\raw\\postgres-mvcc.md#0"",""selected_sentence_indices"":[0,2,4],""original_tokens"":91,""optimized_tokens"":58},{""source_id"":""datasets\\raw\\postgres-replication.md#0"",""selected_sentence_indices"":[0,1,2],""original_tokens"":83,""optimized_tokens"":58}]",budget,1000
qt019,PARAPHRASE,budget-1000,Why do declared resources matter more than momentary usage for workload placement?,5,5,3,466,299,167,0.3583690987124464,1,3,1.0033444816053512,0.331565200118348,datasets\raw\kubernetes-scheduling.md|datasets\raw\kubernetes-scheduling.md|datasets\raw\kubernetes-scheduling.md|datasets\raw\postgres-mvcc.md|datasets\raw\postgres-replication.md,"[{""source_id"":""datasets\\raw\\kubernetes-scheduling.md#1"",""selected_sentence_indices"":[2,4,5,6],""original_tokens"":94,""optimized_tokens"":62},{""source_id"":""datasets\\raw\\kubernetes-scheduling.md#2"",""selected_sentence_indices"":[0,1,4,5],""original_tokens"":96,""optimized_tokens"":55},{""source_id"":""datasets\\raw\\kubernetes-scheduling.md#0"",""selected_sentence_indices"":[0,2,3],""original_tokens"":91,""optimized_tokens"":67},{""source_id"":""datasets\\raw\\postgres-mvcc.md#2"",""selected_sentence_indices"":[2,3,5],""original_tokens"":93,""optimized_tokens"":55},{""source_id"":""datasets\\raw\\postgres-replication.md#3"",""selected_sentence_indices"":[0,2,3],""original_tokens"":92,""optimized_tokens"":60}]",budget,1000
qt020,PARAPHRASE,budget-1000,How can a stream reader go back and process earlier records again?,5,5,3,445,294,151,0.3393258426966292,1,1,0.3401360544217687,0.31800199998542666,datasets\raw\postgres-replication.md|datasets\raw\postgres-replication.md|datasets\raw\postgres-mvcc.md|datasets\raw\postgres-replication.md|datasets\raw\kafka-overview.md,"[{""source_id"":""datasets\\raw\\postgres-replication.md#1"",""selected_sentence_indices"":[1,2,3],""original_tokens"":87,""optimized_tokens"":77},{""source_id"":""datasets\\raw\\postgres-replication.md#0"",""selected_sentence_indices"":[1,3,4],""original_tokens"":83,""optimized_tokens"":42},{""source_id"":""datasets\\raw\\postgres-mvcc.md#2"",""selected_sentence_indices"":[1,3,5],""original_tokens"":93,""optimized_tokens"":66},{""source_id"":""datasets\\raw\\postgres-replication.md#3"",""selected_sentence_indices"":[0,1,3],""original_tokens"":92,""optimized_tokens"":61},{""source_id"":""datasets\\raw\\kafka-overview.md#2"",""selected_sentence_indices"":[1,2,3],""original_tokens"":90,""optimized_tokens"":48}]",budget,1000
qt021,VAGUE,budget-1000,Why are old versions not getting cleaned up?,5,5,2,404,185,219,0.5420792079207921,1,3,1.6216216216216215,0.2999724999535829,datasets\raw\postgres-mvcc.md|datasets\raw\postgres-mvcc.md|datasets\raw\postgres-mvcc.md|datasets\raw\postgres-replication.md|datasets\raw\postgres-replication.md,"[{""source_id"":""datasets\\raw\\postgres-mvcc.md#2"",""selected_sentence_indices"":[0,1,2],""original_tokens"":93,""optimized_tokens"":31},{""source_id"":""datasets\\raw\\postgres-mvcc.md#1"",""selected_sentence_indices"":[0,1,5],""original_tokens"":94,""optimized_tokens"":32},{""source_id"":""datasets\\raw\\postgres-mvcc.md#0"",""selected_sentence_indices"":[1,2,3],""original_tokens"":91,""optimized_tokens"":49},{""source_id"":""datasets\\raw\\postgres-replication.md#4"",""selected_sentence_indices"":[1],""original_tokens"":34,""optimized_tokens"":26},{""source_id"":""datasets\\raw\\postgres-replication.md#3"",""selected_sentence_indices"":[2,3,4],""original_tokens"":92,""optimized_tokens"":47}]",budget,1000
qt022,VAGUE,budget-1000,Why is the replica falling behind?,5,5,2,386,192,194,0.5025906735751295,1,4,2.0833333333333335,0.2928332998417318,datasets\raw\postgres-replication.md|datasets\raw\postgres-replication.md|datasets\raw\postgres-replication.md|datasets\raw\postgres-replication.md|datasets\raw\kafka-overview.md,"[{""source_id"":""datasets\\raw\\postgres-replication.md#1"",""selected_sentence_indices"":[1,3,4],""original_tokens"":87,""optimized_tokens"":50},{""source_id"":""datasets\\raw\\postgres-replication.md#3"",""selected_sentence_indices"":[1,2,3],""original_tokens"":92,""optimized_tokens"":56},{""source_id"":""datasets\\raw\\postgres-replication.md#0"",""selected_sentence_indices"":[0,3,4],""original_tokens"":83,""optimized_tokens"":47},{""source_id"":""datasets\\raw\\postgres-replication.md#4"",""selected_sentence_indices"":[0],""original_tokens"":34,""optimized_tokens"":8},{""source_id"":""datasets\\raw\\kafka-overview.md#2"",""selected_sentence_indices"":[3,4,5],""original_tokens"":90,""optimized_tokens"":31}]",budget,1000
qt023,VAGUE,budget-1000,Why is my workload still pending?,5,5,2,405,237,168,0.4148148148148148,1,4,1.6877637130801686,0.35123370005749166,datasets\raw\kubernetes-scheduling.md|datasets\raw\kubernetes-scheduling.md|datasets\raw\kubernetes-scheduling.md|datasets\raw\postgres-replication.md|datasets\raw\kubernetes-scheduling.md,"[{""source_id"":""datasets\\raw\\kubernetes-scheduling.md#0"",""selected_sentence_indices"":[0,1,2],""original_tokens"":91,""optimized_tokens"":49},{""source_id"":""datasets\\raw\\kubernetes-scheduling.md#1"",""selected_sentence_indices"":[1,2,4,6],""original_tokens"":94,""optimized_tokens"":60},{""source_id"":""datasets\\raw\\kubernetes-scheduling.md#2"",""selected_sentence_indices"":[0,1,4,5],""original_tokens"":96,""optimized_tokens"":55},{""source_id"":""datasets\\raw\\postgres-replication.md#1"",""selected_sentence_indices"":[0,1,2],""original_tokens"":87,""optimized_tokens"":62},{""source_id"":""datasets\\raw\\kubernetes-scheduling.md#3"",""selected_sentence_indices"":[0],""original_tokens"":37,""optimized_tokens"":11}]",budget,1000
qt024,VAGUE,budget-1000,How can I read the same messages again?,5,5,3,399,214,185,0.46365914786967416,1,2,0.9345794392523364,0.35414179996587336,datasets\raw\kafka-overview.md|datasets\raw\postgres-mvcc.md|datasets\raw\kafka-overview.md|datasets\raw\postgres-mvcc.md|datasets\raw\postgres-replication.md,"[{""source_id"":""datasets\\raw\\kafka-overview.md#2"",""selected_sentence_indices"":[1,2,3],""original_tokens"":90,""optimized_tokens"":48},{""source_id"":""datasets\\raw\\postgres-mvcc.md#1"",""selected_sentence_indices"":[1,2,3],""original_tokens"":94,""optimized_tokens"":58},{""source_id"":""datasets\\raw\\kafka-overview.md#3"",""selected_sentence_indices"":[0],""original_tokens"":41,""optimized_tokens"":8},{""source_id"":""datasets\\raw\\postgres-mvcc.md#0"",""selected_sentence_indices"":[0,2,4],""original_tokens"":91,""optimized_tokens"":58},{""source_id"":""datasets\\raw\\postgres-replication.md#0"",""selected_sentence_indices"":[1,3,4],""original_tokens"":83,""optimized_tokens"":42}]",budget,1000
qt025,VAGUE,budget-1000,Why is commit slower now?,5,5,2,389,249,140,0.35989717223650386,1,2,0.8032128514056224,0.26054099993780255,datasets\raw\postgres-mvcc.md|datasets\raw\postgres-mvcc.md|datasets\raw\postgres-replication.md|datasets\raw\postgres-mvcc.md|datasets\raw\postgres-replication.md,"[{""source_id"":""datasets\\raw\\postgres-mvcc.md#1"",""selected_sentence_indices"":[1,2,4],""original_tokens"":94,""optimized_tokens"":57},{""source_id"":""datasets\\raw\\postgres-mvcc.md#0"",""selected_sentence_indices"":[0,2,4],""original_tokens"":91,""optimized_tokens"":58},{""source_id"":""datasets\\raw\\postgres-replication.md#1"",""selected_sentence_indices"":[0,2,3],""original_tokens"":87,""optimized_tokens"":59},{""source_id"":""datasets\\raw\\postgres-mvcc.md#3"",""selected_sentence_indices"":[0],""original_tokens"":26,""optimized_tokens"":26},{""source_id"":""datasets\\raw\\postgres-replication.md#2"",""selected_sentence_indices"":[0,1,3],""original_tokens"":91,""optimized_tokens"":49}]",budget,1000
qt026,VAGUE,budget-1000,Why do reads keep changing between statements?,5,5,2,386,232,154,0.39896373056994816,1,3,1.293103448275862,0.26077389996498823,datasets\raw\postgres-mvcc.md|datasets\raw\postgres-mvcc.md|datasets\raw\postgres-mvcc.md|datasets\raw\postgres-replication.md|datasets\raw\postgres-replication.md,"[{""source_id"":""datasets\\raw\\postgres-mvcc.md#1"",""selected_sentence_indices"":[1,2,3],""original_tokens"":94,""optimized_tokens"":58},{""source_id"":""datasets\\raw\\postgres-mvcc.md#0"",""selected_sentence_indices"":[0,1,4],""original_tokens"":91,""optimized_tokens"":59},{""source_id"":""datasets\\raw\\postgres-mvcc.md#3"",""selected_sentence_indices"":[0],""original_tokens"":26,""optimized_tokens"":26},{""source_id"":""datasets\\raw\\postgres-replication.md#3"",""selected_sentence_indices"":[2,3,4],""original_tokens"":92,""optimized_tokens"":47},{""source_id"":""datasets\\raw\\postgres-replication.md#0"",""selected_sentence_indices"":[1,3,4],""original_tokens"":83,""optimized_tokens"":42}]",budget,1000
qt027,VAGUE,budget-1000,Why won't this workload run on that machine?,5,5,2,405,243,162,0.4,1,4,1.6460905349794237,0.31242040009237826,datasets\raw\kubernetes-scheduling.md|datasets\raw\kubernetes-scheduling.md|datasets\raw\kubernetes-scheduling.md|datasets\raw\kubernetes-scheduling.md|datasets\raw\postgres-replication.md,"[{""source_id"":""datasets\\raw\\kubernetes-scheduling.md#0"",""selected_sentence_indices"":[0,2,3],""original_tokens"":91,""optimized_tokens"":67},{""source_id"":""datasets\\raw\\kubernetes-scheduling.md#3"",""selected_sentence_indices"":[0],""original_tokens"":37,""optimized_tokens"":11},{""source_id"":""datasets\\raw\\kubernetes-scheduling.md#1"",""selected_sentence_indices"":[0,1,4,5],""original_tokens"":94,""optimized_tokens"":48},{""source_id"":""datasets\\raw\\kubernetes-scheduling.md#2"",""selected_sentence_indices"":[0,1,4,5],""original_tokens"":96,""optimized_tokens"":55},{""source_id"":""datasets\\raw\\postgres-replication.md#1"",""selected_sentence_indices"":[0,1,2],""original_tokens"":87,""optimized_tokens"":62}]",budget,1000
qt028,VAGUE,budget-1000,Why isn't one reader handling every partition?,5,5,2,405,232,173,0.4271604938271605,1,4,1.7241379310344829,0.3056644999887794,datasets\raw\kafka-overview.md|datasets\raw\kafka-overview.md|datasets\raw\postgres-mvcc.md|datasets\raw\kafka-overview.md|datasets\raw\kafka-overview.md,"[{""source_id"":""datasets\\raw\\kafka-overview.md#2"",""selected_sentence_indices"":[0,1,2],""original_tokens"":90,""optimized_tokens"":60},{""source_id"":""datasets\\raw\\kafka-overview.md#1"",""selected_sentence_indices"":[0,2,3,6],""original_tokens"":93,""optimized_tokens"":65},{""source_id"":""datasets\\raw\\postgres-mvcc.md#1"",""selected_sentence_indices"":[1,2,3],""original_tokens"":94,""optimized_tokens"":58},{""source_id"":""datasets\\raw\\kafka-overview.md#3"",""selected_sentence_indices"":[0],""original_tokens"":41,""optimized_tokens"":8},{""source_id"":""datasets\\raw\\kafka-overview.md#0"",""selected_sentence_indices"":[2,3,4],""original_tokens"":87,""optimized_tokens"":41}]",budget,1000
qt029,VAGUE,budget-1000,Why is the log filling the disk?,5,5,3,399,179,220,0.5513784461152882,1,2,1.1173184357541899,0.29735709982924163,datasets\raw\kafka-overview.md|datasets\raw\postgres-mvcc.md|datasets\raw\kafka-overview.md|datasets\raw\postgres-replication.md|datasets\raw\postgres-replication.md,"[{""source_id"":""datasets\\raw\\kafka-overview.md#3"",""selected_sentence_indices"":[0],""original_tokens"":41,""optimized_tokens"":8},{""source_id"":""datasets\\raw\\postgres-mvcc.md#2"",""selected_sentence_indices"":[0,1,2],""original_tokens"":93,""optimized_tokens"":31},{""source_id"":""datasets\\raw\\kafka-overview.md#2"",""selected_sentence_indices"":[0,4,5],""original_tokens"":90,""optimized_tokens"":42},{""source_id"":""datasets\\raw\\postgres-replication.md#0"",""selected_sentence_indices"":[1,3,4],""original_tokens"":83,""optimized_tokens"":42},{""source_id"":""datasets\\raw\\postgres-replication.md#3"",""selected_sentence_indices"":[1,2,3],""original_tokens"":92,""optimized_tokens"":56}]",budget,1000
qt030,VAGUE,budget-1000,Who actually starts the containers?,5,5,2,411,188,223,0.5425790754257908,1,4,2.127659574468085,0.31927730003371835,datasets\raw\kubernetes-scheduling.md|datasets\raw\kubernetes-scheduling.md|datasets\raw\kubernetes-scheduling.md|datasets\raw\kubernetes-scheduling.md|datasets\raw\kafka-overview.md,"[{""source_id"":""datasets\\raw\\kubernetes-scheduling.md#3"",""selected_sentence_indices"":[0],""original_tokens"":37,""optimized_tokens"":11},{""source_id"":""datasets\\raw\\kubernetes-scheduling.md#2"",""selected_sentence_indices"":[0,2,5,6],""original_tokens"":96,""optimized_tokens"":48},{""source_id"":""datasets\\raw\\kubernetes-scheduling.md#0"",""selected_sentence_indices"":[0,2,4],""original_tokens"":91,""optimized_tokens"":33},{""source_id"":""datasets\\raw\\kubernetes-scheduling.md#1"",""selected_sentence_indices"":[1,4,5,6],""original_tokens"":94,""optimized_tokens"":47},{""source_id"":""datasets\\raw\\kafka-overview.md#1"",""selected_sentence_indices"":[1,3,4,5],""original_tokens"":93,""optimized_tokens"":49}]",budget,1000
qt031,EXACT_IDENTIFIER,budget-1000,What does WAL do in PostgreSQL streaming replication?,5,5,2,381,265,116,0.30446194225721784,1,3,1.1320754716981132,0.2678324000444263,datasets\raw\postgres-replication.md|datasets\raw\postgres-replication.md|datasets\raw\postgres-replication.md|datasets\raw\postgres-mvcc.md|datasets\raw\postgres-mvcc.md,"[{""source_id"":""datasets\\raw\\postgres-replication.md#0"",""selected_sentence_indices"":[0,2,4],""original_tokens"":83,""optimized_tokens"":50},{""source_id"":""datasets\\raw\\postgres-replication.md#1"",""selected_sentence_indices"":[1,2,3],""original_tokens"":87,""optimized_tokens"":77},{""source_id"":""datasets\\raw\\postgres-replication.md#3"",""selected_sentence_indices"":[1,2,3],""original_tokens"":92,""optimized_tokens"":56},{""source_id"":""datasets\\raw\\postgres-mvcc.md#3"",""selected_sentence_indices"":[0],""original_tokens"":26,""optimized_tokens"":26},{""source_id"":""datasets\\raw\\postgres-mvcc.md#2"",""selected_sentence_indices"":[1,4,5],""original_tokens"":93,""optimized_tokens"":56}]",budget,1000
qt032,EXACT_IDENTIFIER,budget-1000,What does MVCC provide in PostgreSQL?,5,5,2,387,255,132,0.34108527131782945,1,4,1.5686274509803924,0.26884430018253624,datasets\raw\postgres-mvcc.md|datasets\raw\postgres-mvcc.md|datasets\raw\postgres-mvcc.md|datasets\raw\postgres-mvcc.md|datasets\raw\postgres-replication.md,"[{""source_id"":""datasets\\raw\\postgres-mvcc.md#3"",""selected_sentence_indices"":[0],""original_tokens"":26,""optimized_tokens"":26},{""source_id"":""datasets\\raw\\postgres-mvcc.md#0"",""selected_sentence_indices"":[0,3,4],""original_tokens"":91,""optimized_tokens"":58},{""source_id"":""datasets\\raw\\postgres-mvcc.md#1"",""selected_sentence_indices"":[2,3,5],""original_tokens"":94,""optimized_tokens"":57},{""source_id"":""datasets\\raw\\postgres-mvcc.md#2"",""selected_sentence_indices"":[1,4,5],""original_tokens"":93,""optimized_tokens"":56},{""source_id"":""datasets\\raw\\postgres-replication.md#0"",""selected_sentence_indices"":[0,1,2],""original_tokens"":83,""optimized_tokens"":58}]",budget,1000
qt033,EXACT_IDENTIFIER,budget-1000,What does VACUUM do with obsolete row versions?,5,5,2,404,189,215,0.5321782178217822,1,3,1.5873015873015874,0.3131419999990612,datasets\raw\postgres-mvcc.md|datasets\raw\postgres-mvcc.md|datasets\raw\postgres-mvcc.md|datasets\raw\postgres-replication.md|datasets\raw\postgres-replication.md,"[{""source_id"":""datasets\\raw\\postgres-mvcc.md#2"",""selected_sentence_indices"":[0,1,2],""original_tokens"":93,""optimized_tokens"":31},{""source_id"":""datasets\\raw\\postgres-mvcc.md#1"",""selected_sentence_indices"":[0,4,5],""original_tokens"":94,""optimized_tokens"":36},{""source_id"":""datasets\\raw\\postgres-mvcc.md#0"",""selected_sentence_indices"":[1,2,3],""original_tokens"":91,""optimized_tokens"":49},{""source_id"":""datasets\\raw\\postgres-replication.md#4"",""selected_sentence_indices"":[1],""original_tokens"":34,""optimized_tokens"":26},{""source_id"":""datasets\\raw\\postgres-replication.md#3"",""selected_sentence_indices"":[2,3,4],""original_tokens"":92,""optimized_tokens"":47}]",budget,1000
qt034,EXACT_IDENTIFIER,budget-1000,How does Read Committed choose snapshots?,5,5,3,445,270,175,0.39325842696629215,1,2,0.7407407407407407,0.32157579995691776,datasets\raw\postgres-mvcc.md|datasets\raw\postgres-mvcc.md|datasets\raw\postgres-replication.md|datasets\raw\kafka-overview.md|datasets\raw\postgres-replication.md,"[{""source_id"":""datasets\\raw\\postgres-mvcc.md#0"",""selected_sentence_indices"":[2,3,4],""original_tokens"":91,""optimized_tokens"":46},{""source_id"":""datasets\\raw\\postgres-mvcc.md#1"",""selected_sentence_indices"":[1,2,3],""original_tokens"":94,""optimized_tokens"":58},{""source_id"":""datasets\\raw\\postgres-replication.md#1"",""selected_sentence_indices"":[1,2,3],""original_tokens"":87,""optimized_tokens"":77},{""source_id"":""datasets\\raw\\kafka-overview.md#2"",""selected_sentence_indices"":[2,3,4],""original_tokens"":90,""optimized_tokens"":47},{""source_id"":""datasets\\raw\\postgres-replication.md#0"",""selected_sentence_indices"":[1,3,4],""original_tokens"":83,""optimized_tokens"":42}]",budget,1000
qt035,EXACT_IDENTIFIER,budget-1000,How does Repeatable Read use a snapshot?,5,5,3,450,243,207,0.46,1,2,0.8230452674897119,0.3061726000159979,datasets\raw\postgres-mvcc.md|datasets\raw\postgres-mvcc.md|datasets\raw\postgres-replication.md|datasets\raw\kafka-overview.md|datasets\raw\postgres-replication.md,"[{""source_id"":""datasets\\raw\\postgres-mvcc.md#1"",""selected_sentence_indices"":[1,2,3],""original_tokens"":94,""optimized_tokens"":58},{""source_id"":""datasets\\raw\\postgres-mvcc.md#0"",""selected_sentence_indices"":[2,3,4],""original_tokens"":91,""optimized_tokens"":46},{""source_id"":""datasets\\raw\\postgres-replication.md#0"",""selected_sentence_indices"":[1,3,4],""original_tokens"":83,""optimized_tokens"":42},{""source_id"":""datasets\\raw\\kafka-overview.md#2"",""selected_sentence_indices"":[1,2,3],""original_tokens"":90,""optimized_tokens"":48},{""source_id"":""datasets\\raw\\postgres-replication.md#3"",""selected_sentence_indices"":[1,3,4],""original_tokens"":92,""optimized_tokens"":49}]",budget,1000
qt036,EXACT_IDENTIFIER,budget-1000,What does node affinity do for a Pod?,5,5,2,411,237,174,0.4233576642335766,1,4,1.6877637130801686,0.3019817001186311,datasets\raw\kubernetes-scheduling.md|datasets\raw\kubernetes-scheduling.md|datasets\raw\kubernetes-scheduling.md|datasets\raw\kubernetes-scheduling.md|datasets\raw\kafka-overview.md,"[{""source_id"":""datasets\\raw\\kubernetes-scheduling.md#2"",""selected_sentence_indices"":[2,3,4,6],""original_tokens"":96,""optimized_tokens"":60},{""source_id"":""datasets\\raw\\kubernetes-scheduling.md#0"",""selected_sentence_indices"":[0,1,2],""original_tokens"":91,""optimized_tokens"":49},{""source_id"":""datasets\\raw\\kubernetes-scheduling.md#3"",""selected_sentence_indices"":[1],""original_tokens"":37,""optimized_tokens"":26},{""source_id"":""datasets\\raw\\kubernetes-scheduling.md#1"",""selected_sentence_indices"":[1,3,4,5],""original_tokens"":94,""optimized_tokens"":42},{""source_id"":""datasets\\raw\\kafka-overview.md#1"",""selected_sentence_indices"":[1,2,3,6],""original_tokens"":93,""optimized_tokens"":60}]",budget,1000
qt037,EXACT_IDENTIFIER,budget-1000,What does kubelet do after Pod binding?,5,5,2,355,187,168,0.4732394366197183,1,3,1.6042780748663101,0.28991490020416677,datasets\raw\kubernetes-scheduling.md|datasets\raw\kubernetes-scheduling.md|datasets\raw\kubernetes-scheduling.md|datasets\raw\kafka-overview.md|datasets\raw\kafka-overview.md,"[{""source_id"":""datasets\\raw\\kubernetes-scheduling.md#2"",""selected_sentence_indices"":[2,3,4,6],""original_tokens"":96,""optimized_tokens"":60},{""source_id"":""datasets\\raw\\kubernetes-scheduling.md#3"",""selected_sentence_indices"":[1],""original_tokens"":37,""optimized_tokens"":26},{""source_id"":""datasets\\raw\\kubernetes-scheduling.md#0"",""selected_sentence_indices"":[0,1,2],""original_tokens"":91,""optimized_tokens"":49},{""source_id"":""datasets\\raw\\kafka-overview.md#3"",""selected_sentence_indices"":[0],""original_tokens"":41,""optimized_tokens"":8},{""source_id"":""datasets\\raw\\kafka-overview.md#2"",""selected_sentence_indices"":[2,4,5],""original_tokens"":90,""optimized_tokens"":44}]",budget,1000
qt038,EXACT_IDENTIFIER,budget-1000,What is a Kafka topic partition?,5,5,2,345,168,177,0.5130434782608696,1,4,2.380952380952381,0.2881448999978602,datasets\raw\kafka-overview.md|datasets\raw\kafka-overview.md|datasets\raw\kafka-overview.md|datasets\raw\kafka-overview.md|datasets\raw\postgres-replication.md,"[{""source_id"":""datasets\\raw\\kafka-overview.md#0"",""selected_sentence_indices"":[2,4,5],""original_tokens"":87,""optimized_tokens"":34},{""source_id"":""datasets\\raw\\kafka-overview.md#1"",""selected_sentence_indices"":[1,2,3,6],""original_tokens"":93,""optimized_tokens"":60},{""source_id"":""datasets\\raw\\kafka-overview.md#2"",""selected_sentence_indices"":[0,2,4],""original_tokens"":90,""optimized_tokens"":58},{""source_id"":""datasets\\raw\\kafka-overview.md#3"",""selected_sentence_indices"":[0],""original_tokens"":41,""optimized_tokens"":8},{""source_id"":""datasets\\raw\\postgres-replication.md#4"",""selected_sentence_indices"":[0],""original_tokens"":34,""optimized_tokens"":8}]",budget,1000
qt039,EXACT_IDENTIFIER,budget-1000,What does a Kafka consumer group do?,5,5,2,404,222,182,0.4504950495049505,1,4,1.8018018018018016,0.3137200002092868,datasets\raw\kafka-overview.md|datasets\raw\kafka-overview.md|datasets\raw\kafka-overview.md|datasets\raw\kafka-overview.md|datasets\raw\postgres-mvcc.md,"[{""source_id"":""datasets\\raw\\kafka-overview.md#1"",""selected_sentence_indices"":[1,2,5,6],""original_tokens"":93,""optimized_tokens"":48},{""source_id"":""datasets\\raw\\kafka-overview.md#2"",""selected_sentence_indices"":[0,2,4],""original_tokens"":90,""optimized_tokens"":58},{""source_id"":""datasets\\raw\\kafka-overview.md#0"",""selected_sentence_indices"":[0,4,5],""original_tokens"":87,""optimized_tokens"":53},{""source_id"":""datasets\\raw\\kafka-overview.md#3"",""selected_sentence_indices"":[0],""original_tokens"":41,""optimized_tokens"":8},{""source_id"":""datasets\\raw\\postgres-mvcc.md#2"",""selected_sentence_indices"":[2,3,5],""original_tokens"":93,""optimized_tokens"":55}]",budget,1000
qt040,EXACT_IDENTIFIER,budget-1000,What is a replication slot?,5,5,2,386,240,146,0.37823834196891193,1,4,1.6666666666666667,0.29187919991090894,datasets\raw\postgres-replication.md|datasets\raw\postgres-replication.md|datasets\raw\postgres-replication.md|datasets\raw\postgres-replication.md|datasets\raw\kafka-overview.md,"[{""source_id"":""datasets\\raw\\postgres-replication.md#3"",""selected_sentence_indices"":[1,2,3],""original_tokens"":92,""optimized_tokens"":56},{""source_id"":""datasets\\raw\\postgres-replication.md#0"",""selected_sentence_indices"":[0,2,4],""original_tokens"":83,""optimized_tokens"":50},{""source_id"":""datasets\\raw\\postgres-replication.md#4"",""selected_sentence_indices"":[1],""original_tokens"":34,""optimized_tokens"":26},{""source_id"":""datasets\\raw\\postgres-replication.md#1"",""selected_sentence_indices"":[1,2,3],""original_tokens"":87,""optimized_tokens"":77},{""source_id"":""datasets\\raw\\kafka-overview.md#2"",""selected_sentence_indices"":[3,4,5],""original_tokens"":90,""optimized_tokens"":31}]",budget,1000
qt041,MULTI_PART,budget-1000,"How does streaming replication work, and what can happen if an asynchronous standby has not received the latest WAL?",5,5,2,379,267,112,0.2955145118733509,1,4,1.4981273408239701,0.2732156999409199,datasets\raw\postgres-replication.md|datasets\raw\postgres-replication.md|datasets\raw\postgres-replication.md|datasets\raw\postgres-mvcc.md|datasets\raw\postgres-replication.md,"[{""source_id"":""datasets\\raw\\postgres-replication.md#1"",""selected_sentence_indices"":[1,2,3],""original_tokens"":87,""optimized_tokens"":77},{""source_id"":""datasets\\raw\\postgres-replication.md#0"",""selected_sentence_indices"":[0,2,4],""original_tokens"":83,""optimized_tokens"":50},{""source_id"":""datasets\\raw\\postgres-replication.md#3"",""selected_sentence_indices"":[1,2,3],""original_tokens"":92,""optimized_tokens"":56},{""source_id"":""datasets\\raw\\postgres-mvcc.md#3"",""selected_sentence_indices"":[0],""original_tokens"":26,""optimized_tokens"":26},{""source_id"":""datasets\\raw\\postgres-replication.md#2"",""selected_sentence_indices"":[2,3,4],""original_tokens"":91,""optimized_tokens"":58}]",budget,1000
qt042,MULTI_PART,budget-1000,"How do snapshots provide MVCC visibility, and how does VACUUM reclaim obsolete versions?",5,5,2,396,195,201,0.5075757575757576,1,4,2.0512820512820515,0.2658341999631375,datasets\raw\postgres-mvcc.md|datasets\raw\postgres-mvcc.md|datasets\raw\postgres-mvcc.md|datasets\raw\postgres-mvcc.md|datasets\raw\postgres-replication.md,"[{""source_id"":""datasets\\raw\\postgres-mvcc.md#2"",""selected_sentence_indices"":[1,2,4],""original_tokens"":93,""optimized_tokens"":42},{""source_id"":""datasets\\raw\\postgres-mvcc.md#0"",""selected_sentence_indices"":[2,3,4],""original_tokens"":91,""optimized_tokens"":46},{""source_id"":""datasets\\raw\\postgres-mvcc.md#1"",""selected_sentence_indices"":[0,1,5],""original_tokens"":94,""optimized_tokens"":32},{""source_id"":""datasets\\raw\\postgres-mvcc.md#3"",""selected_sentence_indices"":[0],""original_tokens"":26,""optimized_tokens"":26},{""source_id"":""datasets\\raw\\postgres-replication.md#3"",""selected_sentence_indices"":[1,3,4],""original_tokens"":92,""optimized_tokens"":49}]",budget,1000
qt043,MULTI_PART,budget-1000,"How does Kubernetes filter and score nodes, and what happens after a Pod is bound?",5,5,2,411,250,161,0.39172749391727496,1,4,1.6,0.3095184999983758,datasets\raw\kubernetes-scheduling.md|datasets\raw\kubernetes-scheduling.md|datasets\raw\kubernetes-scheduling.md|datasets\raw\kubernetes-scheduling.md|datasets\raw\kafka-overview.md,"[{""source_id"":""datasets\\raw\\kubernetes-scheduling.md#0"",""selected_sentence_indices"":[0,1,2],""original_tokens"":91,""optimized_tokens"":49},{""source_id"":""datasets\\raw\\kubernetes-scheduling.md#2"",""selected_sentence_indices"":[2,3,4,6],""original_tokens"":96,""optimized_tokens"":60},{""source_id"":""datasets\\raw\\kubernetes-scheduling.md#3"",""selected_sentence_indices"":[1],""original_tokens"":37,""optimized_tokens"":26},{""source_id"":""datasets\\raw\\kubernetes-scheduling.md#1"",""selected_sentence_indices"":[1,2,3,4],""original_tokens"":94,""optimized_tokens"":55},{""source_id"":""datasets\\raw\\kafka-overview.md#1"",""selected_sentence_indices"":[1,2,3,6],""original_tokens"":93,""optimized_tokens"":60}]",budget,1000
qt044,MULTI_PART,budget-1000,"How do Kafka partitions enable parallelism, and how are they replicated across brokers?",5,5,2,345,205,140,0.4057971014492754,1,4,1.9512195121951221,0.30561699997633696,datasets\raw\kafka-overview.md|datasets\raw\kafka-overview.md|datasets\raw\kafka-overview.md|datasets\raw\kafka-overview.md|datasets\raw\postgres-replication.md,"[{""source_id"":""datasets\\raw\\kafka-overview.md#1"",""selected_sentence_indices"":[1,2,3,6],""original_tokens"":93,""optimized_tokens"":60},{""source_id"":""datasets\\raw\\kafka-overview.md#2"",""selected_sentence_indices"":[0,2,4],""original_tokens"":90,""optimized_tokens"":58},{""source_id"":""datasets\\raw\\kafka-overview.md#0"",""selected_sentence_indices"":[0,4,5],""original_tokens"":87,""optimized_tokens"":53},{""source_id"":""datasets\\raw\\kafka-overview.md#3"",""selected_sentence_indices"":[0],""original_tokens"":41,""optimized_tokens"":8},{""source_id"":""datasets\\raw\\postgres-replication.md#4"",""selected_sentence_indices"":[1],""original_tokens"":34,""optimized_tokens"":26}]",budget,1000
qt045,MULTI_PART,budget-1000,"What improves with synchronous replication, and why can commit latency increase?",5,5,2,386,233,153,0.3963730569948187,1,4,1.7167381974248928,0.3122872000094503,datasets\raw\postgres-replication.md|datasets\raw\postgres-replication.md|datasets\raw\postgres-replication.md|datasets\raw\kafka-overview.md|datasets\raw\postgres-replication.md,"[{""source_id"":""datasets\\raw\\postgres-replication.md#1"",""selected_sentence_indices"":[1,2,3],""original_tokens"":87,""optimized_tokens"":77},{""source_id"":""datasets\\raw\\postgres-replication.md#3"",""selected_sentence_indices"":[1,3,4],""original_tokens"":92,""optimized_tokens"":49},{""source_id"":""datasets\\raw\\postgres-replication.md#0"",""selected_sentence_indices"":[0,2,4],""original_tokens"":83,""optimized_tokens"":50},{""source_id"":""datasets\\raw\\kafka-overview.md#2"",""selected_sentence_indices"":[3,4,5],""original_tokens"":90,""optimized_tokens"":31},{""source_id"":""datasets\\raw\\postgres-replication.md#4"",""selected_sentence_indices"":[1],""original_tokens"":34,""optimized_tokens"":26}]",budget,1000
qt046,MULTI_PART,budget-1000,"Why do readers usually avoid blocking writers, and when are row locks still used?",5,5,3,454,298,156,0.3436123348017621,1,2,0.6711409395973155,0.333186199888587,datasets\raw\postgres-mvcc.md|datasets\raw\postgres-mvcc.md|datasets\raw\postgres-replication.md|datasets\raw\kafka-overview.md|datasets\raw\postgres-replication.md,"[{""source_id"":""datasets\\raw\\postgres-mvcc.md#1"",""selected_sentence_indices"":[2,3,4],""original_tokens"":94,""optimized_tokens"":62},{""source_id"":""datasets\\raw\\postgres-mvcc.md#0"",""selected_sentence_indices"":[0,1,4],""original_tokens"":91,""optimized_tokens"":59},{""source_id"":""datasets\\raw\\postgres-replication.md#3"",""selected_sentence_indices"":[1,2,4],""original_tokens"":92,""optimized_tokens"":52},{""source_id"":""datasets\\raw\\kafka-overview.md#2"",""selected_sentence_indices"":[1,2,3],""original_tokens"":90,""optimized_tokens"":48},{""source_id"":""datasets\\raw\\postgres-replication.md#1"",""selected_sentence_indices"":[1,2,3],""original_tokens"":87,""optimized_tokens"":77}]",budget,1000
qt047,MULTI_PART,budget-1000,"How do taints, tolerations, and node affinity jointly influence Pod placement?",5,5,2,408,252,156,0.38235294117647056,1,4,1.5873015873015872,0.3236996999476105,datasets\raw\kubernetes-scheduling.md|datasets\raw\kubernetes-scheduling.md|datasets\raw\kubernetes-scheduling.md|datasets\raw\kubernetes-scheduling.md|datasets\raw\kafka-overview.md,"[{""source_id"":""datasets\\raw\\kubernetes-scheduling.md#2"",""selected_sentence_indices"":[2,3,4,6],""original_tokens"":96,""optimized_tokens"":60},{""source_id"":""datasets\\raw\\kubernetes-scheduling.md#0"",""selected_sentence_indices"":[0,2,3],""original_tokens"":91,""optimized_tokens"":67},{""source_id"":""datasets\\raw\\kubernetes-scheduling.md#1"",""selected_sentence_indices"":[2,3,4,5],""original_tokens"":94,""optimized_tokens"":57},{""source_id"":""datasets\\raw\\kubernetes-scheduling.md#3"",""selected_sentence_indices"":[1],""original_tokens"":37,""optimized_tokens"":26},{""source_id"":""datasets\\raw\\kafka-overview.md#2"",""selected_sentence_indices"":[0,4,5],""original_tokens"":90,""optimized_tokens"":42}]",budget,1000
qt048,MULTI_PART,budget-1000,"How do consumer groups distribute partitions, and how can consumers replay old events?",5,5,2,403,221,182,0.45161290322580644,1,4,1.8099547511312217,0.30572549998760223,datasets\raw\kafka-overview.md|datasets\raw\kafka-overview.md|datasets\raw\kafka-overview.md|datasets\raw\kafka-overview.md|datasets\raw\postgres-replication.md,"[{""source_id"":""datasets\\raw\\kafka-overview.md#2"",""selected_sentence_indices"":[0,1,3],""original_tokens"":90,""optimized_tokens"":47},{""source_id"":""datasets\\raw\\kafka-overview.md#1"",""selected_sentence_indices"":[2,3,5,6],""original_tokens"":93,""optimized_tokens"":61},{""source_id"":""datasets\\raw\\kafka-overview.md#3"",""selected_sentence_indices"":[0],""original_tokens"":41,""optimized_tokens"":8},{""source_id"":""datasets\\raw\\kafka-overview.md#0"",""selected_sentence_indices"":[1,3,4],""original_tokens"":87,""optimized_tokens"":49},{""source_id"":""datasets\\raw\\postgres-replication.md#3"",""selected_sentence_indices"":[1,2,3],""original_tokens"":92,""optimized_tokens"":56}]",budget,1000
qt049,MULTI_PART,budget-1000,"How is a standby promoted, and why is external failover orchestration often used?",5,5,2,394,289,105,0.26649746192893403,1,4,1.3840830449826989,0.3053895002231002,datasets\raw\postgres-replication.md|datasets\raw\postgres-replication.md|datasets\raw\postgres-replication.md|datasets\raw\postgres-replication.md|datasets\raw\kafka-overview.md,"[{""source_id"":""datasets\\raw\\postgres-replication.md#2"",""selected_sentence_indices"":[2,3,4],""original_tokens"":91,""optimized_tokens"":58},{""source_id"":""datasets\\raw\\postgres-replication.md#3"",""selected_sentence_indices"":[0,1,2],""original_tokens"":92,""optimized_tokens"":64},{""source_id"":""datasets\\raw\\postgres-replication.md#1"",""selected_sentence_indices"":[1,2,3],""original_tokens"":87,""optimized_tokens"":77},{""source_id"":""datasets\\raw\\postgres-replication.md#0"",""selected_sentence_indices"":[0,2,3],""original_tokens"":83,""optimized_tokens"":57},{""source_id"":""datasets\\raw\\kafka-overview.md#3"",""selected_sentence_indices"":[1],""original_tokens"":41,""optimized_tokens"":33}]",budget,1000
qt050,MULTI_PART,budget-1000,"How do resource requests affect scheduling, and how are they different from limits?",5,5,2,408,217,191,0.4681372549019608,1,4,1.8433179723502304,0.3099986999295652,datasets\raw\kubernetes-scheduling.md|datasets\raw\kubernetes-scheduling.md|datasets\raw\kubernetes-scheduling.md|datasets\raw\kubernetes-scheduling.md|datasets\raw\kafka-overview.md,"[{""source_id"":""datasets\\raw\\kubernetes-scheduling.md#1"",""selected_sentence_indices"":[1,4,5,6],""original_tokens"":94,""optimized_tokens"":47},{""source_id"":""datasets\\raw\\kubernetes-scheduling.md#2"",""selected_sentence_indices"":[0,1,4,5],""original_tokens"":96,""optimized_tokens"":55},{""source_id"":""datasets\\raw\\kubernetes-scheduling.md#0"",""selected_sentence_indices"":[0,1,2],""original_tokens"":91,""optimized_tokens"":49},{""source_id"":""datasets\\raw\\kubernetes-scheduling.md#3"",""selected_sentence_indices"":[0],""original_tokens"":37,""optimized_tokens"":11},{""source_id"":""datasets\\raw\\kafka-overview.md#2"",""selected_sentence_indices"":[0,2,5],""original_tokens"":90,""optimized_tokens"":55}]",budget,1000
qt001,DIRECT,budget-1500,How does PostgreSQL streaming replication work?,5,5,2,389,258,131,0.33676092544987146,1,4,1.5503875968992247,0.29811810003593564,datasets\raw\postgres-replication.md|datasets\raw\postgres-replication.md|datasets\raw\postgres-replication.md|datasets\raw\postgres-replication.md|datasets\raw\postgres-mvcc.md,"[{""source_id"":""datasets\\raw\\postgres-replication.md#0"",""selected_sentence_indices"":[0,2,4],""original_tokens"":83,""optimized_tokens"":50},{""source_id"":""datasets\\raw\\postgres-replication.md#1"",""selected_sentence_indices"":[1,2,3],""original_tokens"":87,""optimized_tokens"":77},{""source_id"":""datasets\\raw\\postgres-replication.md#3"",""selected_sentence_indices"":[1,3,4],""original_tokens"":92,""optimized_tokens"":49},{""source_id"":""datasets\\raw\\postgres-replication.md#4"",""selected_sentence_indices"":[1],""original_tokens"":34,""optimized_tokens"":26},{""source_id"":""datasets\\raw\\postgres-mvcc.md#2"",""selected_sentence_indices"":[1,4,5],""original_tokens"":93,""optimized_tokens"":56}]",budget,1500
qt002,DIRECT,budget-1500,How does PostgreSQL MVCC determine row visibility?,5,5,2,396,228,168,0.42424242424242425,1,4,1.7543859649122808,0.2608666999731213,datasets\raw\postgres-mvcc.md|datasets\raw\postgres-mvcc.md|datasets\raw\postgres-mvcc.md|datasets\raw\postgres-mvcc.md|datasets\raw\postgres-replication.md,"[{""source_id"":""datasets\\raw\\postgres-mvcc.md#1"",""selected_sentence_indices"":[0,3,5],""original_tokens"":94,""optimized_tokens"":37},{""source_id"":""datasets\\raw\\postgres-mvcc.md#0"",""selected_sentence_indices"":[0,2,3],""original_tokens"":91,""optimized_tokens"":60},{""source_id"":""datasets\\raw\\postgres-mvcc.md#3"",""selected_sentence_indices"":[0],""original_tokens"":26,""optimized_tokens"":26},{""source_id"":""datasets\\raw\\postgres-mvcc.md#2"",""selected_sentence_indices"":[1,4,5],""original_tokens"":93,""optimized_tokens"":56},{""source_id"":""datasets\\raw\\postgres-replication.md#3"",""selected_sentence_indices"":[1,3,4],""original_tokens"":92,""optimized_tokens"":49}]",budget,1500
qt003,DIRECT,budget-1500,How does Kubernetes select a node for a Pod?,5,5,2,411,237,174,0.4233576642335766,1,4,1.6877637130801686,0.31057999981567264,datasets\raw\kubernetes-scheduling.md|datasets\raw\kubernetes-scheduling.md|datasets\raw\kubernetes-scheduling.md|datasets\raw\kubernetes-scheduling.md|datasets\raw\kafka-overview.md,"[{""source_id"":""datasets\\raw\\kubernetes-scheduling.md#0"",""selected_sentence_indices"":[0,1,2],""original_tokens"":91,""optimized_tokens"":49},{""source_id"":""datasets\\raw\\kubernetes-scheduling.md#2"",""selected_sentence_indices"":[2,3,4,6],""original_tokens"":96,""optimized_tokens"":60},{""source_id"":""datasets\\raw\\kubernetes-scheduling.md#3"",""selected_sentence_indices"":[1],""original_tokens"":37,""optimized_tokens"":26},{""source_id"":""datasets\\raw\\kubernetes-scheduling.md#1"",""selected_sentence_indices"":[1,3,4,5],""original_tokens"":94,""optimized_tokens"":42},{""source_id"":""datasets\\raw\\kafka-overview.md#1"",""selected_sentence_indices"":[1,2,3,6],""original_tokens"":93,""optimized_tokens"":60}]",budget,1500
qt004,DIRECT,budget-1500,What is Apache Kafka used for?,5,5,2,404,211,193,0.4777227722772277,1,4,1.8957345971563981,0.3024464000482112,datasets\raw\kafka-overview.md|datasets\raw\kafka-overview.md|datasets\raw\kafka-overview.md|datasets\raw\kafka-overview.md|datasets\raw\postgres-mvcc.md,"[{""source_id"":""datasets\\raw\\kafka-overview.md#0"",""selected_sentence_indices"":[0,4,5],""original_tokens"":87,""optimized_tokens"":53},{""source_id"":""datasets\\raw\\kafka-overview.md#1"",""selected_sentence_indices"":[0,1,2,6],""original_tokens"":93,""optimized_tokens"":51},{""source_id"":""datasets\\raw\\kafka-overview.md#3"",""selected_sentence_indices"":[0],""original_tokens"":41,""optimized_tokens"":8},{""source_id"":""datasets\\raw\\kafka-overview.md#2"",""selected_sentence_indices"":[2,4,5],""original_tokens"":90,""optimized_tokens"":44},{""source_id"":""datasets\\raw\\postgres-mvcc.md#2"",""selected_sentence_indices"":[2,3,5],""original_tokens"":93,""optimized_tokens"":55}]",budget,1500
qt005,DIRECT,budget-1500,What trade-off does synchronous PostgreSQL replication make?,5,5,2,322,228,94,0.2919254658385093,1,4,1.7543859649122808,0.26378820021636784,datasets\raw\postgres-replication.md|datasets\raw\postgres-replication.md|datasets\raw\postgres-replication.md|datasets\raw\postgres-replication.md|datasets\raw\postgres-mvcc.md,"[{""source_id"":""datasets\\raw\\postgres-replication.md#3"",""selected_sentence_indices"":[1,3,4],""original_tokens"":92,""optimized_tokens"":49},{""source_id"":""datasets\\raw\\postgres-replication.md#0"",""selected_sentence_indices"":[0,2,4],""original_tokens"":83,""optimized_tokens"":50},{""source_id"":""datasets\\raw\\postgres-replication.md#1"",""selected_sentence_indices"":[1,2,3],""original_tokens"":87,""optimized_tokens"":77},{""source_id"":""datasets\\raw\\postgres-replication.md#4"",""selected_sentence_indices"":[1],""original_tokens"":34,""optimized_tokens"":26},{""source_id"":""datasets\\raw\\postgres-mvcc.md#3"",""selected_sentence_indices"":[0],""original_tokens"":26,""optimized_tokens"":26}]",budget,1500
qt006,DIRECT,budget-1500,What does PostgreSQL VACUUM do?,5,5,2,385,250,135,0.35064935064935066,1,3,1.2,0.25262579997070134,datasets\raw\postgres-mvcc.md|datasets\raw\postgres-mvcc.md|datasets\raw\postgres-replication.md|datasets\raw\postgres-replication.md|datasets\raw\postgres-mvcc.md,"[{""source_id"":""datasets\\raw\\postgres-mvcc.md#2"",""selected_sentence_indices"":[1,2,3],""original_tokens"":93,""optimized_tokens"":52},{""source_id"":""datasets\\raw\\postgres-mvcc.md#0"",""selected_sentence_indices"":[0,3,4],""original_tokens"":91,""optimized_tokens"":58},{""source_id"":""datasets\\raw\\postgres-replication.md#3"",""selected_sentence_indices"":[1,2,3],""original_tokens"":92,""optimized_tokens"":56},{""source_id"":""datasets\\raw\\postgres-replication.md#0"",""selected_sentence_indices"":[0,1,2],""original_tokens"":83,""optimized_tokens"":58},{""source_id"":""datasets\\raw\\postgres-mvcc.md#3"",""selected_sentence_indices"":[0],""original_tokens"":26,""optimized_tokens"":26}]",budget,1500
qt007,DIRECT,budget-1500,How do Kubernetes taints and tolerations affect scheduling?,5,5,2,408,236,172,0.4215686274509804,1,4,1.6949152542372883,0.4067317999433726,datasets\raw\kubernetes-scheduling.md|datasets\raw\kubernetes-scheduling.md|datasets\raw\kubernetes-scheduling.md|datasets\raw\kubernetes-scheduling.md|datasets\raw\kafka-overview.md,"[{""source_id"":""datasets\\raw\\kubernetes-scheduling.md#2"",""selected_sentence_indices"":[1,2,4,6],""original_tokens"":96,""optimized_tokens"":70},{""source_id"":""datasets\\raw\\kubernetes-scheduling.md#0"",""selected_sentence_indices"":[0,1,2],""original_tokens"":91,""optimized_tokens"":49},{""source_id"":""datasets\\raw\\kubernetes-scheduling.md#3"",""selected_sentence_indices"":[1],""original_tokens"":37,""optimized_tokens"":26},{""source_id"":""datasets\\raw\\kubernetes-scheduling.md#1"",""selected_sentence_indices"":[1,4,5,6],""original_tokens"":94,""optimized_tokens"":47},{""source_id"":""datasets\\raw\\kafka-overview.md#2"",""selected_sentence_indices"":[2,4,5],""original_tokens"":90,""optimized_tokens"":44}]",budget,1500
qt008,DIRECT,budget-1500,How do Kafka consumer groups divide work?,5,5,2,403,223,180,0.4466501240694789,1,4,1.7937219730941705,0.31286559998989105,datasets\raw\kafka-overview.md|datasets\raw\kafka-overview.md|datasets\raw\kafka-overview.md|datasets\raw\kafka-overview.md|datasets\raw\postgres-replication.md,"[{""source_id"":""datasets\\raw\\kafka-overview.md#1"",""selected_sentence_indices"":[1,2,5,6],""original_tokens"":93,""optimized_tokens"":48},{""source_id"":""datasets\\raw\\kafka-overview.md#2"",""selected_sentence_indices"":[0,2,4],""original_tokens"":90,""optimized_tokens"":58},{""source_id"":""datasets\\raw\\kafka-overview.md#0"",""selected_sentence_indices"":[0,4,5],""original_tokens"":87,""optimized_tokens"":53},{""source_id"":""datasets\\raw\\kafka-overview.md#3"",""selected_sentence_indices"":[0],""original_tokens"":41,""optimized_tokens"":8},{""source_id"":""datasets\\raw\\postgres-replication.md#3"",""selected_sentence_indices"":[1,2,3],""original_tokens"":92,""optimized_tokens"":56}]",budget,1500
qt009,DIRECT,budget-1500,Why can a PostgreSQL replication slot consume disk space?,5,5,2,389,258,131,0.33676092544987146,1,4,1.5503875968992247,0.31388280005194247,datasets\raw\postgres-replication.md|datasets\raw\postgres-replication.md|datasets\raw\postgres-mvcc.md|datasets\raw\postgres-replication.md|datasets\raw\postgres-replication.md,"[{""source_id"":""datasets\\raw\\postgres-replication.md#3"",""selected_sentence_indices"":[1,2,3],""original_tokens"":92,""optimized_tokens"":56},{""source_id"":""datasets\\raw\\postgres-replication.md#4"",""selected_sentence_indices"":[1],""original_tokens"":34,""optimized_tokens"":26},{""source_id"":""datasets\\raw\\postgres-mvcc.md#2"",""selected_sentence_indices"":[1,2,5],""original_tokens"":93,""optimized_tokens"":49},{""source_id"":""datasets\\raw\\postgres-replication.md#0"",""selected_sentence_indices"":[0,2,4],""original_tokens"":83,""optimized_tokens"":50},{""source_id"":""datasets\\raw\\postgres-replication.md#1"",""selected_sentence_indices"":[1,2,3],""original_tokens"":87,""optimized_tokens"":77}]",budget,1500
qt010,DIRECT,budget-1500,How does logical replication differ from physical streaming replication?,5,5,2,386,233,153,0.3963730569948187,1,4,1.7167381974248928,0.316018900135532,datasets\raw\postgres-replication.md|datasets\raw\postgres-replication.md|datasets\raw\postgres-replication.md|datasets\raw\postgres-replication.md|datasets\raw\kafka-overview.md,"[{""source_id"":""datasets\\raw\\postgres-replication.md#4"",""selected_sentence_indices"":[1],""original_tokens"":34,""optimized_tokens"":26},{""source_id"":""datasets\\raw\\postgres-replication.md#3"",""selected_sentence_indices"":[1,3,4],""original_tokens"":92,""optimized_tokens"":49},{""source_id"":""datasets\\raw\\postgres-replication.md#1"",""selected_sentence_indices"":[1,2,3],""original_tokens"":87,""optimized_tokens"":77},{""source_id"":""datasets\\raw\\postgres-replication.md#0"",""selected_sentence_indices"":[0,2,4],""original_tokens"":83,""optimized_tokens"":50},{""source_id"":""datasets\\raw\\kafka-overview.md#2"",""selected_sentence_indices"":[3,4,5],""original_tokens"":90,""optimized_tokens"":31}]",budget,1500
qt011,PARAPHRASE,budget-1500,How can database readers see stable data without making writers wait?,5,5,2,447,285,162,0.3624161073825503,1,2,0.7017543859649122,0.3235915000550449,datasets\raw\postgres-mvcc.md|datasets\raw\postgres-mvcc.md|datasets\raw\postgres-replication.md|datasets\raw\postgres-replication.md|datasets\raw\postgres-replication.md,"[{""source_id"":""datasets\\raw\\postgres-mvcc.md#1"",""selected_sentence_indices"":[1,2,3],""original_tokens"":94,""optimized_tokens"":58},{""source_id"":""datasets\\raw\\postgres-mvcc.md#0"",""selected_sentence_indices"":[0,3,4],""original_tokens"":91,""optimized_tokens"":58},{""source_id"":""datasets\\raw\\postgres-replication.md#0"",""selected_sentence_indices"":[1,2,4],""original_tokens"":83,""optimized_tokens"":45},{""source_id"":""datasets\\raw\\postgres-replication.md#1"",""selected_sentence_indices"":[1,2,3],""original_tokens"":87,""optimized_tokens"":77},{""source_id"":""datasets\\raw\\postgres-replication.md#3"",""selected_sentence_indices"":[2,3,4],""original_tokens"":92,""optimized_tokens"":47}]",budget,1500
qt012,PARAPHRASE,budget-1500,How are change records shipped and applied to a backup database?,5,5,2,385,244,141,0.36623376623376624,1,2,0.819672131147541,0.2642374997958541,datasets\raw\postgres-mvcc.md|datasets\raw\postgres-mvcc.md|datasets\raw\postgres-mvcc.md|datasets\raw\postgres-replication.md|datasets\raw\postgres-replication.md,"[{""source_id"":""datasets\\raw\\postgres-mvcc.md#0"",""selected_sentence_indices"":[1,2,4],""original_tokens"":91,""optimized_tokens"":47},{""source_id"":""datasets\\raw\\postgres-mvcc.md#3"",""selected_sentence_indices"":[0],""original_tokens"":26,""optimized_tokens"":26},{""source_id"":""datasets\\raw\\postgres-mvcc.md#2"",""selected_sentence_indices"":[1,3,5],""original_tokens"":93,""optimized_tokens"":66},{""source_id"":""datasets\\raw\\postgres-replication.md#0"",""selected_sentence_indices"":[1,2,3],""original_tokens"":83,""optimized_tokens"":52},{""source_id"":""datasets\\raw\\postgres-replication.md#3"",""selected_sentence_indices"":[0,3,4],""original_tokens"":92,""optimized_tokens"":53}]",budget,1500
qt013,PARAPHRASE,budget-1500,What decides where a newly requested workload runs in a cluster?,5,5,2,410,241,169,0.4121951219512195,1,4,1.6597510373443982,0.3291777998674661,datasets\raw\kubernetes-scheduling.md|datasets\raw\kubernetes-scheduling.md|datasets\raw\kubernetes-scheduling.md|datasets\raw\postgres-replication.md|datasets\raw\kubernetes-scheduling.md,"[{""source_id"":""datasets\\raw\\kubernetes-scheduling.md#2"",""selected_sentence_indices"":[1,3,4,5],""original_tokens"":96,""optimized_tokens"":61},{""source_id"":""datasets\\raw\\kubernetes-scheduling.md#1"",""selected_sentence_indices"":[1,2,4,6],""original_tokens"":94,""optimized_tokens"":60},{""source_id"":""datasets\\raw\\kubernetes-scheduling.md#0"",""selected_sentence_indices"":[0,1,2],""original_tokens"":91,""optimized_tokens"":49},{""source_id"":""datasets\\raw\\postgres-replication.md#3"",""selected_sentence_indices"":[0,2,3],""original_tokens"":92,""optimized_tokens"":60},{""source_id"":""datasets\\raw\\kubernetes-scheduling.md#3"",""selected_sentence_indices"":[0],""original_tokens"":37,""optimized_tokens"":11}]",budget,1500
qt014,PARAPHRASE,budget-1500,How can separate applications independently reread the same ordered events?,5,5,2,403,231,172,0.4267990074441687,1,4,1.7316017316017316,0.33057600003667176,datasets\raw\kafka-overview.md|datasets\raw\kafka-overview.md|datasets\raw\kafka-overview.md|datasets\raw\postgres-replication.md|datasets\raw\kafka-overview.md,"[{""source_id"":""datasets\\raw\\kafka-overview.md#2"",""selected_sentence_indices"":[1,2,4],""original_tokens"":90,""optimized_tokens"":48},{""source_id"":""datasets\\raw\\kafka-overview.md#3"",""selected_sentence_indices"":[0],""original_tokens"":41,""optimized_tokens"":8},{""source_id"":""datasets\\raw\\kafka-overview.md#0"",""selected_sentence_indices"":[0,1,3],""original_tokens"":87,""optimized_tokens"":53},{""source_id"":""datasets\\raw\\postgres-replication.md#3"",""selected_sentence_indices"":[0,1,4],""original_tokens"":92,""optimized_tokens"":57},{""source_id"":""datasets\\raw\\kafka-overview.md#1"",""selected_sentence_indices"":[0,2,3,6],""original_tokens"":93,""optimized_tokens"":65}]",budget,1500
qt015,PARAPHRASE,budget-1500,Why might old copies of updated rows remain on disk?,5,5,2,404,210,194,0.4801980198019802,1,3,1.4285714285714286,0.2918207000475377,datasets\raw\postgres-mvcc.md|datasets\raw\postgres-mvcc.md|datasets\raw\postgres-mvcc.md|datasets\raw\postgres-replication.md|datasets\raw\postgres-replication.md,"[{""source_id"":""datasets\\raw\\postgres-mvcc.md#0"",""selected_sentence_indices"":[1,2,3],""original_tokens"":91,""optimized_tokens"":49},{""source_id"":""datasets\\raw\\postgres-mvcc.md#1"",""selected_sentence_indices"":[0,2,5],""original_tokens"":94,""optimized_tokens"":43},{""source_id"":""datasets\\raw\\postgres-mvcc.md#2"",""selected_sentence_indices"":[0,1,5],""original_tokens"":93,""optimized_tokens"":45},{""source_id"":""datasets\\raw\\postgres-replication.md#3"",""selected_sentence_indices"":[2,3,4],""original_tokens"":92,""optimized_tokens"":47},{""source_id"":""datasets\\raw\\postgres-replication.md#4"",""selected_sentence_indices"":[1],""original_tokens"":34,""optimized_tokens"":26}]",budget,1500
qt016,PARAPHRASE,budget-1500,How does the cluster avoid placing a workload on an unsuitable machine?,5,5,3,466,311,155,0.33261802575107297,1,3,0.9646302250803859,0.3199084000661969,datasets\raw\kubernetes-scheduling.md|datasets\raw\kubernetes-scheduling.md|datasets\raw\kubernetes-scheduling.md|datasets\raw\postgres-replication.md|datasets\raw\kafka-overview.md,"[{""source_id"":""datasets\\raw\\kubernetes-scheduling.md#2"",""selected_sentence_indices"":[1,2,4,5],""original_tokens"":96,""optimized_tokens"":74},{""source_id"":""datasets\\raw\\kubernetes-scheduling.md#0"",""selected_sentence_indices"":[0,2,3],""original_tokens"":91,""optimized_tokens"":67},{""source_id"":""datasets\\raw\\kubernetes-scheduling.md#1"",""selected_sentence_indices"":[1,2,5,6],""original_tokens"":94,""optimized_tokens"":56},{""source_id"":""datasets\\raw\\postgres-replication.md#3"",""selected_sentence_indices"":[0,1,2],""original_tokens"":92,""optimized_tokens"":64},{""source_id"":""datasets\\raw\\kafka-overview.md#1"",""selected_sentence_indices"":[0,1,2,3],""original_tokens"":93,""optimized_tokens"":50}]",budget,1500
qt017,PARAPHRASE,budget-1500,How is an event log spread across servers for parallelism and resilience?,5,5,2,393,209,184,0.4681933842239186,1,3,1.4354066985645935,0.30008199997246265,datasets\raw\kafka-overview.md|datasets\raw\kafka-overview.md|datasets\raw\kafka-overview.md|datasets\raw\postgres-replication.md|datasets\raw\postgres-replication.md,"[{""source_id"":""datasets\\raw\\kafka-overview.md#3"",""selected_sentence_indices"":[0],""original_tokens"":41,""optimized_tokens"":8},{""source_id"":""datasets\\raw\\kafka-overview.md#2"",""selected_sentence_indices"":[1,4,5],""original_tokens"":90,""optimized_tokens"":32},{""source_id"":""datasets\\raw\\kafka-overview.md#0"",""selected_sentence_indices"":[0,3,4],""original_tokens"":87,""optimized_tokens"":60},{""source_id"":""datasets\\raw\\postgres-replication.md#0"",""selected_sentence_indices"":[0,1,4],""original_tokens"":83,""optimized_tokens"":48},{""source_id"":""datasets\\raw\\postgres-replication.md#3"",""selected_sentence_indices"":[0,1,3],""original_tokens"":92,""optimized_tokens"":61}]",budget,1500
qt018,PARAPHRASE,budget-1500,What happens when the main database disappears and a copy must take writes?,5,5,2,450,286,164,0.36444444444444446,1,3,1.048951048951049,0.3110705001745373,datasets\raw\postgres-replication.md|datasets\raw\postgres-replication.md|datasets\raw\postgres-mvcc.md|datasets\raw\postgres-mvcc.md|datasets\raw\postgres-replication.md,"[{""source_id"":""datasets\\raw\\postgres-replication.md#3"",""selected_sentence_indices"":[1,2,3],""original_tokens"":92,""optimized_tokens"":56},{""source_id"":""datasets\\raw\\postgres-replication.md#2"",""selected_sentence_indices"":[2,3,4],""original_tokens"":91,""optimized_tokens"":58},{""source_id"":""datasets\\raw\\postgres-mvcc.md#2"",""selected_sentence_indices"":[1,4,5],""original_tokens"":93,""optimized_tokens"":56},{""source_id"":""datasets\\raw\\postgres-mvcc.md#0"",""selected_sentence_indices"":[0,2,4],""original_tokens"":91,""optimized_tokens"":58},{""source_id"":""datasets\\raw\\postgres-replication.md#0"",""selected_sentence_indices"":[0,1,2],""original_tokens"":83,""optimized_tokens"":58}]",budget,1500
qt019,PARAPHRASE,budget-1500,Why do declared resources matter more than momentary usage for workload placement?,5,5,3,466,299,167,0.3583690987124464,1,3,1.0033444816053512,0.38323969999328256,datasets\raw\kubernetes-scheduling.md|datasets\raw\kubernetes-scheduling.md|datasets\raw\kubernetes-scheduling.md|datasets\raw\postgres-mvcc.md|datasets\raw\postgres-replication.md,"[{""source_id"":""datasets\\raw\\kubernetes-scheduling.md#1"",""selected_sentence_indices"":[2,4,5,6],""original_tokens"":94,""optimized_tokens"":62},{""source_id"":""datasets\\raw\\kubernetes-scheduling.md#2"",""selected_sentence_indices"":[0,1,4,5],""original_tokens"":96,""optimized_tokens"":55},{""source_id"":""datasets\\raw\\kubernetes-scheduling.md#0"",""selected_sentence_indices"":[0,2,3],""original_tokens"":91,""optimized_tokens"":67},{""source_id"":""datasets\\raw\\postgres-mvcc.md#2"",""selected_sentence_indices"":[2,3,5],""original_tokens"":93,""optimized_tokens"":55},{""source_id"":""datasets\\raw\\postgres-replication.md#3"",""selected_sentence_indices"":[0,2,3],""original_tokens"":92,""optimized_tokens"":60}]",budget,1500
qt020,PARAPHRASE,budget-1500,How can a stream reader go back and process earlier records again?,5,5,3,445,294,151,0.3393258426966292,1,1,0.3401360544217687,0.308122499845922,datasets\raw\postgres-replication.md|datasets\raw\postgres-replication.md|datasets\raw\postgres-mvcc.md|datasets\raw\postgres-replication.md|datasets\raw\kafka-overview.md,"[{""source_id"":""datasets\\raw\\postgres-replication.md#1"",""selected_sentence_indices"":[1,2,3],""original_tokens"":87,""optimized_tokens"":77},{""source_id"":""datasets\\raw\\postgres-replication.md#0"",""selected_sentence_indices"":[1,3,4],""original_tokens"":83,""optimized_tokens"":42},{""source_id"":""datasets\\raw\\postgres-mvcc.md#2"",""selected_sentence_indices"":[1,3,5],""original_tokens"":93,""optimized_tokens"":66},{""source_id"":""datasets\\raw\\postgres-replication.md#3"",""selected_sentence_indices"":[0,1,3],""original_tokens"":92,""optimized_tokens"":61},{""source_id"":""datasets\\raw\\kafka-overview.md#2"",""selected_sentence_indices"":[1,2,3],""original_tokens"":90,""optimized_tokens"":48}]",budget,1500
qt021,VAGUE,budget-1500,Why are old versions not getting cleaned up?,5,5,2,404,185,219,0.5420792079207921,1,3,1.6216216216216215,0.306646800134331,datasets\raw\postgres-mvcc.md|datasets\raw\postgres-mvcc.md|datasets\raw\postgres-mvcc.md|datasets\raw\postgres-replication.md|datasets\raw\postgres-replication.md,"[{""source_id"":""datasets\\raw\\postgres-mvcc.md#2"",""selected_sentence_indices"":[0,1,2],""original_tokens"":93,""optimized_tokens"":31},{""source_id"":""datasets\\raw\\postgres-mvcc.md#1"",""selected_sentence_indices"":[0,1,5],""original_tokens"":94,""optimized_tokens"":32},{""source_id"":""datasets\\raw\\postgres-mvcc.md#0"",""selected_sentence_indices"":[1,2,3],""original_tokens"":91,""optimized_tokens"":49},{""source_id"":""datasets\\raw\\postgres-replication.md#4"",""selected_sentence_indices"":[1],""original_tokens"":34,""optimized_tokens"":26},{""source_id"":""datasets\\raw\\postgres-replication.md#3"",""selected_sentence_indices"":[2,3,4],""original_tokens"":92,""optimized_tokens"":47}]",budget,1500
qt022,VAGUE,budget-1500,Why is the replica falling behind?,5,5,2,386,192,194,0.5025906735751295,1,4,2.0833333333333335,0.2948331998195499,datasets\raw\postgres-replication.md|datasets\raw\postgres-replication.md|datasets\raw\postgres-replication.md|datasets\raw\postgres-replication.md|datasets\raw\kafka-overview.md,"[{""source_id"":""datasets\\raw\\postgres-replication.md#1"",""selected_sentence_indices"":[1,3,4],""original_tokens"":87,""optimized_tokens"":50},{""source_id"":""datasets\\raw\\postgres-replication.md#3"",""selected_sentence_indices"":[1,2,3],""original_tokens"":92,""optimized_tokens"":56},{""source_id"":""datasets\\raw\\postgres-replication.md#0"",""selected_sentence_indices"":[0,3,4],""original_tokens"":83,""optimized_tokens"":47},{""source_id"":""datasets\\raw\\postgres-replication.md#4"",""selected_sentence_indices"":[0],""original_tokens"":34,""optimized_tokens"":8},{""source_id"":""datasets\\raw\\kafka-overview.md#2"",""selected_sentence_indices"":[3,4,5],""original_tokens"":90,""optimized_tokens"":31}]",budget,1500
qt023,VAGUE,budget-1500,Why is my workload still pending?,5,5,2,405,237,168,0.4148148148148148,1,4,1.6877637130801686,0.31879090005531907,datasets\raw\kubernetes-scheduling.md|datasets\raw\kubernetes-scheduling.md|datasets\raw\kubernetes-scheduling.md|datasets\raw\postgres-replication.md|datasets\raw\kubernetes-scheduling.md,"[{""source_id"":""datasets\\raw\\kubernetes-scheduling.md#0"",""selected_sentence_indices"":[0,1,2],""original_tokens"":91,""optimized_tokens"":49},{""source_id"":""datasets\\raw\\kubernetes-scheduling.md#1"",""selected_sentence_indices"":[1,2,4,6],""original_tokens"":94,""optimized_tokens"":60},{""source_id"":""datasets\\raw\\kubernetes-scheduling.md#2"",""selected_sentence_indices"":[0,1,4,5],""original_tokens"":96,""optimized_tokens"":55},{""source_id"":""datasets\\raw\\postgres-replication.md#1"",""selected_sentence_indices"":[0,1,2],""original_tokens"":87,""optimized_tokens"":62},{""source_id"":""datasets\\raw\\kubernetes-scheduling.md#3"",""selected_sentence_indices"":[0],""original_tokens"":37,""optimized_tokens"":11}]",budget,1500
qt024,VAGUE,budget-1500,How can I read the same messages again?,5,5,3,399,214,185,0.46365914786967416,1,2,0.9345794392523364,0.2951746000908315,datasets\raw\kafka-overview.md|datasets\raw\postgres-mvcc.md|datasets\raw\kafka-overview.md|datasets\raw\postgres-mvcc.md|datasets\raw\postgres-replication.md,"[{""source_id"":""datasets\\raw\\kafka-overview.md#2"",""selected_sentence_indices"":[1,2,3],""original_tokens"":90,""optimized_tokens"":48},{""source_id"":""datasets\\raw\\postgres-mvcc.md#1"",""selected_sentence_indices"":[1,2,3],""original_tokens"":94,""optimized_tokens"":58},{""source_id"":""datasets\\raw\\kafka-overview.md#3"",""selected_sentence_indices"":[0],""original_tokens"":41,""optimized_tokens"":8},{""source_id"":""datasets\\raw\\postgres-mvcc.md#0"",""selected_sentence_indices"":[0,2,4],""original_tokens"":91,""optimized_tokens"":58},{""source_id"":""datasets\\raw\\postgres-replication.md#0"",""selected_sentence_indices"":[1,3,4],""original_tokens"":83,""optimized_tokens"":42}]",budget,1500
qt025,VAGUE,budget-1500,Why is commit slower now?,5,5,2,389,249,140,0.35989717223650386,1,2,0.8032128514056224,0.2667605997994542,datasets\raw\postgres-mvcc.md|datasets\raw\postgres-mvcc.md|datasets\raw\postgres-replication.md|datasets\raw\postgres-mvcc.md|datasets\raw\postgres-replication.md,"[{""source_id"":""datasets\\raw\\postgres-mvcc.md#1"",""selected_sentence_indices"":[1,2,4],""original_tokens"":94,""optimized_tokens"":57},{""source_id"":""datasets\\raw\\postgres-mvcc.md#0"",""selected_sentence_indices"":[0,2,4],""original_tokens"":91,""optimized_tokens"":58},{""source_id"":""datasets\\raw\\postgres-replication.md#1"",""selected_sentence_indices"":[0,2,3],""original_tokens"":87,""optimized_tokens"":59},{""source_id"":""datasets\\raw\\postgres-mvcc.md#3"",""selected_sentence_indices"":[0],""original_tokens"":26,""optimized_tokens"":26},{""source_id"":""datasets\\raw\\postgres-replication.md#2"",""selected_sentence_indices"":[0,1,3],""original_tokens"":91,""optimized_tokens"":49}]",budget,1500
qt026,VAGUE,budget-1500,Why do reads keep changing between statements?,5,5,2,386,232,154,0.39896373056994816,1,3,1.293103448275862,0.2561653000302613,datasets\raw\postgres-mvcc.md|datasets\raw\postgres-mvcc.md|datasets\raw\postgres-mvcc.md|datasets\raw\postgres-replication.md|datasets\raw\postgres-replication.md,"[{""source_id"":""datasets\\raw\\postgres-mvcc.md#1"",""selected_sentence_indices"":[1,2,3],""original_tokens"":94,""optimized_tokens"":58},{""source_id"":""datasets\\raw\\postgres-mvcc.md#0"",""selected_sentence_indices"":[0,1,4],""original_tokens"":91,""optimized_tokens"":59},{""source_id"":""datasets\\raw\\postgres-mvcc.md#3"",""selected_sentence_indices"":[0],""original_tokens"":26,""optimized_tokens"":26},{""source_id"":""datasets\\raw\\postgres-replication.md#3"",""selected_sentence_indices"":[2,3,4],""original_tokens"":92,""optimized_tokens"":47},{""source_id"":""datasets\\raw\\postgres-replication.md#0"",""selected_sentence_indices"":[1,3,4],""original_tokens"":83,""optimized_tokens"":42}]",budget,1500
qt027,VAGUE,budget-1500,Why won't this workload run on that machine?,5,5,2,405,243,162,0.4,1,4,1.6460905349794237,0.31172319990582764,datasets\raw\kubernetes-scheduling.md|datasets\raw\kubernetes-scheduling.md|datasets\raw\kubernetes-scheduling.md|datasets\raw\kubernetes-scheduling.md|datasets\raw\postgres-replication.md,"[{""source_id"":""datasets\\raw\\kubernetes-scheduling.md#0"",""selected_sentence_indices"":[0,2,3],""original_tokens"":91,""optimized_tokens"":67},{""source_id"":""datasets\\raw\\kubernetes-scheduling.md#3"",""selected_sentence_indices"":[0],""original_tokens"":37,""optimized_tokens"":11},{""source_id"":""datasets\\raw\\kubernetes-scheduling.md#1"",""selected_sentence_indices"":[0,1,4,5],""original_tokens"":94,""optimized_tokens"":48},{""source_id"":""datasets\\raw\\kubernetes-scheduling.md#2"",""selected_sentence_indices"":[0,1,4,5],""original_tokens"":96,""optimized_tokens"":55},{""source_id"":""datasets\\raw\\postgres-replication.md#1"",""selected_sentence_indices"":[0,1,2],""original_tokens"":87,""optimized_tokens"":62}]",budget,1500
qt028,VAGUE,budget-1500,Why isn't one reader handling every partition?,5,5,2,405,232,173,0.4271604938271605,1,4,1.7241379310344829,0.30538509995676577,datasets\raw\kafka-overview.md|datasets\raw\kafka-overview.md|datasets\raw\postgres-mvcc.md|datasets\raw\kafka-overview.md|datasets\raw\kafka-overview.md,"[{""source_id"":""datasets\\raw\\kafka-overview.md#2"",""selected_sentence_indices"":[0,1,2],""original_tokens"":90,""optimized_tokens"":60},{""source_id"":""datasets\\raw\\kafka-overview.md#1"",""selected_sentence_indices"":[0,2,3,6],""original_tokens"":93,""optimized_tokens"":65},{""source_id"":""datasets\\raw\\postgres-mvcc.md#1"",""selected_sentence_indices"":[1,2,3],""original_tokens"":94,""optimized_tokens"":58},{""source_id"":""datasets\\raw\\kafka-overview.md#3"",""selected_sentence_indices"":[0],""original_tokens"":41,""optimized_tokens"":8},{""source_id"":""datasets\\raw\\kafka-overview.md#0"",""selected_sentence_indices"":[2,3,4],""original_tokens"":87,""optimized_tokens"":41}]",budget,1500
qt029,VAGUE,budget-1500,Why is the log filling the disk?,5,5,3,399,179,220,0.5513784461152882,1,2,1.1173184357541899,0.2955622998997569,datasets\raw\kafka-overview.md|datasets\raw\postgres-mvcc.md|datasets\raw\kafka-overview.md|datasets\raw\postgres-replication.md|datasets\raw\postgres-replication.md,"[{""source_id"":""datasets\\raw\\kafka-overview.md#3"",""selected_sentence_indices"":[0],""original_tokens"":41,""optimized_tokens"":8},{""source_id"":""datasets\\raw\\postgres-mvcc.md#2"",""selected_sentence_indices"":[0,1,2],""original_tokens"":93,""optimized_tokens"":31},{""source_id"":""datasets\\raw\\kafka-overview.md#2"",""selected_sentence_indices"":[0,4,5],""original_tokens"":90,""optimized_tokens"":42},{""source_id"":""datasets\\raw\\postgres-replication.md#0"",""selected_sentence_indices"":[1,3,4],""original_tokens"":83,""optimized_tokens"":42},{""source_id"":""datasets\\raw\\postgres-replication.md#3"",""selected_sentence_indices"":[1,2,3],""original_tokens"":92,""optimized_tokens"":56}]",budget,1500
qt030,VAGUE,budget-1500,Who actually starts the containers?,5,5,2,411,188,223,0.5425790754257908,1,4,2.127659574468085,0.30065840017050505,datasets\raw\kubernetes-scheduling.md|datasets\raw\kubernetes-scheduling.md|datasets\raw\kubernetes-scheduling.md|datasets\raw\kubernetes-scheduling.md|datasets\raw\kafka-overview.md,"[{""source_id"":""datasets\\raw\\kubernetes-scheduling.md#3"",""selected_sentence_indices"":[0],""original_tokens"":37,""optimized_tokens"":11},{""source_id"":""datasets\\raw\\kubernetes-scheduling.md#2"",""selected_sentence_indices"":[0,2,5,6],""original_tokens"":96,""optimized_tokens"":48},{""source_id"":""datasets\\raw\\kubernetes-scheduling.md#0"",""selected_sentence_indices"":[0,2,4],""original_tokens"":91,""optimized_tokens"":33},{""source_id"":""datasets\\raw\\kubernetes-scheduling.md#1"",""selected_sentence_indices"":[1,4,5,6],""original_tokens"":94,""optimized_tokens"":47},{""source_id"":""datasets\\raw\\kafka-overview.md#1"",""selected_sentence_indices"":[1,3,4,5],""original_tokens"":93,""optimized_tokens"":49}]",budget,1500
qt031,EXACT_IDENTIFIER,budget-1500,What does WAL do in PostgreSQL streaming replication?,5,5,2,381,265,116,0.30446194225721784,1,3,1.1320754716981132,0.2671485000755638,datasets\raw\postgres-replication.md|datasets\raw\postgres-replication.md|datasets\raw\postgres-replication.md|datasets\raw\postgres-mvcc.md|datasets\raw\postgres-mvcc.md,"[{""source_id"":""datasets\\raw\\postgres-replication.md#0"",""selected_sentence_indices"":[0,2,4],""original_tokens"":83,""optimized_tokens"":50},{""source_id"":""datasets\\raw\\postgres-replication.md#1"",""selected_sentence_indices"":[1,2,3],""original_tokens"":87,""optimized_tokens"":77},{""source_id"":""datasets\\raw\\postgres-replication.md#3"",""selected_sentence_indices"":[1,2,3],""original_tokens"":92,""optimized_tokens"":56},{""source_id"":""datasets\\raw\\postgres-mvcc.md#3"",""selected_sentence_indices"":[0],""original_tokens"":26,""optimized_tokens"":26},{""source_id"":""datasets\\raw\\postgres-mvcc.md#2"",""selected_sentence_indices"":[1,4,5],""original_tokens"":93,""optimized_tokens"":56}]",budget,1500
qt032,EXACT_IDENTIFIER,budget-1500,What does MVCC provide in PostgreSQL?,5,5,2,387,255,132,0.34108527131782945,1,4,1.5686274509803924,0.27338979998603463,datasets\raw\postgres-mvcc.md|datasets\raw\postgres-mvcc.md|datasets\raw\postgres-mvcc.md|datasets\raw\postgres-mvcc.md|datasets\raw\postgres-replication.md,"[{""source_id"":""datasets\\raw\\postgres-mvcc.md#3"",""selected_sentence_indices"":[0],""original_tokens"":26,""optimized_tokens"":26},{""source_id"":""datasets\\raw\\postgres-mvcc.md#0"",""selected_sentence_indices"":[0,3,4],""original_tokens"":91,""optimized_tokens"":58},{""source_id"":""datasets\\raw\\postgres-mvcc.md#1"",""selected_sentence_indices"":[2,3,5],""original_tokens"":94,""optimized_tokens"":57},{""source_id"":""datasets\\raw\\postgres-mvcc.md#2"",""selected_sentence_indices"":[1,4,5],""original_tokens"":93,""optimized_tokens"":56},{""source_id"":""datasets\\raw\\postgres-replication.md#0"",""selected_sentence_indices"":[0,1,2],""original_tokens"":83,""optimized_tokens"":58}]",budget,1500
qt033,EXACT_IDENTIFIER,budget-1500,What does VACUUM do with obsolete row versions?,5,5,2,404,189,215,0.5321782178217822,1,3,1.5873015873015874,0.2924661999568343,datasets\raw\postgres-mvcc.md|datasets\raw\postgres-mvcc.md|datasets\raw\postgres-mvcc.md|datasets\raw\postgres-replication.md|datasets\raw\postgres-replication.md,"[{""source_id"":""datasets\\raw\\postgres-mvcc.md#2"",""selected_sentence_indices"":[0,1,2],""original_tokens"":93,""optimized_tokens"":31},{""source_id"":""datasets\\raw\\postgres-mvcc.md#1"",""selected_sentence_indices"":[0,4,5],""original_tokens"":94,""optimized_tokens"":36},{""source_id"":""datasets\\raw\\postgres-mvcc.md#0"",""selected_sentence_indices"":[1,2,3],""original_tokens"":91,""optimized_tokens"":49},{""source_id"":""datasets\\raw\\postgres-replication.md#4"",""selected_sentence_indices"":[1],""original_tokens"":34,""optimized_tokens"":26},{""source_id"":""datasets\\raw\\postgres-replication.md#3"",""selected_sentence_indices"":[2,3,4],""original_tokens"":92,""optimized_tokens"":47}]",budget,1500
qt034,EXACT_IDENTIFIER,budget-1500,How does Read Committed choose snapshots?,5,5,3,445,270,175,0.39325842696629215,1,2,0.7407407407407407,0.299572299933061,datasets\raw\postgres-mvcc.md|datasets\raw\postgres-mvcc.md|datasets\raw\postgres-replication.md|datasets\raw\kafka-overview.md|datasets\raw\postgres-replication.md,"[{""source_id"":""datasets\\raw\\postgres-mvcc.md#0"",""selected_sentence_indices"":[2,3,4],""original_tokens"":91,""optimized_tokens"":46},{""source_id"":""datasets\\raw\\postgres-mvcc.md#1"",""selected_sentence_indices"":[1,2,3],""original_tokens"":94,""optimized_tokens"":58},{""source_id"":""datasets\\raw\\postgres-replication.md#1"",""selected_sentence_indices"":[1,2,3],""original_tokens"":87,""optimized_tokens"":77},{""source_id"":""datasets\\raw\\kafka-overview.md#2"",""selected_sentence_indices"":[2,3,4],""original_tokens"":90,""optimized_tokens"":47},{""source_id"":""datasets\\raw\\postgres-replication.md#0"",""selected_sentence_indices"":[1,3,4],""original_tokens"":83,""optimized_tokens"":42}]",budget,1500
qt035,EXACT_IDENTIFIER,budget-1500,How does Repeatable Read use a snapshot?,5,5,3,450,243,207,0.46,1,2,0.8230452674897119,0.3230187001172453,datasets\raw\postgres-mvcc.md|datasets\raw\postgres-mvcc.md|datasets\raw\postgres-replication.md|datasets\raw\kafka-overview.md|datasets\raw\postgres-replication.md,"[{""source_id"":""datasets\\raw\\postgres-mvcc.md#1"",""selected_sentence_indices"":[1,2,3],""original_tokens"":94,""optimized_tokens"":58},{""source_id"":""datasets\\raw\\postgres-mvcc.md#0"",""selected_sentence_indices"":[2,3,4],""original_tokens"":91,""optimized_tokens"":46},{""source_id"":""datasets\\raw\\postgres-replication.md#0"",""selected_sentence_indices"":[1,3,4],""original_tokens"":83,""optimized_tokens"":42},{""source_id"":""datasets\\raw\\kafka-overview.md#2"",""selected_sentence_indices"":[1,2,3],""original_tokens"":90,""optimized_tokens"":48},{""source_id"":""datasets\\raw\\postgres-replication.md#3"",""selected_sentence_indices"":[1,3,4],""original_tokens"":92,""optimized_tokens"":49}]",budget,1500
qt036,EXACT_IDENTIFIER,budget-1500,What does node affinity do for a Pod?,5,5,2,411,237,174,0.4233576642335766,1,4,1.6877637130801686,0.3206676999107003,datasets\raw\kubernetes-scheduling.md|datasets\raw\kubernetes-scheduling.md|datasets\raw\kubernetes-scheduling.md|datasets\raw\kubernetes-scheduling.md|datasets\raw\kafka-overview.md,"[{""source_id"":""datasets\\raw\\kubernetes-scheduling.md#2"",""selected_sentence_indices"":[2,3,4,6],""original_tokens"":96,""optimized_tokens"":60},{""source_id"":""datasets\\raw\\kubernetes-scheduling.md#0"",""selected_sentence_indices"":[0,1,2],""original_tokens"":91,""optimized_tokens"":49},{""source_id"":""datasets\\raw\\kubernetes-scheduling.md#3"",""selected_sentence_indices"":[1],""original_tokens"":37,""optimized_tokens"":26},{""source_id"":""datasets\\raw\\kubernetes-scheduling.md#1"",""selected_sentence_indices"":[1,3,4,5],""original_tokens"":94,""optimized_tokens"":42},{""source_id"":""datasets\\raw\\kafka-overview.md#1"",""selected_sentence_indices"":[1,2,3,6],""original_tokens"":93,""optimized_tokens"":60}]",budget,1500
qt037,EXACT_IDENTIFIER,budget-1500,What does kubelet do after Pod binding?,5,5,2,355,187,168,0.4732394366197183,1,3,1.6042780748663101,0.31369590014219284,datasets\raw\kubernetes-scheduling.md|datasets\raw\kubernetes-scheduling.md|datasets\raw\kubernetes-scheduling.md|datasets\raw\kafka-overview.md|datasets\raw\kafka-overview.md,"[{""source_id"":""datasets\\raw\\kubernetes-scheduling.md#2"",""selected_sentence_indices"":[2,3,4,6],""original_tokens"":96,""optimized_tokens"":60},{""source_id"":""datasets\\raw\\kubernetes-scheduling.md#3"",""selected_sentence_indices"":[1],""original_tokens"":37,""optimized_tokens"":26},{""source_id"":""datasets\\raw\\kubernetes-scheduling.md#0"",""selected_sentence_indices"":[0,1,2],""original_tokens"":91,""optimized_tokens"":49},{""source_id"":""datasets\\raw\\kafka-overview.md#3"",""selected_sentence_indices"":[0],""original_tokens"":41,""optimized_tokens"":8},{""source_id"":""datasets\\raw\\kafka-overview.md#2"",""selected_sentence_indices"":[2,4,5],""original_tokens"":90,""optimized_tokens"":44}]",budget,1500
qt038,EXACT_IDENTIFIER,budget-1500,What is a Kafka topic partition?,5,5,2,345,168,177,0.5130434782608696,1,4,2.380952380952381,0.3033072999678552,datasets\raw\kafka-overview.md|datasets\raw\kafka-overview.md|datasets\raw\kafka-overview.md|datasets\raw\kafka-overview.md|datasets\raw\postgres-replication.md,"[{""source_id"":""datasets\\raw\\kafka-overview.md#0"",""selected_sentence_indices"":[2,4,5],""original_tokens"":87,""optimized_tokens"":34},{""source_id"":""datasets\\raw\\kafka-overview.md#1"",""selected_sentence_indices"":[1,2,3,6],""original_tokens"":93,""optimized_tokens"":60},{""source_id"":""datasets\\raw\\kafka-overview.md#2"",""selected_sentence_indices"":[0,2,4],""original_tokens"":90,""optimized_tokens"":58},{""source_id"":""datasets\\raw\\kafka-overview.md#3"",""selected_sentence_indices"":[0],""original_tokens"":41,""optimized_tokens"":8},{""source_id"":""datasets\\raw\\postgres-replication.md#4"",""selected_sentence_indices"":[0],""original_tokens"":34,""optimized_tokens"":8}]",budget,1500
qt039,EXACT_IDENTIFIER,budget-1500,What does a Kafka consumer group do?,5,5,2,404,222,182,0.4504950495049505,1,4,1.8018018018018016,0.34875050000846386,datasets\raw\kafka-overview.md|datasets\raw\kafka-overview.md|datasets\raw\kafka-overview.md|datasets\raw\kafka-overview.md|datasets\raw\postgres-mvcc.md,"[{""source_id"":""datasets\\raw\\kafka-overview.md#1"",""selected_sentence_indices"":[1,2,5,6],""original_tokens"":93,""optimized_tokens"":48},{""source_id"":""datasets\\raw\\kafka-overview.md#2"",""selected_sentence_indices"":[0,2,4],""original_tokens"":90,""optimized_tokens"":58},{""source_id"":""datasets\\raw\\kafka-overview.md#0"",""selected_sentence_indices"":[0,4,5],""original_tokens"":87,""optimized_tokens"":53},{""source_id"":""datasets\\raw\\kafka-overview.md#3"",""selected_sentence_indices"":[0],""original_tokens"":41,""optimized_tokens"":8},{""source_id"":""datasets\\raw\\postgres-mvcc.md#2"",""selected_sentence_indices"":[2,3,5],""original_tokens"":93,""optimized_tokens"":55}]",budget,1500
qt040,EXACT_IDENTIFIER,budget-1500,What is a replication slot?,5,5,2,386,240,146,0.37823834196891193,1,4,1.6666666666666667,0.3514876998960972,datasets\raw\postgres-replication.md|datasets\raw\postgres-replication.md|datasets\raw\postgres-replication.md|datasets\raw\postgres-replication.md|datasets\raw\kafka-overview.md,"[{""source_id"":""datasets\\raw\\postgres-replication.md#3"",""selected_sentence_indices"":[1,2,3],""original_tokens"":92,""optimized_tokens"":56},{""source_id"":""datasets\\raw\\postgres-replication.md#0"",""selected_sentence_indices"":[0,2,4],""original_tokens"":83,""optimized_tokens"":50},{""source_id"":""datasets\\raw\\postgres-replication.md#4"",""selected_sentence_indices"":[1],""original_tokens"":34,""optimized_tokens"":26},{""source_id"":""datasets\\raw\\postgres-replication.md#1"",""selected_sentence_indices"":[1,2,3],""original_tokens"":87,""optimized_tokens"":77},{""source_id"":""datasets\\raw\\kafka-overview.md#2"",""selected_sentence_indices"":[3,4,5],""original_tokens"":90,""optimized_tokens"":31}]",budget,1500
qt041,MULTI_PART,budget-1500,"How does streaming replication work, and what can happen if an asynchronous standby has not received the latest WAL?",5,5,2,379,267,112,0.2955145118733509,1,4,1.4981273408239701,0.2823107000440359,datasets\raw\postgres-replication.md|datasets\raw\postgres-replication.md|datasets\raw\postgres-replication.md|datasets\raw\postgres-mvcc.md|datasets\raw\postgres-replication.md,"[{""source_id"":""datasets\\raw\\postgres-replication.md#1"",""selected_sentence_indices"":[1,2,3],""original_tokens"":87,""optimized_tokens"":77},{""source_id"":""datasets\\raw\\postgres-replication.md#0"",""selected_sentence_indices"":[0,2,4],""original_tokens"":83,""optimized_tokens"":50},{""source_id"":""datasets\\raw\\postgres-replication.md#3"",""selected_sentence_indices"":[1,2,3],""original_tokens"":92,""optimized_tokens"":56},{""source_id"":""datasets\\raw\\postgres-mvcc.md#3"",""selected_sentence_indices"":[0],""original_tokens"":26,""optimized_tokens"":26},{""source_id"":""datasets\\raw\\postgres-replication.md#2"",""selected_sentence_indices"":[2,3,4],""original_tokens"":91,""optimized_tokens"":58}]",budget,1500
qt042,MULTI_PART,budget-1500,"How do snapshots provide MVCC visibility, and how does VACUUM reclaim obsolete versions?",5,5,2,396,195,201,0.5075757575757576,1,4,2.0512820512820515,0.2830668999813497,datasets\raw\postgres-mvcc.md|datasets\raw\postgres-mvcc.md|datasets\raw\postgres-mvcc.md|datasets\raw\postgres-mvcc.md|datasets\raw\postgres-replication.md,"[{""source_id"":""datasets\\raw\\postgres-mvcc.md#2"",""selected_sentence_indices"":[1,2,4],""original_tokens"":93,""optimized_tokens"":42},{""source_id"":""datasets\\raw\\postgres-mvcc.md#0"",""selected_sentence_indices"":[2,3,4],""original_tokens"":91,""optimized_tokens"":46},{""source_id"":""datasets\\raw\\postgres-mvcc.md#1"",""selected_sentence_indices"":[0,1,5],""original_tokens"":94,""optimized_tokens"":32},{""source_id"":""datasets\\raw\\postgres-mvcc.md#3"",""selected_sentence_indices"":[0],""original_tokens"":26,""optimized_tokens"":26},{""source_id"":""datasets\\raw\\postgres-replication.md#3"",""selected_sentence_indices"":[1,3,4],""original_tokens"":92,""optimized_tokens"":49}]",budget,1500
qt043,MULTI_PART,budget-1500,"How does Kubernetes filter and score nodes, and what happens after a Pod is bound?",5,5,2,411,250,161,0.39172749391727496,1,4,1.6,0.32205389998853207,datasets\raw\kubernetes-scheduling.md|datasets\raw\kubernetes-scheduling.md|datasets\raw\kubernetes-scheduling.md|datasets\raw\kubernetes-scheduling.md|datasets\raw\kafka-overview.md,"[{""source_id"":""datasets\\raw\\kubernetes-scheduling.md#0"",""selected_sentence_indices"":[0,1,2],""original_tokens"":91,""optimized_tokens"":49},{""source_id"":""datasets\\raw\\kubernetes-scheduling.md#2"",""selected_sentence_indices"":[2,3,4,6],""original_tokens"":96,""optimized_tokens"":60},{""source_id"":""datasets\\raw\\kubernetes-scheduling.md#3"",""selected_sentence_indices"":[1],""original_tokens"":37,""optimized_tokens"":26},{""source_id"":""datasets\\raw\\kubernetes-scheduling.md#1"",""selected_sentence_indices"":[1,2,3,4],""original_tokens"":94,""optimized_tokens"":55},{""source_id"":""datasets\\raw\\kafka-overview.md#1"",""selected_sentence_indices"":[1,2,3,6],""original_tokens"":93,""optimized_tokens"":60}]",budget,1500
qt044,MULTI_PART,budget-1500,"How do Kafka partitions enable parallelism, and how are they replicated across brokers?",5,5,2,345,205,140,0.4057971014492754,1,4,1.9512195121951221,0.30264939996413887,datasets\raw\kafka-overview.md|datasets\raw\kafka-overview.md|datasets\raw\kafka-overview.md|datasets\raw\kafka-overview.md|datasets\raw\postgres-replication.md,"[{""source_id"":""datasets\\raw\\kafka-overview.md#1"",""selected_sentence_indices"":[1,2,3,6],""original_tokens"":93,""optimized_tokens"":60},{""source_id"":""datasets\\raw\\kafka-overview.md#2"",""selected_sentence_indices"":[0,2,4],""original_tokens"":90,""optimized_tokens"":58},{""source_id"":""datasets\\raw\\kafka-overview.md#0"",""selected_sentence_indices"":[0,4,5],""original_tokens"":87,""optimized_tokens"":53},{""source_id"":""datasets\\raw\\kafka-overview.md#3"",""selected_sentence_indices"":[0],""original_tokens"":41,""optimized_tokens"":8},{""source_id"":""datasets\\raw\\postgres-replication.md#4"",""selected_sentence_indices"":[1],""original_tokens"":34,""optimized_tokens"":26}]",budget,1500
qt045,MULTI_PART,budget-1500,"What improves with synchronous replication, and why can commit latency increase?",5,5,2,386,233,153,0.3963730569948187,1,4,1.7167381974248928,0.31310640019364655,datasets\raw\postgres-replication.md|datasets\raw\postgres-replication.md|datasets\raw\postgres-replication.md|datasets\raw\kafka-overview.md|datasets\raw\postgres-replication.md,"[{""source_id"":""datasets\\raw\\postgres-replication.md#1"",""selected_sentence_indices"":[1,2,3],""original_tokens"":87,""optimized_tokens"":77},{""source_id"":""datasets\\raw\\postgres-replication.md#3"",""selected_sentence_indices"":[1,3,4],""original_tokens"":92,""optimized_tokens"":49},{""source_id"":""datasets\\raw\\postgres-replication.md#0"",""selected_sentence_indices"":[0,2,4],""original_tokens"":83,""optimized_tokens"":50},{""source_id"":""datasets\\raw\\kafka-overview.md#2"",""selected_sentence_indices"":[3,4,5],""original_tokens"":90,""optimized_tokens"":31},{""source_id"":""datasets\\raw\\postgres-replication.md#4"",""selected_sentence_indices"":[1],""original_tokens"":34,""optimized_tokens"":26}]",budget,1500
qt046,MULTI_PART,budget-1500,"Why do readers usually avoid blocking writers, and when are row locks still used?",5,5,3,454,298,156,0.3436123348017621,1,2,0.6711409395973155,0.3507946999743581,datasets\raw\postgres-mvcc.md|datasets\raw\postgres-mvcc.md|datasets\raw\postgres-replication.md|datasets\raw\kafka-overview.md|datasets\raw\postgres-replication.md,"[{""source_id"":""datasets\\raw\\postgres-mvcc.md#1"",""selected_sentence_indices"":[2,3,4],""original_tokens"":94,""optimized_tokens"":62},{""source_id"":""datasets\\raw\\postgres-mvcc.md#0"",""selected_sentence_indices"":[0,1,4],""original_tokens"":91,""optimized_tokens"":59},{""source_id"":""datasets\\raw\\postgres-replication.md#3"",""selected_sentence_indices"":[1,2,4],""original_tokens"":92,""optimized_tokens"":52},{""source_id"":""datasets\\raw\\kafka-overview.md#2"",""selected_sentence_indices"":[1,2,3],""original_tokens"":90,""optimized_tokens"":48},{""source_id"":""datasets\\raw\\postgres-replication.md#1"",""selected_sentence_indices"":[1,2,3],""original_tokens"":87,""optimized_tokens"":77}]",budget,1500
qt047,MULTI_PART,budget-1500,"How do taints, tolerations, and node affinity jointly influence Pod placement?",5,5,2,408,252,156,0.38235294117647056,1,4,1.5873015873015872,0.31601559999398887,datasets\raw\kubernetes-scheduling.md|datasets\raw\kubernetes-scheduling.md|datasets\raw\kubernetes-scheduling.md|datasets\raw\kubernetes-scheduling.md|datasets\raw\kafka-overview.md,"[{""source_id"":""datasets\\raw\\kubernetes-scheduling.md#2"",""selected_sentence_indices"":[2,3,4,6],""original_tokens"":96,""optimized_tokens"":60},{""source_id"":""datasets\\raw\\kubernetes-scheduling.md#0"",""selected_sentence_indices"":[0,2,3],""original_tokens"":91,""optimized_tokens"":67},{""source_id"":""datasets\\raw\\kubernetes-scheduling.md#1"",""selected_sentence_indices"":[2,3,4,5],""original_tokens"":94,""optimized_tokens"":57},{""source_id"":""datasets\\raw\\kubernetes-scheduling.md#3"",""selected_sentence_indices"":[1],""original_tokens"":37,""optimized_tokens"":26},{""source_id"":""datasets\\raw\\kafka-overview.md#2"",""selected_sentence_indices"":[0,4,5],""original_tokens"":90,""optimized_tokens"":42}]",budget,1500
qt048,MULTI_PART,budget-1500,"How do consumer groups distribute partitions, and how can consumers replay old events?",5,5,2,403,221,182,0.45161290322580644,1,4,1.8099547511312217,0.3248244000133127,datasets\raw\kafka-overview.md|datasets\raw\kafka-overview.md|datasets\raw\kafka-overview.md|datasets\raw\kafka-overview.md|datasets\raw\postgres-replication.md,"[{""source_id"":""datasets\\raw\\kafka-overview.md#2"",""selected_sentence_indices"":[0,1,3],""original_tokens"":90,""optimized_tokens"":47},{""source_id"":""datasets\\raw\\kafka-overview.md#1"",""selected_sentence_indices"":[2,3,5,6],""original_tokens"":93,""optimized_tokens"":61},{""source_id"":""datasets\\raw\\kafka-overview.md#3"",""selected_sentence_indices"":[0],""original_tokens"":41,""optimized_tokens"":8},{""source_id"":""datasets\\raw\\kafka-overview.md#0"",""selected_sentence_indices"":[1,3,4],""original_tokens"":87,""optimized_tokens"":49},{""source_id"":""datasets\\raw\\postgres-replication.md#3"",""selected_sentence_indices"":[1,2,3],""original_tokens"":92,""optimized_tokens"":56}]",budget,1500
qt049,MULTI_PART,budget-1500,"How is a standby promoted, and why is external failover orchestration often used?",5,5,2,394,289,105,0.26649746192893403,1,4,1.3840830449826989,0.324597799917683,datasets\raw\postgres-replication.md|datasets\raw\postgres-replication.md|datasets\raw\postgres-replication.md|datasets\raw\postgres-replication.md|datasets\raw\kafka-overview.md,"[{""source_id"":""datasets\\raw\\postgres-replication.md#2"",""selected_sentence_indices"":[2,3,4],""original_tokens"":91,""optimized_tokens"":58},{""source_id"":""datasets\\raw\\postgres-replication.md#3"",""selected_sentence_indices"":[0,1,2],""original_tokens"":92,""optimized_tokens"":64},{""source_id"":""datasets\\raw\\postgres-replication.md#1"",""selected_sentence_indices"":[1,2,3],""original_tokens"":87,""optimized_tokens"":77},{""source_id"":""datasets\\raw\\postgres-replication.md#0"",""selected_sentence_indices"":[0,2,3],""original_tokens"":83,""optimized_tokens"":57},{""source_id"":""datasets\\raw\\kafka-overview.md#3"",""selected_sentence_indices"":[1],""original_tokens"":41,""optimized_tokens"":33}]",budget,1500
qt050,MULTI_PART,budget-1500,"How do resource requests affect scheduling, and how are they different from limits?",5,5,2,408,217,191,0.4681372549019608,1,4,1.8433179723502304,0.3258060000371188,datasets\raw\kubernetes-scheduling.md|datasets\raw\kubernetes-scheduling.md|datasets\raw\kubernetes-scheduling.md|datasets\raw\kubernetes-scheduling.md|datasets\raw\kafka-overview.md,"[{""source_id"":""datasets\\raw\\kubernetes-scheduling.md#1"",""selected_sentence_indices"":[1,4,5,6],""original_tokens"":94,""optimized_tokens"":47},{""source_id"":""datasets\\raw\\kubernetes-scheduling.md#2"",""selected_sentence_indices"":[0,1,4,5],""original_tokens"":96,""optimized_tokens"":55},{""source_id"":""datasets\\raw\\kubernetes-scheduling.md#0"",""selected_sentence_indices"":[0,1,2],""original_tokens"":91,""optimized_tokens"":49},{""source_id"":""datasets\\raw\\kubernetes-scheduling.md#3"",""selected_sentence_indices"":[0],""original_tokens"":37,""optimized_tokens"":11},{""source_id"":""datasets\\raw\\kafka-overview.md#2"",""selected_sentence_indices"":[0,2,5],""original_tokens"":90,""optimized_tokens"":55}]",budget,1500
qt001,DIRECT,budget-2000,How does PostgreSQL streaming replication work?,5,5,2,389,258,131,0.33676092544987146,1,4,1.5503875968992247,0.29836350004188716,datasets\raw\postgres-replication.md|datasets\raw\postgres-replication.md|datasets\raw\postgres-replication.md|datasets\raw\postgres-replication.md|datasets\raw\postgres-mvcc.md,"[{""source_id"":""datasets\\raw\\postgres-replication.md#0"",""selected_sentence_indices"":[0,2,4],""original_tokens"":83,""optimized_tokens"":50},{""source_id"":""datasets\\raw\\postgres-replication.md#1"",""selected_sentence_indices"":[1,2,3],""original_tokens"":87,""optimized_tokens"":77},{""source_id"":""datasets\\raw\\postgres-replication.md#3"",""selected_sentence_indices"":[1,3,4],""original_tokens"":92,""optimized_tokens"":49},{""source_id"":""datasets\\raw\\postgres-replication.md#4"",""selected_sentence_indices"":[1],""original_tokens"":34,""optimized_tokens"":26},{""source_id"":""datasets\\raw\\postgres-mvcc.md#2"",""selected_sentence_indices"":[1,4,5],""original_tokens"":93,""optimized_tokens"":56}]",budget,2000
qt002,DIRECT,budget-2000,How does PostgreSQL MVCC determine row visibility?,5,5,2,396,228,168,0.42424242424242425,1,4,1.7543859649122808,0.26779019995592535,datasets\raw\postgres-mvcc.md|datasets\raw\postgres-mvcc.md|datasets\raw\postgres-mvcc.md|datasets\raw\postgres-mvcc.md|datasets\raw\postgres-replication.md,"[{""source_id"":""datasets\\raw\\postgres-mvcc.md#1"",""selected_sentence_indices"":[0,3,5],""original_tokens"":94,""optimized_tokens"":37},{""source_id"":""datasets\\raw\\postgres-mvcc.md#0"",""selected_sentence_indices"":[0,2,3],""original_tokens"":91,""optimized_tokens"":60},{""source_id"":""datasets\\raw\\postgres-mvcc.md#3"",""selected_sentence_indices"":[0],""original_tokens"":26,""optimized_tokens"":26},{""source_id"":""datasets\\raw\\postgres-mvcc.md#2"",""selected_sentence_indices"":[1,4,5],""original_tokens"":93,""optimized_tokens"":56},{""source_id"":""datasets\\raw\\postgres-replication.md#3"",""selected_sentence_indices"":[1,3,4],""original_tokens"":92,""optimized_tokens"":49}]",budget,2000
qt003,DIRECT,budget-2000,How does Kubernetes select a node for a Pod?,5,5,2,411,237,174,0.4233576642335766,1,4,1.6877637130801686,0.3045667000114918,datasets\raw\kubernetes-scheduling.md|datasets\raw\kubernetes-scheduling.md|datasets\raw\kubernetes-scheduling.md|datasets\raw\kubernetes-scheduling.md|datasets\raw\kafka-overview.md,"[{""source_id"":""datasets\\raw\\kubernetes-scheduling.md#0"",""selected_sentence_indices"":[0,1,2],""original_tokens"":91,""optimized_tokens"":49},{""source_id"":""datasets\\raw\\kubernetes-scheduling.md#2"",""selected_sentence_indices"":[2,3,4,6],""original_tokens"":96,""optimized_tokens"":60},{""source_id"":""datasets\\raw\\kubernetes-scheduling.md#3"",""selected_sentence_indices"":[1],""original_tokens"":37,""optimized_tokens"":26},{""source_id"":""datasets\\raw\\kubernetes-scheduling.md#1"",""selected_sentence_indices"":[1,3,4,5],""original_tokens"":94,""optimized_tokens"":42},{""source_id"":""datasets\\raw\\kafka-overview.md#1"",""selected_sentence_indices"":[1,2,3,6],""original_tokens"":93,""optimized_tokens"":60}]",budget,2000
qt004,DIRECT,budget-2000,What is Apache Kafka used for?,5,5,2,404,211,193,0.4777227722772277,1,4,1.8957345971563981,0.2930014000739902,datasets\raw\kafka-overview.md|datasets\raw\kafka-overview.md|datasets\raw\kafka-overview.md|datasets\raw\kafka-overview.md|datasets\raw\postgres-mvcc.md,"[{""source_id"":""datasets\\raw\\kafka-overview.md#0"",""selected_sentence_indices"":[0,4,5],""original_tokens"":87,""optimized_tokens"":53},{""source_id"":""datasets\\raw\\kafka-overview.md#1"",""selected_sentence_indices"":[0,1,2,6],""original_tokens"":93,""optimized_tokens"":51},{""source_id"":""datasets\\raw\\kafka-overview.md#3"",""selected_sentence_indices"":[0],""original_tokens"":41,""optimized_tokens"":8},{""source_id"":""datasets\\raw\\kafka-overview.md#2"",""selected_sentence_indices"":[2,4,5],""original_tokens"":90,""optimized_tokens"":44},{""source_id"":""datasets\\raw\\postgres-mvcc.md#2"",""selected_sentence_indices"":[2,3,5],""original_tokens"":93,""optimized_tokens"":55}]",budget,2000
qt005,DIRECT,budget-2000,What trade-off does synchronous PostgreSQL replication make?,5,5,2,322,228,94,0.2919254658385093,1,4,1.7543859649122808,0.25491420016624033,datasets\raw\postgres-replication.md|datasets\raw\postgres-replication.md|datasets\raw\postgres-replication.md|datasets\raw\postgres-replication.md|datasets\raw\postgres-mvcc.md,"[{""source_id"":""datasets\\raw\\postgres-replication.md#3"",""selected_sentence_indices"":[1,3,4],""original_tokens"":92,""optimized_tokens"":49},{""source_id"":""datasets\\raw\\postgres-replication.md#0"",""selected_sentence_indices"":[0,2,4],""original_tokens"":83,""optimized_tokens"":50},{""source_id"":""datasets\\raw\\postgres-replication.md#1"",""selected_sentence_indices"":[1,2,3],""original_tokens"":87,""optimized_tokens"":77},{""source_id"":""datasets\\raw\\postgres-replication.md#4"",""selected_sentence_indices"":[1],""original_tokens"":34,""optimized_tokens"":26},{""source_id"":""datasets\\raw\\postgres-mvcc.md#3"",""selected_sentence_indices"":[0],""original_tokens"":26,""optimized_tokens"":26}]",budget,2000
qt006,DIRECT,budget-2000,What does PostgreSQL VACUUM do?,5,5,2,385,250,135,0.35064935064935066,1,3,1.2,0.26486849994398654,datasets\raw\postgres-mvcc.md|datasets\raw\postgres-mvcc.md|datasets\raw\postgres-replication.md|datasets\raw\postgres-replication.md|datasets\raw\postgres-mvcc.md,"[{""source_id"":""datasets\\raw\\postgres-mvcc.md#2"",""selected_sentence_indices"":[1,2,3],""original_tokens"":93,""optimized_tokens"":52},{""source_id"":""datasets\\raw\\postgres-mvcc.md#0"",""selected_sentence_indices"":[0,3,4],""original_tokens"":91,""optimized_tokens"":58},{""source_id"":""datasets\\raw\\postgres-replication.md#3"",""selected_sentence_indices"":[1,2,3],""original_tokens"":92,""optimized_tokens"":56},{""source_id"":""datasets\\raw\\postgres-replication.md#0"",""selected_sentence_indices"":[0,1,2],""original_tokens"":83,""optimized_tokens"":58},{""source_id"":""datasets\\raw\\postgres-mvcc.md#3"",""selected_sentence_indices"":[0],""original_tokens"":26,""optimized_tokens"":26}]",budget,2000
qt007,DIRECT,budget-2000,How do Kubernetes taints and tolerations affect scheduling?,5,5,2,408,236,172,0.4215686274509804,1,4,1.6949152542372883,0.3123959999065846,datasets\raw\kubernetes-scheduling.md|datasets\raw\kubernetes-scheduling.md|datasets\raw\kubernetes-scheduling.md|datasets\raw\kubernetes-scheduling.md|datasets\raw\kafka-overview.md,"[{""source_id"":""datasets\\raw\\kubernetes-scheduling.md#2"",""selected_sentence_indices"":[1,2,4,6],""original_tokens"":96,""optimized_tokens"":70},{""source_id"":""datasets\\raw\\kubernetes-scheduling.md#0"",""selected_sentence_indices"":[0,1,2],""original_tokens"":91,""optimized_tokens"":49},{""source_id"":""datasets\\raw\\kubernetes-scheduling.md#3"",""selected_sentence_indices"":[1],""original_tokens"":37,""optimized_tokens"":26},{""source_id"":""datasets\\raw\\kubernetes-scheduling.md#1"",""selected_sentence_indices"":[1,4,5,6],""original_tokens"":94,""optimized_tokens"":47},{""source_id"":""datasets\\raw\\kafka-overview.md#2"",""selected_sentence_indices"":[2,4,5],""original_tokens"":90,""optimized_tokens"":44}]",budget,2000
qt008,DIRECT,budget-2000,How do Kafka consumer groups divide work?,5,5,2,403,223,180,0.4466501240694789,1,4,1.7937219730941705,0.30289610009640455,datasets\raw\kafka-overview.md|datasets\raw\kafka-overview.md|datasets\raw\kafka-overview.md|datasets\raw\kafka-overview.md|datasets\raw\postgres-replication.md,"[{""source_id"":""datasets\\raw\\kafka-overview.md#1"",""selected_sentence_indices"":[1,2,5,6],""original_tokens"":93,""optimized_tokens"":48},{""source_id"":""datasets\\raw\\kafka-overview.md#2"",""selected_sentence_indices"":[0,2,4],""original_tokens"":90,""optimized_tokens"":58},{""source_id"":""datasets\\raw\\kafka-overview.md#0"",""selected_sentence_indices"":[0,4,5],""original_tokens"":87,""optimized_tokens"":53},{""source_id"":""datasets\\raw\\kafka-overview.md#3"",""selected_sentence_indices"":[0],""original_tokens"":41,""optimized_tokens"":8},{""source_id"":""datasets\\raw\\postgres-replication.md#3"",""selected_sentence_indices"":[1,2,3],""original_tokens"":92,""optimized_tokens"":56}]",budget,2000
qt009,DIRECT,budget-2000,Why can a PostgreSQL replication slot consume disk space?,5,5,2,389,258,131,0.33676092544987146,1,4,1.5503875968992247,0.30256820004433393,datasets\raw\postgres-replication.md|datasets\raw\postgres-replication.md|datasets\raw\postgres-mvcc.md|datasets\raw\postgres-replication.md|datasets\raw\postgres-replication.md,"[{""source_id"":""datasets\\raw\\postgres-replication.md#3"",""selected_sentence_indices"":[1,2,3],""original_tokens"":92,""optimized_tokens"":56},{""source_id"":""datasets\\raw\\postgres-replication.md#4"",""selected_sentence_indices"":[1],""original_tokens"":34,""optimized_tokens"":26},{""source_id"":""datasets\\raw\\postgres-mvcc.md#2"",""selected_sentence_indices"":[1,2,5],""original_tokens"":93,""optimized_tokens"":49},{""source_id"":""datasets\\raw\\postgres-replication.md#0"",""selected_sentence_indices"":[0,2,4],""original_tokens"":83,""optimized_tokens"":50},{""source_id"":""datasets\\raw\\postgres-replication.md#1"",""selected_sentence_indices"":[1,2,3],""original_tokens"":87,""optimized_tokens"":77}]",budget,2000
qt010,DIRECT,budget-2000,How does logical replication differ from physical streaming replication?,5,5,2,386,233,153,0.3963730569948187,1,4,1.7167381974248928,0.3012934001162648,datasets\raw\postgres-replication.md|datasets\raw\postgres-replication.md|datasets\raw\postgres-replication.md|datasets\raw\postgres-replication.md|datasets\raw\kafka-overview.md,"[{""source_id"":""datasets\\raw\\postgres-replication.md#4"",""selected_sentence_indices"":[1],""original_tokens"":34,""optimized_tokens"":26},{""source_id"":""datasets\\raw\\postgres-replication.md#3"",""selected_sentence_indices"":[1,3,4],""original_tokens"":92,""optimized_tokens"":49},{""source_id"":""datasets\\raw\\postgres-replication.md#1"",""selected_sentence_indices"":[1,2,3],""original_tokens"":87,""optimized_tokens"":77},{""source_id"":""datasets\\raw\\postgres-replication.md#0"",""selected_sentence_indices"":[0,2,4],""original_tokens"":83,""optimized_tokens"":50},{""source_id"":""datasets\\raw\\kafka-overview.md#2"",""selected_sentence_indices"":[3,4,5],""original_tokens"":90,""optimized_tokens"":31}]",budget,2000
qt011,PARAPHRASE,budget-2000,How can database readers see stable data without making writers wait?,5,5,2,447,285,162,0.3624161073825503,1,2,0.7017543859649122,0.3262855999637395,datasets\raw\postgres-mvcc.md|datasets\raw\postgres-mvcc.md|datasets\raw\postgres-replication.md|datasets\raw\postgres-replication.md|datasets\raw\postgres-replication.md,"[{""source_id"":""datasets\\raw\\postgres-mvcc.md#1"",""selected_sentence_indices"":[1,2,3],""original_tokens"":94,""optimized_tokens"":58},{""source_id"":""datasets\\raw\\postgres-mvcc.md#0"",""selected_sentence_indices"":[0,3,4],""original_tokens"":91,""optimized_tokens"":58},{""source_id"":""datasets\\raw\\postgres-replication.md#0"",""selected_sentence_indices"":[1,2,4],""original_tokens"":83,""optimized_tokens"":45},{""source_id"":""datasets\\raw\\postgres-replication.md#1"",""selected_sentence_indices"":[1,2,3],""original_tokens"":87,""optimized_tokens"":77},{""source_id"":""datasets\\raw\\postgres-replication.md#3"",""selected_sentence_indices"":[2,3,4],""original_tokens"":92,""optimized_tokens"":47}]",budget,2000
qt012,PARAPHRASE,budget-2000,How are change records shipped and applied to a backup database?,5,5,2,385,244,141,0.36623376623376624,1,2,0.819672131147541,0.277037899941206,datasets\raw\postgres-mvcc.md|datasets\raw\postgres-mvcc.md|datasets\raw\postgres-mvcc.md|datasets\raw\postgres-replication.md|datasets\raw\postgres-replication.md,"[{""source_id"":""datasets\\raw\\postgres-mvcc.md#0"",""selected_sentence_indices"":[1,2,4],""original_tokens"":91,""optimized_tokens"":47},{""source_id"":""datasets\\raw\\postgres-mvcc.md#3"",""selected_sentence_indices"":[0],""original_tokens"":26,""optimized_tokens"":26},{""source_id"":""datasets\\raw\\postgres-mvcc.md#2"",""selected_sentence_indices"":[1,3,5],""original_tokens"":93,""optimized_tokens"":66},{""source_id"":""datasets\\raw\\postgres-replication.md#0"",""selected_sentence_indices"":[1,2,3],""original_tokens"":83,""optimized_tokens"":52},{""source_id"":""datasets\\raw\\postgres-replication.md#3"",""selected_sentence_indices"":[0,3,4],""original_tokens"":92,""optimized_tokens"":53}]",budget,2000
qt013,PARAPHRASE,budget-2000,What decides where a newly requested workload runs in a cluster?,5,5,2,410,241,169,0.4121951219512195,1,4,1.6597510373443982,0.31522480002604425,datasets\raw\kubernetes-scheduling.md|datasets\raw\kubernetes-scheduling.md|datasets\raw\kubernetes-scheduling.md|datasets\raw\postgres-replication.md|datasets\raw\kubernetes-scheduling.md,"[{""source_id"":""datasets\\raw\\kubernetes-scheduling.md#2"",""selected_sentence_indices"":[1,3,4,5],""original_tokens"":96,""optimized_tokens"":61},{""source_id"":""datasets\\raw\\kubernetes-scheduling.md#1"",""selected_sentence_indices"":[1,2,4,6],""original_tokens"":94,""optimized_tokens"":60},{""source_id"":""datasets\\raw\\kubernetes-scheduling.md#0"",""selected_sentence_indices"":[0,1,2],""original_tokens"":91,""optimized_tokens"":49},{""source_id"":""datasets\\raw\\postgres-replication.md#3"",""selected_sentence_indices"":[0,2,3],""original_tokens"":92,""optimized_tokens"":60},{""source_id"":""datasets\\raw\\kubernetes-scheduling.md#3"",""selected_sentence_indices"":[0],""original_tokens"":37,""optimized_tokens"":11}]",budget,2000
qt014,PARAPHRASE,budget-2000,How can separate applications independently reread the same ordered events?,5,5,2,403,231,172,0.4267990074441687,1,4,1.7316017316017316,0.31177789997309446,datasets\raw\kafka-overview.md|datasets\raw\kafka-overview.md|datasets\raw\kafka-overview.md|datasets\raw\postgres-replication.md|datasets\raw\kafka-overview.md,"[{""source_id"":""datasets\\raw\\kafka-overview.md#2"",""selected_sentence_indices"":[1,2,4],""original_tokens"":90,""optimized_tokens"":48},{""source_id"":""datasets\\raw\\kafka-overview.md#3"",""selected_sentence_indices"":[0],""original_tokens"":41,""optimized_tokens"":8},{""source_id"":""datasets\\raw\\kafka-overview.md#0"",""selected_sentence_indices"":[0,1,3],""original_tokens"":87,""optimized_tokens"":53},{""source_id"":""datasets\\raw\\postgres-replication.md#3"",""selected_sentence_indices"":[0,1,4],""original_tokens"":92,""optimized_tokens"":57},{""source_id"":""datasets\\raw\\kafka-overview.md#1"",""selected_sentence_indices"":[0,2,3,6],""original_tokens"":93,""optimized_tokens"":65}]",budget,2000
qt015,PARAPHRASE,budget-2000,Why might old copies of updated rows remain on disk?,5,5,2,404,210,194,0.4801980198019802,1,3,1.4285714285714286,0.2898014998063445,datasets\raw\postgres-mvcc.md|datasets\raw\postgres-mvcc.md|datasets\raw\postgres-mvcc.md|datasets\raw\postgres-replication.md|datasets\raw\postgres-replication.md,"[{""source_id"":""datasets\\raw\\postgres-mvcc.md#0"",""selected_sentence_indices"":[1,2,3],""original_tokens"":91,""optimized_tokens"":49},{""source_id"":""datasets\\raw\\postgres-mvcc.md#1"",""selected_sentence_indices"":[0,2,5],""original_tokens"":94,""optimized_tokens"":43},{""source_id"":""datasets\\raw\\postgres-mvcc.md#2"",""selected_sentence_indices"":[0,1,5],""original_tokens"":93,""optimized_tokens"":45},{""source_id"":""datasets\\raw\\postgres-replication.md#3"",""selected_sentence_indices"":[2,3,4],""original_tokens"":92,""optimized_tokens"":47},{""source_id"":""datasets\\raw\\postgres-replication.md#4"",""selected_sentence_indices"":[1],""original_tokens"":34,""optimized_tokens"":26}]",budget,2000
qt016,PARAPHRASE,budget-2000,How does the cluster avoid placing a workload on an unsuitable machine?,5,5,3,466,311,155,0.33261802575107297,1,3,0.9646302250803859,0.3311550000216812,datasets\raw\kubernetes-scheduling.md|datasets\raw\kubernetes-scheduling.md|datasets\raw\kubernetes-scheduling.md|datasets\raw\postgres-replication.md|datasets\raw\kafka-overview.md,"[{""source_id"":""datasets\\raw\\kubernetes-scheduling.md#2"",""selected_sentence_indices"":[1,2,4,5],""original_tokens"":96,""optimized_tokens"":74},{""source_id"":""datasets\\raw\\kubernetes-scheduling.md#0"",""selected_sentence_indices"":[0,2,3],""original_tokens"":91,""optimized_tokens"":67},{""source_id"":""datasets\\raw\\kubernetes-scheduling.md#1"",""selected_sentence_indices"":[1,2,5,6],""original_tokens"":94,""optimized_tokens"":56},{""source_id"":""datasets\\raw\\postgres-replication.md#3"",""selected_sentence_indices"":[0,1,2],""original_tokens"":92,""optimized_tokens"":64},{""source_id"":""datasets\\raw\\kafka-overview.md#1"",""selected_sentence_indices"":[0,1,2,3],""original_tokens"":93,""optimized_tokens"":50}]",budget,2000
qt017,PARAPHRASE,budget-2000,How is an event log spread across servers for parallelism and resilience?,5,5,2,393,209,184,0.4681933842239186,1,3,1.4354066985645935,0.31476300000213087,datasets\raw\kafka-overview.md|datasets\raw\kafka-overview.md|datasets\raw\kafka-overview.md|datasets\raw\postgres-replication.md|datasets\raw\postgres-replication.md,"[{""source_id"":""datasets\\raw\\kafka-overview.md#3"",""selected_sentence_indices"":[0],""original_tokens"":41,""optimized_tokens"":8},{""source_id"":""datasets\\raw\\kafka-overview.md#2"",""selected_sentence_indices"":[1,4,5],""original_tokens"":90,""optimized_tokens"":32},{""source_id"":""datasets\\raw\\kafka-overview.md#0"",""selected_sentence_indices"":[0,3,4],""original_tokens"":87,""optimized_tokens"":60},{""source_id"":""datasets\\raw\\postgres-replication.md#0"",""selected_sentence_indices"":[0,1,4],""original_tokens"":83,""optimized_tokens"":48},{""source_id"":""datasets\\raw\\postgres-replication.md#3"",""selected_sentence_indices"":[0,1,3],""original_tokens"":92,""optimized_tokens"":61}]",budget,2000
qt018,PARAPHRASE,budget-2000,What happens when the main database disappears and a copy must take writes?,5,5,2,450,286,164,0.36444444444444446,1,3,1.048951048951049,0.31366429990157485,datasets\raw\postgres-replication.md|datasets\raw\postgres-replication.md|datasets\raw\postgres-mvcc.md|datasets\raw\postgres-mvcc.md|datasets\raw\postgres-replication.md,"[{""source_id"":""datasets\\raw\\postgres-replication.md#3"",""selected_sentence_indices"":[1,2,3],""original_tokens"":92,""optimized_tokens"":56},{""source_id"":""datasets\\raw\\postgres-replication.md#2"",""selected_sentence_indices"":[2,3,4],""original_tokens"":91,""optimized_tokens"":58},{""source_id"":""datasets\\raw\\postgres-mvcc.md#2"",""selected_sentence_indices"":[1,4,5],""original_tokens"":93,""optimized_tokens"":56},{""source_id"":""datasets\\raw\\postgres-mvcc.md#0"",""selected_sentence_indices"":[0,2,4],""original_tokens"":91,""optimized_tokens"":58},{""source_id"":""datasets\\raw\\postgres-replication.md#0"",""selected_sentence_indices"":[0,1,2],""original_tokens"":83,""optimized_tokens"":58}]",budget,2000
qt019,PARAPHRASE,budget-2000,Why do declared resources matter more than momentary usage for workload placement?,5,5,3,466,299,167,0.3583690987124464,1,3,1.0033444816053512,0.324273900128901,datasets\raw\kubernetes-scheduling.md|datasets\raw\kubernetes-scheduling.md|datasets\raw\kubernetes-scheduling.md|datasets\raw\postgres-mvcc.md|datasets\raw\postgres-replication.md,"[{""source_id"":""datasets\\raw\\kubernetes-scheduling.md#1"",""selected_sentence_indices"":[2,4,5,6],""original_tokens"":94,""optimized_tokens"":62},{""source_id"":""datasets\\raw\\kubernetes-scheduling.md#2"",""selected_sentence_indices"":[0,1,4,5],""original_tokens"":96,""optimized_tokens"":55},{""source_id"":""datasets\\raw\\kubernetes-scheduling.md#0"",""selected_sentence_indices"":[0,2,3],""original_tokens"":91,""optimized_tokens"":67},{""source_id"":""datasets\\raw\\postgres-mvcc.md#2"",""selected_sentence_indices"":[2,3,5],""original_tokens"":93,""optimized_tokens"":55},{""source_id"":""datasets\\raw\\postgres-replication.md#3"",""selected_sentence_indices"":[0,2,3],""original_tokens"":92,""optimized_tokens"":60}]",budget,2000
qt020,PARAPHRASE,budget-2000,How can a stream reader go back and process earlier records again?,5,5,3,445,294,151,0.3393258426966292,1,1,0.3401360544217687,0.30830450006760657,datasets\raw\postgres-replication.md|datasets\raw\postgres-replication.md|datasets\raw\postgres-mvcc.md|datasets\raw\postgres-replication.md|datasets\raw\kafka-overview.md,"[{""source_id"":""datasets\\raw\\postgres-replication.md#1"",""selected_sentence_indices"":[1,2,3],""original_tokens"":87,""optimized_tokens"":77},{""source_id"":""datasets\\raw\\postgres-replication.md#0"",""selected_sentence_indices"":[1,3,4],""original_tokens"":83,""optimized_tokens"":42},{""source_id"":""datasets\\raw\\postgres-mvcc.md#2"",""selected_sentence_indices"":[1,3,5],""original_tokens"":93,""optimized_tokens"":66},{""source_id"":""datasets\\raw\\postgres-replication.md#3"",""selected_sentence_indices"":[0,1,3],""original_tokens"":92,""optimized_tokens"":61},{""source_id"":""datasets\\raw\\kafka-overview.md#2"",""selected_sentence_indices"":[1,2,3],""original_tokens"":90,""optimized_tokens"":48}]",budget,2000
qt021,VAGUE,budget-2000,Why are old versions not getting cleaned up?,5,5,2,404,185,219,0.5420792079207921,1,3,1.6216216216216215,0.30521959997713566,datasets\raw\postgres-mvcc.md|datasets\raw\postgres-mvcc.md|datasets\raw\postgres-mvcc.md|datasets\raw\postgres-replication.md|datasets\raw\postgres-replication.md,"[{""source_id"":""datasets\\raw\\postgres-mvcc.md#2"",""selected_sentence_indices"":[0,1,2],""original_tokens"":93,""optimized_tokens"":31},{""source_id"":""datasets\\raw\\postgres-mvcc.md#1"",""selected_sentence_indices"":[0,1,5],""original_tokens"":94,""optimized_tokens"":32},{""source_id"":""datasets\\raw\\postgres-mvcc.md#0"",""selected_sentence_indices"":[1,2,3],""original_tokens"":91,""optimized_tokens"":49},{""source_id"":""datasets\\raw\\postgres-replication.md#4"",""selected_sentence_indices"":[1],""original_tokens"":34,""optimized_tokens"":26},{""source_id"":""datasets\\raw\\postgres-replication.md#3"",""selected_sentence_indices"":[2,3,4],""original_tokens"":92,""optimized_tokens"":47}]",budget,2000
qt022,VAGUE,budget-2000,Why is the replica falling behind?,5,5,2,386,192,194,0.5025906735751295,1,4,2.0833333333333335,0.39962069992907345,datasets\raw\postgres-replication.md|datasets\raw\postgres-replication.md|datasets\raw\postgres-replication.md|datasets\raw\postgres-replication.md|datasets\raw\kafka-overview.md,"[{""source_id"":""datasets\\raw\\postgres-replication.md#1"",""selected_sentence_indices"":[1,3,4],""original_tokens"":87,""optimized_tokens"":50},{""source_id"":""datasets\\raw\\postgres-replication.md#3"",""selected_sentence_indices"":[1,2,3],""original_tokens"":92,""optimized_tokens"":56},{""source_id"":""datasets\\raw\\postgres-replication.md#0"",""selected_sentence_indices"":[0,3,4],""original_tokens"":83,""optimized_tokens"":47},{""source_id"":""datasets\\raw\\postgres-replication.md#4"",""selected_sentence_indices"":[0],""original_tokens"":34,""optimized_tokens"":8},{""source_id"":""datasets\\raw\\kafka-overview.md#2"",""selected_sentence_indices"":[3,4,5],""original_tokens"":90,""optimized_tokens"":31}]",budget,2000
qt023,VAGUE,budget-2000,Why is my workload still pending?,5,5,2,405,237,168,0.4148148148148148,1,4,1.6877637130801686,0.31071959994733334,datasets\raw\kubernetes-scheduling.md|datasets\raw\kubernetes-scheduling.md|datasets\raw\kubernetes-scheduling.md|datasets\raw\postgres-replication.md|datasets\raw\kubernetes-scheduling.md,"[{""source_id"":""datasets\\raw\\kubernetes-scheduling.md#0"",""selected_sentence_indices"":[0,1,2],""original_tokens"":91,""optimized_tokens"":49},{""source_id"":""datasets\\raw\\kubernetes-scheduling.md#1"",""selected_sentence_indices"":[1,2,4,6],""original_tokens"":94,""optimized_tokens"":60},{""source_id"":""datasets\\raw\\kubernetes-scheduling.md#2"",""selected_sentence_indices"":[0,1,4,5],""original_tokens"":96,""optimized_tokens"":55},{""source_id"":""datasets\\raw\\postgres-replication.md#1"",""selected_sentence_indices"":[0,1,2],""original_tokens"":87,""optimized_tokens"":62},{""source_id"":""datasets\\raw\\kubernetes-scheduling.md#3"",""selected_sentence_indices"":[0],""original_tokens"":37,""optimized_tokens"":11}]",budget,2000
qt024,VAGUE,budget-2000,How can I read the same messages again?,5,5,3,399,214,185,0.46365914786967416,1,2,0.9345794392523364,0.31247499980963767,datasets\raw\kafka-overview.md|datasets\raw\postgres-mvcc.md|datasets\raw\kafka-overview.md|datasets\raw\postgres-mvcc.md|datasets\raw\postgres-replication.md,"[{""source_id"":""datasets\\raw\\kafka-overview.md#2"",""selected_sentence_indices"":[1,2,3],""original_tokens"":90,""optimized_tokens"":48},{""source_id"":""datasets\\raw\\postgres-mvcc.md#1"",""selected_sentence_indices"":[1,2,3],""original_tokens"":94,""optimized_tokens"":58},{""source_id"":""datasets\\raw\\kafka-overview.md#3"",""selected_sentence_indices"":[0],""original_tokens"":41,""optimized_tokens"":8},{""source_id"":""datasets\\raw\\postgres-mvcc.md#0"",""selected_sentence_indices"":[0,2,4],""original_tokens"":91,""optimized_tokens"":58},{""source_id"":""datasets\\raw\\postgres-replication.md#0"",""selected_sentence_indices"":[1,3,4],""original_tokens"":83,""optimized_tokens"":42}]",budget,2000
qt025,VAGUE,budget-2000,Why is commit slower now?,5,5,2,389,249,140,0.35989717223650386,1,2,0.8032128514056224,0.27442979998886585,datasets\raw\postgres-mvcc.md|datasets\raw\postgres-mvcc.md|datasets\raw\postgres-replication.md|datasets\raw\postgres-mvcc.md|datasets\raw\postgres-replication.md,"[{""source_id"":""datasets\\raw\\postgres-mvcc.md#1"",""selected_sentence_indices"":[1,2,4],""original_tokens"":94,""optimized_tokens"":57},{""source_id"":""datasets\\raw\\postgres-mvcc.md#0"",""selected_sentence_indices"":[0,2,4],""original_tokens"":91,""optimized_tokens"":58},{""source_id"":""datasets\\raw\\postgres-replication.md#1"",""selected_sentence_indices"":[0,2,3],""original_tokens"":87,""optimized_tokens"":59},{""source_id"":""datasets\\raw\\postgres-mvcc.md#3"",""selected_sentence_indices"":[0],""original_tokens"":26,""optimized_tokens"":26},{""source_id"":""datasets\\raw\\postgres-replication.md#2"",""selected_sentence_indices"":[0,1,3],""original_tokens"":91,""optimized_tokens"":49}]",budget,2000
qt026,VAGUE,budget-2000,Why do reads keep changing between statements?,5,5,2,386,232,154,0.39896373056994816,1,3,1.293103448275862,0.264987199800089,datasets\raw\postgres-mvcc.md|datasets\raw\postgres-mvcc.md|datasets\raw\postgres-mvcc.md|datasets\raw\postgres-replication.md|datasets\raw\postgres-replication.md,"[{""source_id"":""datasets\\raw\\postgres-mvcc.md#1"",""selected_sentence_indices"":[1,2,3],""original_tokens"":94,""optimized_tokens"":58},{""source_id"":""datasets\\raw\\postgres-mvcc.md#0"",""selected_sentence_indices"":[0,1,4],""original_tokens"":91,""optimized_tokens"":59},{""source_id"":""datasets\\raw\\postgres-mvcc.md#3"",""selected_sentence_indices"":[0],""original_tokens"":26,""optimized_tokens"":26},{""source_id"":""datasets\\raw\\postgres-replication.md#3"",""selected_sentence_indices"":[2,3,4],""original_tokens"":92,""optimized_tokens"":47},{""source_id"":""datasets\\raw\\postgres-replication.md#0"",""selected_sentence_indices"":[1,3,4],""original_tokens"":83,""optimized_tokens"":42}]",budget,2000
qt027,VAGUE,budget-2000,Why won't this workload run on that machine?,5,5,2,405,243,162,0.4,1,4,1.6460905349794237,0.30491649988107383,datasets\raw\kubernetes-scheduling.md|datasets\raw\kubernetes-scheduling.md|datasets\raw\kubernetes-scheduling.md|datasets\raw\kubernetes-scheduling.md|datasets\raw\postgres-replication.md,"[{""source_id"":""datasets\\raw\\kubernetes-scheduling.md#0"",""selected_sentence_indices"":[0,2,3],""original_tokens"":91,""optimized_tokens"":67},{""source_id"":""datasets\\raw\\kubernetes-scheduling.md#3"",""selected_sentence_indices"":[0],""original_tokens"":37,""optimized_tokens"":11},{""source_id"":""datasets\\raw\\kubernetes-scheduling.md#1"",""selected_sentence_indices"":[0,1,4,5],""original_tokens"":94,""optimized_tokens"":48},{""source_id"":""datasets\\raw\\kubernetes-scheduling.md#2"",""selected_sentence_indices"":[0,1,4,5],""original_tokens"":96,""optimized_tokens"":55},{""source_id"":""datasets\\raw\\postgres-replication.md#1"",""selected_sentence_indices"":[0,1,2],""original_tokens"":87,""optimized_tokens"":62}]",budget,2000
qt028,VAGUE,budget-2000,Why isn't one reader handling every partition?,5,5,2,405,232,173,0.4271604938271605,1,4,1.7241379310344829,0.312853500014171,datasets\raw\kafka-overview.md|datasets\raw\kafka-overview.md|datasets\raw\postgres-mvcc.md|datasets\raw\kafka-overview.md|datasets\raw\kafka-overview.md,"[{""source_id"":""datasets\\raw\\kafka-overview.md#2"",""selected_sentence_indices"":[0,1,2],""original_tokens"":90,""optimized_tokens"":60},{""source_id"":""datasets\\raw\\kafka-overview.md#1"",""selected_sentence_indices"":[0,2,3,6],""original_tokens"":93,""optimized_tokens"":65},{""source_id"":""datasets\\raw\\postgres-mvcc.md#1"",""selected_sentence_indices"":[1,2,3],""original_tokens"":94,""optimized_tokens"":58},{""source_id"":""datasets\\raw\\kafka-overview.md#3"",""selected_sentence_indices"":[0],""original_tokens"":41,""optimized_tokens"":8},{""source_id"":""datasets\\raw\\kafka-overview.md#0"",""selected_sentence_indices"":[2,3,4],""original_tokens"":87,""optimized_tokens"":41}]",budget,2000
qt029,VAGUE,budget-2000,Why is the log filling the disk?,5,5,3,399,179,220,0.5513784461152882,1,2,1.1173184357541899,0.31466779997572303,datasets\raw\kafka-overview.md|datasets\raw\postgres-mvcc.md|datasets\raw\kafka-overview.md|datasets\raw\postgres-replication.md|datasets\raw\postgres-replication.md,"[{""source_id"":""datasets\\raw\\kafka-overview.md#3"",""selected_sentence_indices"":[0],""original_tokens"":41,""optimized_tokens"":8},{""source_id"":""datasets\\raw\\postgres-mvcc.md#2"",""selected_sentence_indices"":[0,1,2],""original_tokens"":93,""optimized_tokens"":31},{""source_id"":""datasets\\raw\\kafka-overview.md#2"",""selected_sentence_indices"":[0,4,5],""original_tokens"":90,""optimized_tokens"":42},{""source_id"":""datasets\\raw\\postgres-replication.md#0"",""selected_sentence_indices"":[1,3,4],""original_tokens"":83,""optimized_tokens"":42},{""source_id"":""datasets\\raw\\postgres-replication.md#3"",""selected_sentence_indices"":[1,2,3],""original_tokens"":92,""optimized_tokens"":56}]",budget,2000
qt030,VAGUE,budget-2000,Who actually starts the containers?,5,5,2,411,188,223,0.5425790754257908,1,4,2.127659574468085,0.3188489999156445,datasets\raw\kubernetes-scheduling.md|datasets\raw\kubernetes-scheduling.md|datasets\raw\kubernetes-scheduling.md|datasets\raw\kubernetes-scheduling.md|datasets\raw\kafka-overview.md,"[{""source_id"":""datasets\\raw\\kubernetes-scheduling.md#3"",""selected_sentence_indices"":[0],""original_tokens"":37,""optimized_tokens"":11},{""source_id"":""datasets\\raw\\kubernetes-scheduling.md#2"",""selected_sentence_indices"":[0,2,5,6],""original_tokens"":96,""optimized_tokens"":48},{""source_id"":""datasets\\raw\\kubernetes-scheduling.md#0"",""selected_sentence_indices"":[0,2,4],""original_tokens"":91,""optimized_tokens"":33},{""source_id"":""datasets\\raw\\kubernetes-scheduling.md#1"",""selected_sentence_indices"":[1,4,5,6],""original_tokens"":94,""optimized_tokens"":47},{""source_id"":""datasets\\raw\\kafka-overview.md#1"",""selected_sentence_indices"":[1,3,4,5],""original_tokens"":93,""optimized_tokens"":49}]",budget,2000
qt031,EXACT_IDENTIFIER,budget-2000,What does WAL do in PostgreSQL streaming replication?,5,5,2,381,265,116,0.30446194225721784,1,3,1.1320754716981132,0.2638232000172138,datasets\raw\postgres-replication.md|datasets\raw\postgres-replication.md|datasets\raw\postgres-replication.md|datasets\raw\postgres-mvcc.md|datasets\raw\postgres-mvcc.md,"[{""source_id"":""datasets\\raw\\postgres-replication.md#0"",""selected_sentence_indices"":[0,2,4],""original_tokens"":83,""optimized_tokens"":50},{""source_id"":""datasets\\raw\\postgres-replication.md#1"",""selected_sentence_indices"":[1,2,3],""original_tokens"":87,""optimized_tokens"":77},{""source_id"":""datasets\\raw\\postgres-replication.md#3"",""selected_sentence_indices"":[1,2,3],""original_tokens"":92,""optimized_tokens"":56},{""source_id"":""datasets\\raw\\postgres-mvcc.md#3"",""selected_sentence_indices"":[0],""original_tokens"":26,""optimized_tokens"":26},{""source_id"":""datasets\\raw\\postgres-mvcc.md#2"",""selected_sentence_indices"":[1,4,5],""original_tokens"":93,""optimized_tokens"":56}]",budget,2000
qt032,EXACT_IDENTIFIER,budget-2000,What does MVCC provide in PostgreSQL?,5,5,2,387,255,132,0.34108527131782945,1,4,1.5686274509803924,0.2603136000689119,datasets\raw\postgres-mvcc.md|datasets\raw\postgres-mvcc.md|datasets\raw\postgres-mvcc.md|datasets\raw\postgres-mvcc.md|datasets\raw\postgres-replication.md,"[{""source_id"":""datasets\\raw\\postgres-mvcc.md#3"",""selected_sentence_indices"":[0],""original_tokens"":26,""optimized_tokens"":26},{""source_id"":""datasets\\raw\\postgres-mvcc.md#0"",""selected_sentence_indices"":[0,3,4],""original_tokens"":91,""optimized_tokens"":58},{""source_id"":""datasets\\raw\\postgres-mvcc.md#1"",""selected_sentence_indices"":[2,3,5],""original_tokens"":94,""optimized_tokens"":57},{""source_id"":""datasets\\raw\\postgres-mvcc.md#2"",""selected_sentence_indices"":[1,4,5],""original_tokens"":93,""optimized_tokens"":56},{""source_id"":""datasets\\raw\\postgres-replication.md#0"",""selected_sentence_indices"":[0,1,2],""original_tokens"":83,""optimized_tokens"":58}]",budget,2000
qt033,EXACT_IDENTIFIER,budget-2000,What does VACUUM do with obsolete row versions?,5,5,2,404,189,215,0.5321782178217822,1,3,1.5873015873015874,1.4342567999847233,datasets\raw\postgres-mvcc.md|datasets\raw\postgres-mvcc.md|datasets\raw\postgres-mvcc.md|datasets\raw\postgres-replication.md|datasets\raw\postgres-replication.md,"[{""source_id"":""datasets\\raw\\postgres-mvcc.md#2"",""selected_sentence_indices"":[0,1,2],""original_tokens"":93,""optimized_tokens"":31},{""source_id"":""datasets\\raw\\postgres-mvcc.md#1"",""selected_sentence_indices"":[0,4,5],""original_tokens"":94,""optimized_tokens"":36},{""source_id"":""datasets\\raw\\postgres-mvcc.md#0"",""selected_sentence_indices"":[1,2,3],""original_tokens"":91,""optimized_tokens"":49},{""source_id"":""datasets\\raw\\postgres-replication.md#4"",""selected_sentence_indices"":[1],""original_tokens"":34,""optimized_tokens"":26},{""source_id"":""datasets\\raw\\postgres-replication.md#3"",""selected_sentence_indices"":[2,3,4],""original_tokens"":92,""optimized_tokens"":47}]",budget,2000
qt034,EXACT_IDENTIFIER,budget-2000,How does Read Committed choose snapshots?,5,5,3,445,270,175,0.39325842696629215,1,2,0.7407407407407407,2.9344667000696063,datasets\raw\postgres-mvcc.md|datasets\raw\postgres-mvcc.md|datasets\raw\postgres-replication.md|datasets\raw\kafka-overview.md|datasets\raw\postgres-replication.md,"[{""source_id"":""datasets\\raw\\postgres-mvcc.md#0"",""selected_sentence_indices"":[2,3,4],""original_tokens"":91,""optimized_tokens"":46},{""source_id"":""datasets\\raw\\postgres-mvcc.md#1"",""selected_sentence_indices"":[1,2,3],""original_tokens"":94,""optimized_tokens"":58},{""source_id"":""datasets\\raw\\postgres-replication.md#1"",""selected_sentence_indices"":[1,2,3],""original_tokens"":87,""optimized_tokens"":77},{""source_id"":""datasets\\raw\\kafka-overview.md#2"",""selected_sentence_indices"":[2,3,4],""original_tokens"":90,""optimized_tokens"":47},{""source_id"":""datasets\\raw\\postgres-replication.md#0"",""selected_sentence_indices"":[1,3,4],""original_tokens"":83,""optimized_tokens"":42}]",budget,2000
qt035,EXACT_IDENTIFIER,budget-2000,How does Repeatable Read use a snapshot?,5,5,3,450,243,207,0.46,1,2,0.8230452674897119,2.75765149993822,datasets\raw\postgres-mvcc.md|datasets\raw\postgres-mvcc.md|datasets\raw\postgres-replication.md|datasets\raw\kafka-overview.md|datasets\raw\postgres-replication.md,"[{""source_id"":""datasets\\raw\\postgres-mvcc.md#1"",""selected_sentence_indices"":[1,2,3],""original_tokens"":94,""optimized_tokens"":58},{""source_id"":""datasets\\raw\\postgres-mvcc.md#0"",""selected_sentence_indices"":[2,3,4],""original_tokens"":91,""optimized_tokens"":46},{""source_id"":""datasets\\raw\\postgres-replication.md#0"",""selected_sentence_indices"":[1,3,4],""original_tokens"":83,""optimized_tokens"":42},{""source_id"":""datasets\\raw\\kafka-overview.md#2"",""selected_sentence_indices"":[1,2,3],""original_tokens"":90,""optimized_tokens"":48},{""source_id"":""datasets\\raw\\postgres-replication.md#3"",""selected_sentence_indices"":[1,3,4],""original_tokens"":92,""optimized_tokens"":49}]",budget,2000
qt036,EXACT_IDENTIFIER,budget-2000,What does node affinity do for a Pod?,5,5,2,411,237,174,0.4233576642335766,1,4,1.6877637130801686,0.3321616998873651,datasets\raw\kubernetes-scheduling.md|datasets\raw\kubernetes-scheduling.md|datasets\raw\kubernetes-scheduling.md|datasets\raw\kubernetes-scheduling.md|datasets\raw\kafka-overview.md,"[{""source_id"":""datasets\\raw\\kubernetes-scheduling.md#2"",""selected_sentence_indices"":[2,3,4,6],""original_tokens"":96,""optimized_tokens"":60},{""source_id"":""datasets\\raw\\kubernetes-scheduling.md#0"",""selected_sentence_indices"":[0,1,2],""original_tokens"":91,""optimized_tokens"":49},{""source_id"":""datasets\\raw\\kubernetes-scheduling.md#3"",""selected_sentence_indices"":[1],""original_tokens"":37,""optimized_tokens"":26},{""source_id"":""datasets\\raw\\kubernetes-scheduling.md#1"",""selected_sentence_indices"":[1,3,4,5],""original_tokens"":94,""optimized_tokens"":42},{""source_id"":""datasets\\raw\\kafka-overview.md#1"",""selected_sentence_indices"":[1,2,3,6],""original_tokens"":93,""optimized_tokens"":60}]",budget,2000
qt037,EXACT_IDENTIFIER,budget-2000,What does kubelet do after Pod binding?,5,5,2,355,187,168,0.4732394366197183,1,3,1.6042780748663101,0.28486470016650856,datasets\raw\kubernetes-scheduling.md|datasets\raw\kubernetes-scheduling.md|datasets\raw\kubernetes-scheduling.md|datasets\raw\kafka-overview.md|datasets\raw\kafka-overview.md,"[{""source_id"":""datasets\\raw\\kubernetes-scheduling.md#2"",""selected_sentence_indices"":[2,3,4,6],""original_tokens"":96,""optimized_tokens"":60},{""source_id"":""datasets\\raw\\kubernetes-scheduling.md#3"",""selected_sentence_indices"":[1],""original_tokens"":37,""optimized_tokens"":26},{""source_id"":""datasets\\raw\\kubernetes-scheduling.md#0"",""selected_sentence_indices"":[0,1,2],""original_tokens"":91,""optimized_tokens"":49},{""source_id"":""datasets\\raw\\kafka-overview.md#3"",""selected_sentence_indices"":[0],""original_tokens"":41,""optimized_tokens"":8},{""source_id"":""datasets\\raw\\kafka-overview.md#2"",""selected_sentence_indices"":[2,4,5],""original_tokens"":90,""optimized_tokens"":44}]",budget,2000
qt038,EXACT_IDENTIFIER,budget-2000,What is a Kafka topic partition?,5,5,2,345,168,177,0.5130434782608696,1,4,2.380952380952381,0.28497899998910725,datasets\raw\kafka-overview.md|datasets\raw\kafka-overview.md|datasets\raw\kafka-overview.md|datasets\raw\kafka-overview.md|datasets\raw\postgres-replication.md,"[{""source_id"":""datasets\\raw\\kafka-overview.md#0"",""selected_sentence_indices"":[2,4,5],""original_tokens"":87,""optimized_tokens"":34},{""source_id"":""datasets\\raw\\kafka-overview.md#1"",""selected_sentence_indices"":[1,2,3,6],""original_tokens"":93,""optimized_tokens"":60},{""source_id"":""datasets\\raw\\kafka-overview.md#2"",""selected_sentence_indices"":[0,2,4],""original_tokens"":90,""optimized_tokens"":58},{""source_id"":""datasets\\raw\\kafka-overview.md#3"",""selected_sentence_indices"":[0],""original_tokens"":41,""optimized_tokens"":8},{""source_id"":""datasets\\raw\\postgres-replication.md#4"",""selected_sentence_indices"":[0],""original_tokens"":34,""optimized_tokens"":8}]",budget,2000
qt039,EXACT_IDENTIFIER,budget-2000,What does a Kafka consumer group do?,5,5,2,404,222,182,0.4504950495049505,1,4,1.8018018018018016,0.3079177001491189,datasets\raw\kafka-overview.md|datasets\raw\kafka-overview.md|datasets\raw\kafka-overview.md|datasets\raw\kafka-overview.md|datasets\raw\postgres-mvcc.md,"[{""source_id"":""datasets\\raw\\kafka-overview.md#1"",""selected_sentence_indices"":[1,2,5,6],""original_tokens"":93,""optimized_tokens"":48},{""source_id"":""datasets\\raw\\kafka-overview.md#2"",""selected_sentence_indices"":[0,2,4],""original_tokens"":90,""optimized_tokens"":58},{""source_id"":""datasets\\raw\\kafka-overview.md#0"",""selected_sentence_indices"":[0,4,5],""original_tokens"":87,""optimized_tokens"":53},{""source_id"":""datasets\\raw\\kafka-overview.md#3"",""selected_sentence_indices"":[0],""original_tokens"":41,""optimized_tokens"":8},{""source_id"":""datasets\\raw\\postgres-mvcc.md#2"",""selected_sentence_indices"":[2,3,5],""original_tokens"":93,""optimized_tokens"":55}]",budget,2000
qt040,EXACT_IDENTIFIER,budget-2000,What is a replication slot?,5,5,2,386,240,146,0.37823834196891193,1,4,1.6666666666666667,0.2992714000865817,datasets\raw\postgres-replication.md|datasets\raw\postgres-replication.md|datasets\raw\postgres-replication.md|datasets\raw\postgres-replication.md|datasets\raw\kafka-overview.md,"[{""source_id"":""datasets\\raw\\postgres-replication.md#3"",""selected_sentence_indices"":[1,2,3],""original_tokens"":92,""optimized_tokens"":56},{""source_id"":""datasets\\raw\\postgres-replication.md#0"",""selected_sentence_indices"":[0,2,4],""original_tokens"":83,""optimized_tokens"":50},{""source_id"":""datasets\\raw\\postgres-replication.md#4"",""selected_sentence_indices"":[1],""original_tokens"":34,""optimized_tokens"":26},{""source_id"":""datasets\\raw\\postgres-replication.md#1"",""selected_sentence_indices"":[1,2,3],""original_tokens"":87,""optimized_tokens"":77},{""source_id"":""datasets\\raw\\kafka-overview.md#2"",""selected_sentence_indices"":[3,4,5],""original_tokens"":90,""optimized_tokens"":31}]",budget,2000
qt041,MULTI_PART,budget-2000,"How does streaming replication work, and what can happen if an asynchronous standby has not received the latest WAL?",5,5,2,379,267,112,0.2955145118733509,1,4,1.4981273408239701,0.2737161999102682,datasets\raw\postgres-replication.md|datasets\raw\postgres-replication.md|datasets\raw\postgres-replication.md|datasets\raw\postgres-mvcc.md|datasets\raw\postgres-replication.md,"[{""source_id"":""datasets\\raw\\postgres-replication.md#1"",""selected_sentence_indices"":[1,2,3],""original_tokens"":87,""optimized_tokens"":77},{""source_id"":""datasets\\raw\\postgres-replication.md#0"",""selected_sentence_indices"":[0,2,4],""original_tokens"":83,""optimized_tokens"":50},{""source_id"":""datasets\\raw\\postgres-replication.md#3"",""selected_sentence_indices"":[1,2,3],""original_tokens"":92,""optimized_tokens"":56},{""source_id"":""datasets\\raw\\postgres-mvcc.md#3"",""selected_sentence_indices"":[0],""original_tokens"":26,""optimized_tokens"":26},{""source_id"":""datasets\\raw\\postgres-replication.md#2"",""selected_sentence_indices"":[2,3,4],""original_tokens"":91,""optimized_tokens"":58}]",budget,2000
qt042,MULTI_PART,budget-2000,"How do snapshots provide MVCC visibility, and how does VACUUM reclaim obsolete versions?",5,5,2,396,195,201,0.5075757575757576,1,4,2.0512820512820515,0.29144820012152195,datasets\raw\postgres-mvcc.md|datasets\raw\postgres-mvcc.md|datasets\raw\postgres-mvcc.md|datasets\raw\postgres-mvcc.md|datasets\raw\postgres-replication.md,"[{""source_id"":""datasets\\raw\\postgres-mvcc.md#2"",""selected_sentence_indices"":[1,2,4],""original_tokens"":93,""optimized_tokens"":42},{""source_id"":""datasets\\raw\\postgres-mvcc.md#0"",""selected_sentence_indices"":[2,3,4],""original_tokens"":91,""optimized_tokens"":46},{""source_id"":""datasets\\raw\\postgres-mvcc.md#1"",""selected_sentence_indices"":[0,1,5],""original_tokens"":94,""optimized_tokens"":32},{""source_id"":""datasets\\raw\\postgres-mvcc.md#3"",""selected_sentence_indices"":[0],""original_tokens"":26,""optimized_tokens"":26},{""source_id"":""datasets\\raw\\postgres-replication.md#3"",""selected_sentence_indices"":[1,3,4],""original_tokens"":92,""optimized_tokens"":49}]",budget,2000
qt043,MULTI_PART,budget-2000,"How does Kubernetes filter and score nodes, and what happens after a Pod is bound?",5,5,2,411,250,161,0.39172749391727496,1,4,1.6,0.34537249989807606,datasets\raw\kubernetes-scheduling.md|datasets\raw\kubernetes-scheduling.md|datasets\raw\kubernetes-scheduling.md|datasets\raw\kubernetes-scheduling.md|datasets\raw\kafka-overview.md,"[{""source_id"":""datasets\\raw\\kubernetes-scheduling.md#0"",""selected_sentence_indices"":[0,1,2],""original_tokens"":91,""optimized_tokens"":49},{""source_id"":""datasets\\raw\\kubernetes-scheduling.md#2"",""selected_sentence_indices"":[2,3,4,6],""original_tokens"":96,""optimized_tokens"":60},{""source_id"":""datasets\\raw\\kubernetes-scheduling.md#3"",""selected_sentence_indices"":[1],""original_tokens"":37,""optimized_tokens"":26},{""source_id"":""datasets\\raw\\kubernetes-scheduling.md#1"",""selected_sentence_indices"":[1,2,3,4],""original_tokens"":94,""optimized_tokens"":55},{""source_id"":""datasets\\raw\\kafka-overview.md#1"",""selected_sentence_indices"":[1,2,3,6],""original_tokens"":93,""optimized_tokens"":60}]",budget,2000
qt044,MULTI_PART,budget-2000,"How do Kafka partitions enable parallelism, and how are they replicated across brokers?",5,5,2,345,205,140,0.4057971014492754,1,4,1.9512195121951221,0.3209552001208067,datasets\raw\kafka-overview.md|datasets\raw\kafka-overview.md|datasets\raw\kafka-overview.md|datasets\raw\kafka-overview.md|datasets\raw\postgres-replication.md,"[{""source_id"":""datasets\\raw\\kafka-overview.md#1"",""selected_sentence_indices"":[1,2,3,6],""original_tokens"":93,""optimized_tokens"":60},{""source_id"":""datasets\\raw\\kafka-overview.md#2"",""selected_sentence_indices"":[0,2,4],""original_tokens"":90,""optimized_tokens"":58},{""source_id"":""datasets\\raw\\kafka-overview.md#0"",""selected_sentence_indices"":[0,4,5],""original_tokens"":87,""optimized_tokens"":53},{""source_id"":""datasets\\raw\\kafka-overview.md#3"",""selected_sentence_indices"":[0],""original_tokens"":41,""optimized_tokens"":8},{""source_id"":""datasets\\raw\\postgres-replication.md#4"",""selected_sentence_indices"":[1],""original_tokens"":34,""optimized_tokens"":26}]",budget,2000
qt045,MULTI_PART,budget-2000,"What improves with synchronous replication, and why can commit latency increase?",5,5,2,386,233,153,0.3963730569948187,1,4,1.7167381974248928,0.3147303001023829,datasets\raw\postgres-replication.md|datasets\raw\postgres-replication.md|datasets\raw\postgres-replication.md|datasets\raw\kafka-overview.md|datasets\raw\postgres-replication.md,"[{""source_id"":""datasets\\raw\\postgres-replication.md#1"",""selected_sentence_indices"":[1,2,3],""original_tokens"":87,""optimized_tokens"":77},{""source_id"":""datasets\\raw\\postgres-replication.md#3"",""selected_sentence_indices"":[1,3,4],""original_tokens"":92,""optimized_tokens"":49},{""source_id"":""datasets\\raw\\postgres-replication.md#0"",""selected_sentence_indices"":[0,2,4],""original_tokens"":83,""optimized_tokens"":50},{""source_id"":""datasets\\raw\\kafka-overview.md#2"",""selected_sentence_indices"":[3,4,5],""original_tokens"":90,""optimized_tokens"":31},{""source_id"":""datasets\\raw\\postgres-replication.md#4"",""selected_sentence_indices"":[1],""original_tokens"":34,""optimized_tokens"":26}]",budget,2000
qt046,MULTI_PART,budget-2000,"Why do readers usually avoid blocking writers, and when are row locks still used?",5,5,3,454,298,156,0.3436123348017621,1,2,0.6711409395973155,0.3237630999647081,datasets\raw\postgres-mvcc.md|datasets\raw\postgres-mvcc.md|datasets\raw\postgres-replication.md|datasets\raw\kafka-overview.md|datasets\raw\postgres-replication.md,"[{""source_id"":""datasets\\raw\\postgres-mvcc.md#1"",""selected_sentence_indices"":[2,3,4],""original_tokens"":94,""optimized_tokens"":62},{""source_id"":""datasets\\raw\\postgres-mvcc.md#0"",""selected_sentence_indices"":[0,1,4],""original_tokens"":91,""optimized_tokens"":59},{""source_id"":""datasets\\raw\\postgres-replication.md#3"",""selected_sentence_indices"":[1,2,4],""original_tokens"":92,""optimized_tokens"":52},{""source_id"":""datasets\\raw\\kafka-overview.md#2"",""selected_sentence_indices"":[1,2,3],""original_tokens"":90,""optimized_tokens"":48},{""source_id"":""datasets\\raw\\postgres-replication.md#1"",""selected_sentence_indices"":[1,2,3],""original_tokens"":87,""optimized_tokens"":77}]",budget,2000
qt047,MULTI_PART,budget-2000,"How do taints, tolerations, and node affinity jointly influence Pod placement?",5,5,2,408,252,156,0.38235294117647056,1,4,1.5873015873015872,0.30989650008268654,datasets\raw\kubernetes-scheduling.md|datasets\raw\kubernetes-scheduling.md|datasets\raw\kubernetes-scheduling.md|datasets\raw\kubernetes-scheduling.md|datasets\raw\kafka-overview.md,"[{""source_id"":""datasets\\raw\\kubernetes-scheduling.md#2"",""selected_sentence_indices"":[2,3,4,6],""original_tokens"":96,""optimized_tokens"":60},{""source_id"":""datasets\\raw\\kubernetes-scheduling.md#0"",""selected_sentence_indices"":[0,2,3],""original_tokens"":91,""optimized_tokens"":67},{""source_id"":""datasets\\raw\\kubernetes-scheduling.md#1"",""selected_sentence_indices"":[2,3,4,5],""original_tokens"":94,""optimized_tokens"":57},{""source_id"":""datasets\\raw\\kubernetes-scheduling.md#3"",""selected_sentence_indices"":[1],""original_tokens"":37,""optimized_tokens"":26},{""source_id"":""datasets\\raw\\kafka-overview.md#2"",""selected_sentence_indices"":[0,4,5],""original_tokens"":90,""optimized_tokens"":42}]",budget,2000
qt048,MULTI_PART,budget-2000,"How do consumer groups distribute partitions, and how can consumers replay old events?",5,5,2,403,221,182,0.45161290322580644,1,4,1.8099547511312217,0.3016974001657218,datasets\raw\kafka-overview.md|datasets\raw\kafka-overview.md|datasets\raw\kafka-overview.md|datasets\raw\kafka-overview.md|datasets\raw\postgres-replication.md,"[{""source_id"":""datasets\\raw\\kafka-overview.md#2"",""selected_sentence_indices"":[0,1,3],""original_tokens"":90,""optimized_tokens"":47},{""source_id"":""datasets\\raw\\kafka-overview.md#1"",""selected_sentence_indices"":[2,3,5,6],""original_tokens"":93,""optimized_tokens"":61},{""source_id"":""datasets\\raw\\kafka-overview.md#3"",""selected_sentence_indices"":[0],""original_tokens"":41,""optimized_tokens"":8},{""source_id"":""datasets\\raw\\kafka-overview.md#0"",""selected_sentence_indices"":[1,3,4],""original_tokens"":87,""optimized_tokens"":49},{""source_id"":""datasets\\raw\\postgres-replication.md#3"",""selected_sentence_indices"":[1,2,3],""original_tokens"":92,""optimized_tokens"":56}]",budget,2000
qt049,MULTI_PART,budget-2000,"How is a standby promoted, and why is external failover orchestration often used?",5,5,2,394,289,105,0.26649746192893403,1,4,1.3840830449826989,0.30214689997956157,datasets\raw\postgres-replication.md|datasets\raw\postgres-replication.md|datasets\raw\postgres-replication.md|datasets\raw\postgres-replication.md|datasets\raw\kafka-overview.md,"[{""source_id"":""datasets\\raw\\postgres-replication.md#2"",""selected_sentence_indices"":[2,3,4],""original_tokens"":91,""optimized_tokens"":58},{""source_id"":""datasets\\raw\\postgres-replication.md#3"",""selected_sentence_indices"":[0,1,2],""original_tokens"":92,""optimized_tokens"":64},{""source_id"":""datasets\\raw\\postgres-replication.md#1"",""selected_sentence_indices"":[1,2,3],""original_tokens"":87,""optimized_tokens"":77},{""source_id"":""datasets\\raw\\postgres-replication.md#0"",""selected_sentence_indices"":[0,2,3],""original_tokens"":83,""optimized_tokens"":57},{""source_id"":""datasets\\raw\\kafka-overview.md#3"",""selected_sentence_indices"":[1],""original_tokens"":41,""optimized_tokens"":33}]",budget,2000
qt050,MULTI_PART,budget-2000,"How do resource requests affect scheduling, and how are they different from limits?",5,5,2,408,217,191,0.4681372549019608,1,4,1.8433179723502304,0.300954099977389,datasets\raw\kubernetes-scheduling.md|datasets\raw\kubernetes-scheduling.md|datasets\raw\kubernetes-scheduling.md|datasets\raw\kubernetes-scheduling.md|datasets\raw\kafka-overview.md,"[{""source_id"":""datasets\\raw\\kubernetes-scheduling.md#1"",""selected_sentence_indices"":[1,4,5,6],""original_tokens"":94,""optimized_tokens"":47},{""source_id"":""datasets\\raw\\kubernetes-scheduling.md#2"",""selected_sentence_indices"":[0,1,4,5],""original_tokens"":96,""optimized_tokens"":55},{""source_id"":""datasets\\raw\\kubernetes-scheduling.md#0"",""selected_sentence_indices"":[0,1,2],""original_tokens"":91,""optimized_tokens"":49},{""source_id"":""datasets\\raw\\kubernetes-scheduling.md#3"",""selected_sentence_indices"":[0],""original_tokens"":37,""optimized_tokens"":11},{""source_id"":""datasets\\raw\\kafka-overview.md#2"",""selected_sentence_indices"":[0,2,5],""original_tokens"":90,""optimized_tokens"":55}]",budget,2000
qt001,DIRECT,neighbor-0,How does PostgreSQL streaming replication work?,5,5,2,389,258,131,0.33676092544987146,1,4,1.5503875968992247,0.29590749996714294,datasets\raw\postgres-replication.md|datasets\raw\postgres-replication.md|datasets\raw\postgres-replication.md|datasets\raw\postgres-replication.md|datasets\raw\postgres-mvcc.md,"[{""source_id"":""datasets\\raw\\postgres-replication.md#0"",""selected_sentence_indices"":[0,2,4],""original_tokens"":83,""optimized_tokens"":50},{""source_id"":""datasets\\raw\\postgres-replication.md#1"",""selected_sentence_indices"":[1,2,3],""original_tokens"":87,""optimized_tokens"":77},{""source_id"":""datasets\\raw\\postgres-replication.md#3"",""selected_sentence_indices"":[1,3,4],""original_tokens"":92,""optimized_tokens"":49},{""source_id"":""datasets\\raw\\postgres-replication.md#4"",""selected_sentence_indices"":[1],""original_tokens"":34,""optimized_tokens"":26},{""source_id"":""datasets\\raw\\postgres-mvcc.md#2"",""selected_sentence_indices"":[1,4,5],""original_tokens"":93,""optimized_tokens"":56}]",neighbor_window,0
qt002,DIRECT,neighbor-0,How does PostgreSQL MVCC determine row visibility?,5,5,2,396,228,168,0.42424242424242425,1,4,1.7543859649122808,0.2642768998630345,datasets\raw\postgres-mvcc.md|datasets\raw\postgres-mvcc.md|datasets\raw\postgres-mvcc.md|datasets\raw\postgres-mvcc.md|datasets\raw\postgres-replication.md,"[{""source_id"":""datasets\\raw\\postgres-mvcc.md#1"",""selected_sentence_indices"":[0,3,5],""original_tokens"":94,""optimized_tokens"":37},{""source_id"":""datasets\\raw\\postgres-mvcc.md#0"",""selected_sentence_indices"":[0,2,3],""original_tokens"":91,""optimized_tokens"":60},{""source_id"":""datasets\\raw\\postgres-mvcc.md#3"",""selected_sentence_indices"":[0],""original_tokens"":26,""optimized_tokens"":26},{""source_id"":""datasets\\raw\\postgres-mvcc.md#2"",""selected_sentence_indices"":[1,4,5],""original_tokens"":93,""optimized_tokens"":56},{""source_id"":""datasets\\raw\\postgres-replication.md#3"",""selected_sentence_indices"":[1,3,4],""original_tokens"":92,""optimized_tokens"":49}]",neighbor_window,0
qt003,DIRECT,neighbor-0,How does Kubernetes select a node for a Pod?,5,5,2,411,237,174,0.4233576642335766,1,4,1.6877637130801686,0.3052918000612408,datasets\raw\kubernetes-scheduling.md|datasets\raw\kubernetes-scheduling.md|datasets\raw\kubernetes-scheduling.md|datasets\raw\kubernetes-scheduling.md|datasets\raw\kafka-overview.md,"[{""source_id"":""datasets\\raw\\kubernetes-scheduling.md#0"",""selected_sentence_indices"":[0,1,2],""original_tokens"":91,""optimized_tokens"":49},{""source_id"":""datasets\\raw\\kubernetes-scheduling.md#2"",""selected_sentence_indices"":[2,3,4,6],""original_tokens"":96,""optimized_tokens"":60},{""source_id"":""datasets\\raw\\kubernetes-scheduling.md#3"",""selected_sentence_indices"":[1],""original_tokens"":37,""optimized_tokens"":26},{""source_id"":""datasets\\raw\\kubernetes-scheduling.md#1"",""selected_sentence_indices"":[1,3,4,5],""original_tokens"":94,""optimized_tokens"":42},{""source_id"":""datasets\\raw\\kafka-overview.md#1"",""selected_sentence_indices"":[1,2,3,6],""original_tokens"":93,""optimized_tokens"":60}]",neighbor_window,0
qt004,DIRECT,neighbor-0,What is Apache Kafka used for?,5,5,2,404,211,193,0.4777227722772277,1,4,1.8957345971563981,0.29572399985045195,datasets\raw\kafka-overview.md|datasets\raw\kafka-overview.md|datasets\raw\kafka-overview.md|datasets\raw\kafka-overview.md|datasets\raw\postgres-mvcc.md,"[{""source_id"":""datasets\\raw\\kafka-overview.md#0"",""selected_sentence_indices"":[0,4,5],""original_tokens"":87,""optimized_tokens"":53},{""source_id"":""datasets\\raw\\kafka-overview.md#1"",""selected_sentence_indices"":[0,1,2,6],""original_tokens"":93,""optimized_tokens"":51},{""source_id"":""datasets\\raw\\kafka-overview.md#3"",""selected_sentence_indices"":[0],""original_tokens"":41,""optimized_tokens"":8},{""source_id"":""datasets\\raw\\kafka-overview.md#2"",""selected_sentence_indices"":[2,4,5],""original_tokens"":90,""optimized_tokens"":44},{""source_id"":""datasets\\raw\\postgres-mvcc.md#2"",""selected_sentence_indices"":[2,3,5],""original_tokens"":93,""optimized_tokens"":55}]",neighbor_window,0
qt005,DIRECT,neighbor-0,What trade-off does synchronous PostgreSQL replication make?,5,5,2,322,228,94,0.2919254658385093,1,4,1.7543859649122808,0.24877539998851717,datasets\raw\postgres-replication.md|datasets\raw\postgres-replication.md|datasets\raw\postgres-replication.md|datasets\raw\postgres-replication.md|datasets\raw\postgres-mvcc.md,"[{""source_id"":""datasets\\raw\\postgres-replication.md#3"",""selected_sentence_indices"":[1,3,4],""original_tokens"":92,""optimized_tokens"":49},{""source_id"":""datasets\\raw\\postgres-replication.md#0"",""selected_sentence_indices"":[0,2,4],""original_tokens"":83,""optimized_tokens"":50},{""source_id"":""datasets\\raw\\postgres-replication.md#1"",""selected_sentence_indices"":[1,2,3],""original_tokens"":87,""optimized_tokens"":77},{""source_id"":""datasets\\raw\\postgres-replication.md#4"",""selected_sentence_indices"":[1],""original_tokens"":34,""optimized_tokens"":26},{""source_id"":""datasets\\raw\\postgres-mvcc.md#3"",""selected_sentence_indices"":[0],""original_tokens"":26,""optimized_tokens"":26}]",neighbor_window,0
qt006,DIRECT,neighbor-0,What does PostgreSQL VACUUM do?,5,5,2,385,250,135,0.35064935064935066,1,3,1.2,0.26179199991747737,datasets\raw\postgres-mvcc.md|datasets\raw\postgres-mvcc.md|datasets\raw\postgres-replication.md|datasets\raw\postgres-replication.md|datasets\raw\postgres-mvcc.md,"[{""source_id"":""datasets\\raw\\postgres-mvcc.md#2"",""selected_sentence_indices"":[1,2,3],""original_tokens"":93,""optimized_tokens"":52},{""source_id"":""datasets\\raw\\postgres-mvcc.md#0"",""selected_sentence_indices"":[0,3,4],""original_tokens"":91,""optimized_tokens"":58},{""source_id"":""datasets\\raw\\postgres-replication.md#3"",""selected_sentence_indices"":[1,2,3],""original_tokens"":92,""optimized_tokens"":56},{""source_id"":""datasets\\raw\\postgres-replication.md#0"",""selected_sentence_indices"":[0,1,2],""original_tokens"":83,""optimized_tokens"":58},{""source_id"":""datasets\\raw\\postgres-mvcc.md#3"",""selected_sentence_indices"":[0],""original_tokens"":26,""optimized_tokens"":26}]",neighbor_window,0
qt007,DIRECT,neighbor-0,How do Kubernetes taints and tolerations affect scheduling?,5,5,2,408,236,172,0.4215686274509804,1,4,1.6949152542372883,0.3131814000662416,datasets\raw\kubernetes-scheduling.md|datasets\raw\kubernetes-scheduling.md|datasets\raw\kubernetes-scheduling.md|datasets\raw\kubernetes-scheduling.md|datasets\raw\kafka-overview.md,"[{""source_id"":""datasets\\raw\\kubernetes-scheduling.md#2"",""selected_sentence_indices"":[1,2,4,6],""original_tokens"":96,""optimized_tokens"":70},{""source_id"":""datasets\\raw\\kubernetes-scheduling.md#0"",""selected_sentence_indices"":[0,1,2],""original_tokens"":91,""optimized_tokens"":49},{""source_id"":""datasets\\raw\\kubernetes-scheduling.md#3"",""selected_sentence_indices"":[1],""original_tokens"":37,""optimized_tokens"":26},{""source_id"":""datasets\\raw\\kubernetes-scheduling.md#1"",""selected_sentence_indices"":[1,4,5,6],""original_tokens"":94,""optimized_tokens"":47},{""source_id"":""datasets\\raw\\kafka-overview.md#2"",""selected_sentence_indices"":[2,4,5],""original_tokens"":90,""optimized_tokens"":44}]",neighbor_window,0
qt008,DIRECT,neighbor-0,How do Kafka consumer groups divide work?,5,5,2,403,223,180,0.4466501240694789,1,4,1.7937219730941705,0.3171532000415027,datasets\raw\kafka-overview.md|datasets\raw\kafka-overview.md|datasets\raw\kafka-overview.md|datasets\raw\kafka-overview.md|datasets\raw\postgres-replication.md,"[{""source_id"":""datasets\\raw\\kafka-overview.md#1"",""selected_sentence_indices"":[1,2,5,6],""original_tokens"":93,""optimized_tokens"":48},{""source_id"":""datasets\\raw\\kafka-overview.md#2"",""selected_sentence_indices"":[0,2,4],""original_tokens"":90,""optimized_tokens"":58},{""source_id"":""datasets\\raw\\kafka-overview.md#0"",""selected_sentence_indices"":[0,4,5],""original_tokens"":87,""optimized_tokens"":53},{""source_id"":""datasets\\raw\\kafka-overview.md#3"",""selected_sentence_indices"":[0],""original_tokens"":41,""optimized_tokens"":8},{""source_id"":""datasets\\raw\\postgres-replication.md#3"",""selected_sentence_indices"":[1,2,3],""original_tokens"":92,""optimized_tokens"":56}]",neighbor_window,0
qt009,DIRECT,neighbor-0,Why can a PostgreSQL replication slot consume disk space?,5,5,2,389,258,131,0.33676092544987146,1,4,1.5503875968992247,0.3154448999557644,datasets\raw\postgres-replication.md|datasets\raw\postgres-replication.md|datasets\raw\postgres-mvcc.md|datasets\raw\postgres-replication.md|datasets\raw\postgres-replication.md,"[{""source_id"":""datasets\\raw\\postgres-replication.md#3"",""selected_sentence_indices"":[1,2,3],""original_tokens"":92,""optimized_tokens"":56},{""source_id"":""datasets\\raw\\postgres-replication.md#4"",""selected_sentence_indices"":[1],""original_tokens"":34,""optimized_tokens"":26},{""source_id"":""datasets\\raw\\postgres-mvcc.md#2"",""selected_sentence_indices"":[1,2,5],""original_tokens"":93,""optimized_tokens"":49},{""source_id"":""datasets\\raw\\postgres-replication.md#0"",""selected_sentence_indices"":[0,2,4],""original_tokens"":83,""optimized_tokens"":50},{""source_id"":""datasets\\raw\\postgres-replication.md#1"",""selected_sentence_indices"":[1,2,3],""original_tokens"":87,""optimized_tokens"":77}]",neighbor_window,0
qt010,DIRECT,neighbor-0,How does logical replication differ from physical streaming replication?,5,5,2,386,233,153,0.3963730569948187,1,4,1.7167381974248928,0.2836343999952078,datasets\raw\postgres-replication.md|datasets\raw\postgres-replication.md|datasets\raw\postgres-replication.md|datasets\raw\postgres-replication.md|datasets\raw\kafka-overview.md,"[{""source_id"":""datasets\\raw\\postgres-replication.md#4"",""selected_sentence_indices"":[1],""original_tokens"":34,""optimized_tokens"":26},{""source_id"":""datasets\\raw\\postgres-replication.md#3"",""selected_sentence_indices"":[1,3,4],""original_tokens"":92,""optimized_tokens"":49},{""source_id"":""datasets\\raw\\postgres-replication.md#1"",""selected_sentence_indices"":[1,2,3],""original_tokens"":87,""optimized_tokens"":77},{""source_id"":""datasets\\raw\\postgres-replication.md#0"",""selected_sentence_indices"":[0,2,4],""original_tokens"":83,""optimized_tokens"":50},{""source_id"":""datasets\\raw\\kafka-overview.md#2"",""selected_sentence_indices"":[3,4,5],""original_tokens"":90,""optimized_tokens"":31}]",neighbor_window,0
qt011,PARAPHRASE,neighbor-0,How can database readers see stable data without making writers wait?,5,5,2,447,285,162,0.3624161073825503,1,2,0.7017543859649122,0.2973124999552965,datasets\raw\postgres-mvcc.md|datasets\raw\postgres-mvcc.md|datasets\raw\postgres-replication.md|datasets\raw\postgres-replication.md|datasets\raw\postgres-replication.md,"[{""source_id"":""datasets\\raw\\postgres-mvcc.md#1"",""selected_sentence_indices"":[1,2,3],""original_tokens"":94,""optimized_tokens"":58},{""source_id"":""datasets\\raw\\postgres-mvcc.md#0"",""selected_sentence_indices"":[0,3,4],""original_tokens"":91,""optimized_tokens"":58},{""source_id"":""datasets\\raw\\postgres-replication.md#0"",""selected_sentence_indices"":[1,2,4],""original_tokens"":83,""optimized_tokens"":45},{""source_id"":""datasets\\raw\\postgres-replication.md#1"",""selected_sentence_indices"":[1,2,3],""original_tokens"":87,""optimized_tokens"":77},{""source_id"":""datasets\\raw\\postgres-replication.md#3"",""selected_sentence_indices"":[2,3,4],""original_tokens"":92,""optimized_tokens"":47}]",neighbor_window,0
qt012,PARAPHRASE,neighbor-0,How are change records shipped and applied to a backup database?,5,5,2,385,244,141,0.36623376623376624,1,2,0.819672131147541,0.2645413000136614,datasets\raw\postgres-mvcc.md|datasets\raw\postgres-mvcc.md|datasets\raw\postgres-mvcc.md|datasets\raw\postgres-replication.md|datasets\raw\postgres-replication.md,"[{""source_id"":""datasets\\raw\\postgres-mvcc.md#0"",""selected_sentence_indices"":[1,2,4],""original_tokens"":91,""optimized_tokens"":47},{""source_id"":""datasets\\raw\\postgres-mvcc.md#3"",""selected_sentence_indices"":[0],""original_tokens"":26,""optimized_tokens"":26},{""source_id"":""datasets\\raw\\postgres-mvcc.md#2"",""selected_sentence_indices"":[1,3,5],""original_tokens"":93,""optimized_tokens"":66},{""source_id"":""datasets\\raw\\postgres-replication.md#0"",""selected_sentence_indices"":[1,2,3],""original_tokens"":83,""optimized_tokens"":52},{""source_id"":""datasets\\raw\\postgres-replication.md#3"",""selected_sentence_indices"":[0,3,4],""original_tokens"":92,""optimized_tokens"":53}]",neighbor_window,0
qt013,PARAPHRASE,neighbor-0,What decides where a newly requested workload runs in a cluster?,5,5,2,410,241,169,0.4121951219512195,1,4,1.6597510373443982,0.30271720001474023,datasets\raw\kubernetes-scheduling.md|datasets\raw\kubernetes-scheduling.md|datasets\raw\kubernetes-scheduling.md|datasets\raw\postgres-replication.md|datasets\raw\kubernetes-scheduling.md,"[{""source_id"":""datasets\\raw\\kubernetes-scheduling.md#2"",""selected_sentence_indices"":[1,3,4,5],""original_tokens"":96,""optimized_tokens"":61},{""source_id"":""datasets\\raw\\kubernetes-scheduling.md#1"",""selected_sentence_indices"":[1,2,4,6],""original_tokens"":94,""optimized_tokens"":60},{""source_id"":""datasets\\raw\\kubernetes-scheduling.md#0"",""selected_sentence_indices"":[0,1,2],""original_tokens"":91,""optimized_tokens"":49},{""source_id"":""datasets\\raw\\postgres-replication.md#3"",""selected_sentence_indices"":[0,2,3],""original_tokens"":92,""optimized_tokens"":60},{""source_id"":""datasets\\raw\\kubernetes-scheduling.md#3"",""selected_sentence_indices"":[0],""original_tokens"":37,""optimized_tokens"":11}]",neighbor_window,0
qt014,PARAPHRASE,neighbor-0,How can separate applications independently reread the same ordered events?,5,5,2,403,231,172,0.4267990074441687,1,4,1.7316017316017316,0.3011482001747936,datasets\raw\kafka-overview.md|datasets\raw\kafka-overview.md|datasets\raw\kafka-overview.md|datasets\raw\postgres-replication.md|datasets\raw\kafka-overview.md,"[{""source_id"":""datasets\\raw\\kafka-overview.md#2"",""selected_sentence_indices"":[1,2,4],""original_tokens"":90,""optimized_tokens"":48},{""source_id"":""datasets\\raw\\kafka-overview.md#3"",""selected_sentence_indices"":[0],""original_tokens"":41,""optimized_tokens"":8},{""source_id"":""datasets\\raw\\kafka-overview.md#0"",""selected_sentence_indices"":[0,1,3],""original_tokens"":87,""optimized_tokens"":53},{""source_id"":""datasets\\raw\\postgres-replication.md#3"",""selected_sentence_indices"":[0,1,4],""original_tokens"":92,""optimized_tokens"":57},{""source_id"":""datasets\\raw\\kafka-overview.md#1"",""selected_sentence_indices"":[0,2,3,6],""original_tokens"":93,""optimized_tokens"":65}]",neighbor_window,0
qt015,PARAPHRASE,neighbor-0,Why might old copies of updated rows remain on disk?,5,5,2,404,210,194,0.4801980198019802,1,3,1.4285714285714286,0.2977293999865651,datasets\raw\postgres-mvcc.md|datasets\raw\postgres-mvcc.md|datasets\raw\postgres-mvcc.md|datasets\raw\postgres-replication.md|datasets\raw\postgres-replication.md,"[{""source_id"":""datasets\\raw\\postgres-mvcc.md#0"",""selected_sentence_indices"":[1,2,3],""original_tokens"":91,""optimized_tokens"":49},{""source_id"":""datasets\\raw\\postgres-mvcc.md#1"",""selected_sentence_indices"":[0,2,5],""original_tokens"":94,""optimized_tokens"":43},{""source_id"":""datasets\\raw\\postgres-mvcc.md#2"",""selected_sentence_indices"":[0,1,5],""original_tokens"":93,""optimized_tokens"":45},{""source_id"":""datasets\\raw\\postgres-replication.md#3"",""selected_sentence_indices"":[2,3,4],""original_tokens"":92,""optimized_tokens"":47},{""source_id"":""datasets\\raw\\postgres-replication.md#4"",""selected_sentence_indices"":[1],""original_tokens"":34,""optimized_tokens"":26}]",neighbor_window,0
qt016,PARAPHRASE,neighbor-0,How does the cluster avoid placing a workload on an unsuitable machine?,5,5,3,466,311,155,0.33261802575107297,1,3,0.9646302250803859,0.3154712999239564,datasets\raw\kubernetes-scheduling.md|datasets\raw\kubernetes-scheduling.md|datasets\raw\kubernetes-scheduling.md|datasets\raw\postgres-replication.md|datasets\raw\kafka-overview.md,"[{""source_id"":""datasets\\raw\\kubernetes-scheduling.md#2"",""selected_sentence_indices"":[1,2,4,5],""original_tokens"":96,""optimized_tokens"":74},{""source_id"":""datasets\\raw\\kubernetes-scheduling.md#0"",""selected_sentence_indices"":[0,2,3],""original_tokens"":91,""optimized_tokens"":67},{""source_id"":""datasets\\raw\\kubernetes-scheduling.md#1"",""selected_sentence_indices"":[1,2,5,6],""original_tokens"":94,""optimized_tokens"":56},{""source_id"":""datasets\\raw\\postgres-replication.md#3"",""selected_sentence_indices"":[0,1,2],""original_tokens"":92,""optimized_tokens"":64},{""source_id"":""datasets\\raw\\kafka-overview.md#1"",""selected_sentence_indices"":[0,1,2,3],""original_tokens"":93,""optimized_tokens"":50}]",neighbor_window,0
qt017,PARAPHRASE,neighbor-0,How is an event log spread across servers for parallelism and resilience?,5,5,2,393,209,184,0.4681933842239186,1,3,1.4354066985645935,0.303137400187552,datasets\raw\kafka-overview.md|datasets\raw\kafka-overview.md|datasets\raw\kafka-overview.md|datasets\raw\postgres-replication.md|datasets\raw\postgres-replication.md,"[{""source_id"":""datasets\\raw\\kafka-overview.md#3"",""selected_sentence_indices"":[0],""original_tokens"":41,""optimized_tokens"":8},{""source_id"":""datasets\\raw\\kafka-overview.md#2"",""selected_sentence_indices"":[1,4,5],""original_tokens"":90,""optimized_tokens"":32},{""source_id"":""datasets\\raw\\kafka-overview.md#0"",""selected_sentence_indices"":[0,3,4],""original_tokens"":87,""optimized_tokens"":60},{""source_id"":""datasets\\raw\\postgres-replication.md#0"",""selected_sentence_indices"":[0,1,4],""original_tokens"":83,""optimized_tokens"":48},{""source_id"":""datasets\\raw\\postgres-replication.md#3"",""selected_sentence_indices"":[0,1,3],""original_tokens"":92,""optimized_tokens"":61}]",neighbor_window,0
qt018,PARAPHRASE,neighbor-0,What happens when the main database disappears and a copy must take writes?,5,5,2,450,286,164,0.36444444444444446,1,3,1.048951048951049,0.40559519990347326,datasets\raw\postgres-replication.md|datasets\raw\postgres-replication.md|datasets\raw\postgres-mvcc.md|datasets\raw\postgres-mvcc.md|datasets\raw\postgres-replication.md,"[{""source_id"":""datasets\\raw\\postgres-replication.md#3"",""selected_sentence_indices"":[1,2,3],""original_tokens"":92,""optimized_tokens"":56},{""source_id"":""datasets\\raw\\postgres-replication.md#2"",""selected_sentence_indices"":[2,3,4],""original_tokens"":91,""optimized_tokens"":58},{""source_id"":""datasets\\raw\\postgres-mvcc.md#2"",""selected_sentence_indices"":[1,4,5],""original_tokens"":93,""optimized_tokens"":56},{""source_id"":""datasets\\raw\\postgres-mvcc.md#0"",""selected_sentence_indices"":[0,2,4],""original_tokens"":91,""optimized_tokens"":58},{""source_id"":""datasets\\raw\\postgres-replication.md#0"",""selected_sentence_indices"":[0,1,2],""original_tokens"":83,""optimized_tokens"":58}]",neighbor_window,0
qt019,PARAPHRASE,neighbor-0,Why do declared resources matter more than momentary usage for workload placement?,5,5,3,466,299,167,0.3583690987124464,1,3,1.0033444816053512,0.3310136999934912,datasets\raw\kubernetes-scheduling.md|datasets\raw\kubernetes-scheduling.md|datasets\raw\kubernetes-scheduling.md|datasets\raw\postgres-mvcc.md|datasets\raw\postgres-replication.md,"[{""source_id"":""datasets\\raw\\kubernetes-scheduling.md#1"",""selected_sentence_indices"":[2,4,5,6],""original_tokens"":94,""optimized_tokens"":62},{""source_id"":""datasets\\raw\\kubernetes-scheduling.md#2"",""selected_sentence_indices"":[0,1,4,5],""original_tokens"":96,""optimized_tokens"":55},{""source_id"":""datasets\\raw\\kubernetes-scheduling.md#0"",""selected_sentence_indices"":[0,2,3],""original_tokens"":91,""optimized_tokens"":67},{""source_id"":""datasets\\raw\\postgres-mvcc.md#2"",""selected_sentence_indices"":[2,3,5],""original_tokens"":93,""optimized_tokens"":55},{""source_id"":""datasets\\raw\\postgres-replication.md#3"",""selected_sentence_indices"":[0,2,3],""original_tokens"":92,""optimized_tokens"":60}]",neighbor_window,0
qt020,PARAPHRASE,neighbor-0,How can a stream reader go back and process earlier records again?,5,5,3,445,294,151,0.3393258426966292,1,1,0.3401360544217687,0.32433219999074936,datasets\raw\postgres-replication.md|datasets\raw\postgres-replication.md|datasets\raw\postgres-mvcc.md|datasets\raw\postgres-replication.md|datasets\raw\kafka-overview.md,"[{""source_id"":""datasets\\raw\\postgres-replication.md#1"",""selected_sentence_indices"":[1,2,3],""original_tokens"":87,""optimized_tokens"":77},{""source_id"":""datasets\\raw\\postgres-replication.md#0"",""selected_sentence_indices"":[1,3,4],""original_tokens"":83,""optimized_tokens"":42},{""source_id"":""datasets\\raw\\postgres-mvcc.md#2"",""selected_sentence_indices"":[1,3,5],""original_tokens"":93,""optimized_tokens"":66},{""source_id"":""datasets\\raw\\postgres-replication.md#3"",""selected_sentence_indices"":[0,1,3],""original_tokens"":92,""optimized_tokens"":61},{""source_id"":""datasets\\raw\\kafka-overview.md#2"",""selected_sentence_indices"":[1,2,3],""original_tokens"":90,""optimized_tokens"":48}]",neighbor_window,0
qt021,VAGUE,neighbor-0,Why are old versions not getting cleaned up?,5,5,2,404,185,219,0.5420792079207921,1,3,1.6216216216216215,0.3191404000390321,datasets\raw\postgres-mvcc.md|datasets\raw\postgres-mvcc.md|datasets\raw\postgres-mvcc.md|datasets\raw\postgres-replication.md|datasets\raw\postgres-replication.md,"[{""source_id"":""datasets\\raw\\postgres-mvcc.md#2"",""selected_sentence_indices"":[0,1,2],""original_tokens"":93,""optimized_tokens"":31},{""source_id"":""datasets\\raw\\postgres-mvcc.md#1"",""selected_sentence_indices"":[0,1,5],""original_tokens"":94,""optimized_tokens"":32},{""source_id"":""datasets\\raw\\postgres-mvcc.md#0"",""selected_sentence_indices"":[1,2,3],""original_tokens"":91,""optimized_tokens"":49},{""source_id"":""datasets\\raw\\postgres-replication.md#4"",""selected_sentence_indices"":[1],""original_tokens"":34,""optimized_tokens"":26},{""source_id"":""datasets\\raw\\postgres-replication.md#3"",""selected_sentence_indices"":[2,3,4],""original_tokens"":92,""optimized_tokens"":47}]",neighbor_window,0
qt022,VAGUE,neighbor-0,Why is the replica falling behind?,5,5,2,386,192,194,0.5025906735751295,1,4,2.0833333333333335,0.2870791000314057,datasets\raw\postgres-replication.md|datasets\raw\postgres-replication.md|datasets\raw\postgres-replication.md|datasets\raw\postgres-replication.md|datasets\raw\kafka-overview.md,"[{""source_id"":""datasets\\raw\\postgres-replication.md#1"",""selected_sentence_indices"":[1,3,4],""original_tokens"":87,""optimized_tokens"":50},{""source_id"":""datasets\\raw\\postgres-replication.md#3"",""selected_sentence_indices"":[1,2,3],""original_tokens"":92,""optimized_tokens"":56},{""source_id"":""datasets\\raw\\postgres-replication.md#0"",""selected_sentence_indices"":[0,3,4],""original_tokens"":83,""optimized_tokens"":47},{""source_id"":""datasets\\raw\\postgres-replication.md#4"",""selected_sentence_indices"":[0],""original_tokens"":34,""optimized_tokens"":8},{""source_id"":""datasets\\raw\\kafka-overview.md#2"",""selected_sentence_indices"":[3,4,5],""original_tokens"":90,""optimized_tokens"":31}]",neighbor_window,0
qt023,VAGUE,neighbor-0,Why is my workload still pending?,5,5,2,405,237,168,0.4148148148148148,1,4,1.6877637130801686,0.29349820013158023,datasets\raw\kubernetes-scheduling.md|datasets\raw\kubernetes-scheduling.md|datasets\raw\kubernetes-scheduling.md|datasets\raw\postgres-replication.md|datasets\raw\kubernetes-scheduling.md,"[{""source_id"":""datasets\\raw\\kubernetes-scheduling.md#0"",""selected_sentence_indices"":[0,1,2],""original_tokens"":91,""optimized_tokens"":49},{""source_id"":""datasets\\raw\\kubernetes-scheduling.md#1"",""selected_sentence_indices"":[1,2,4,6],""original_tokens"":94,""optimized_tokens"":60},{""source_id"":""datasets\\raw\\kubernetes-scheduling.md#2"",""selected_sentence_indices"":[0,1,4,5],""original_tokens"":96,""optimized_tokens"":55},{""source_id"":""datasets\\raw\\postgres-replication.md#1"",""selected_sentence_indices"":[0,1,2],""original_tokens"":87,""optimized_tokens"":62},{""source_id"":""datasets\\raw\\kubernetes-scheduling.md#3"",""selected_sentence_indices"":[0],""original_tokens"":37,""optimized_tokens"":11}]",neighbor_window,0
qt024,VAGUE,neighbor-0,How can I read the same messages again?,5,5,3,399,214,185,0.46365914786967416,1,2,0.9345794392523364,0.3212306001223624,datasets\raw\kafka-overview.md|datasets\raw\postgres-mvcc.md|datasets\raw\kafka-overview.md|datasets\raw\postgres-mvcc.md|datasets\raw\postgres-replication.md,"[{""source_id"":""datasets\\raw\\kafka-overview.md#2"",""selected_sentence_indices"":[1,2,3],""original_tokens"":90,""optimized_tokens"":48},{""source_id"":""datasets\\raw\\postgres-mvcc.md#1"",""selected_sentence_indices"":[1,2,3],""original_tokens"":94,""optimized_tokens"":58},{""source_id"":""datasets\\raw\\kafka-overview.md#3"",""selected_sentence_indices"":[0],""original_tokens"":41,""optimized_tokens"":8},{""source_id"":""datasets\\raw\\postgres-mvcc.md#0"",""selected_sentence_indices"":[0,2,4],""original_tokens"":91,""optimized_tokens"":58},{""source_id"":""datasets\\raw\\postgres-replication.md#0"",""selected_sentence_indices"":[1,3,4],""original_tokens"":83,""optimized_tokens"":42}]",neighbor_window,0
qt025,VAGUE,neighbor-0,Why is commit slower now?,5,5,2,389,249,140,0.35989717223650386,1,2,0.8032128514056224,0.27171260002069175,datasets\raw\postgres-mvcc.md|datasets\raw\postgres-mvcc.md|datasets\raw\postgres-replication.md|datasets\raw\postgres-mvcc.md|datasets\raw\postgres-replication.md,"[{""source_id"":""datasets\\raw\\postgres-mvcc.md#1"",""selected_sentence_indices"":[1,2,4],""original_tokens"":94,""optimized_tokens"":57},{""source_id"":""datasets\\raw\\postgres-mvcc.md#0"",""selected_sentence_indices"":[0,2,4],""original_tokens"":91,""optimized_tokens"":58},{""source_id"":""datasets\\raw\\postgres-replication.md#1"",""selected_sentence_indices"":[0,2,3],""original_tokens"":87,""optimized_tokens"":59},{""source_id"":""datasets\\raw\\postgres-mvcc.md#3"",""selected_sentence_indices"":[0],""original_tokens"":26,""optimized_tokens"":26},{""source_id"":""datasets\\raw\\postgres-replication.md#2"",""selected_sentence_indices"":[0,1,3],""original_tokens"":91,""optimized_tokens"":49}]",neighbor_window,0
qt026,VAGUE,neighbor-0,Why do reads keep changing between statements?,5,5,2,386,232,154,0.39896373056994816,1,3,1.293103448275862,0.2519772998057306,datasets\raw\postgres-mvcc.md|datasets\raw\postgres-mvcc.md|datasets\raw\postgres-mvcc.md|datasets\raw\postgres-replication.md|datasets\raw\postgres-replication.md,"[{""source_id"":""datasets\\raw\\postgres-mvcc.md#1"",""selected_sentence_indices"":[1,2,3],""original_tokens"":94,""optimized_tokens"":58},{""source_id"":""datasets\\raw\\postgres-mvcc.md#0"",""selected_sentence_indices"":[0,1,4],""original_tokens"":91,""optimized_tokens"":59},{""source_id"":""datasets\\raw\\postgres-mvcc.md#3"",""selected_sentence_indices"":[0],""original_tokens"":26,""optimized_tokens"":26},{""source_id"":""datasets\\raw\\postgres-replication.md#3"",""selected_sentence_indices"":[2,3,4],""original_tokens"":92,""optimized_tokens"":47},{""source_id"":""datasets\\raw\\postgres-replication.md#0"",""selected_sentence_indices"":[1,3,4],""original_tokens"":83,""optimized_tokens"":42}]",neighbor_window,0
qt027,VAGUE,neighbor-0,Why won't this workload run on that machine?,5,5,2,405,243,162,0.4,1,4,1.6460905349794237,0.3042659000493586,datasets\raw\kubernetes-scheduling.md|datasets\raw\kubernetes-scheduling.md|datasets\raw\kubernetes-scheduling.md|datasets\raw\kubernetes-scheduling.md|datasets\raw\postgres-replication.md,"[{""source_id"":""datasets\\raw\\kubernetes-scheduling.md#0"",""selected_sentence_indices"":[0,2,3],""original_tokens"":91,""optimized_tokens"":67},{""source_id"":""datasets\\raw\\kubernetes-scheduling.md#3"",""selected_sentence_indices"":[0],""original_tokens"":37,""optimized_tokens"":11},{""source_id"":""datasets\\raw\\kubernetes-scheduling.md#1"",""selected_sentence_indices"":[0,1,4,5],""original_tokens"":94,""optimized_tokens"":48},{""source_id"":""datasets\\raw\\kubernetes-scheduling.md#2"",""selected_sentence_indices"":[0,1,4,5],""original_tokens"":96,""optimized_tokens"":55},{""source_id"":""datasets\\raw\\postgres-replication.md#1"",""selected_sentence_indices"":[0,1,2],""original_tokens"":87,""optimized_tokens"":62}]",neighbor_window,0
qt028,VAGUE,neighbor-0,Why isn't one reader handling every partition?,5,5,2,405,232,173,0.4271604938271605,1,4,1.7241379310344829,0.2986575998365879,datasets\raw\kafka-overview.md|datasets\raw\kafka-overview.md|datasets\raw\postgres-mvcc.md|datasets\raw\kafka-overview.md|datasets\raw\kafka-overview.md,"[{""source_id"":""datasets\\raw\\kafka-overview.md#2"",""selected_sentence_indices"":[0,1,2],""original_tokens"":90,""optimized_tokens"":60},{""source_id"":""datasets\\raw\\kafka-overview.md#1"",""selected_sentence_indices"":[0,2,3,6],""original_tokens"":93,""optimized_tokens"":65},{""source_id"":""datasets\\raw\\postgres-mvcc.md#1"",""selected_sentence_indices"":[1,2,3],""original_tokens"":94,""optimized_tokens"":58},{""source_id"":""datasets\\raw\\kafka-overview.md#3"",""selected_sentence_indices"":[0],""original_tokens"":41,""optimized_tokens"":8},{""source_id"":""datasets\\raw\\kafka-overview.md#0"",""selected_sentence_indices"":[2,3,4],""original_tokens"":87,""optimized_tokens"":41}]",neighbor_window,0
qt029,VAGUE,neighbor-0,Why is the log filling the disk?,5,5,3,399,179,220,0.5513784461152882,1,2,1.1173184357541899,0.29529669997282326,datasets\raw\kafka-overview.md|datasets\raw\postgres-mvcc.md|datasets\raw\kafka-overview.md|datasets\raw\postgres-replication.md|datasets\raw\postgres-replication.md,"[{""source_id"":""datasets\\raw\\kafka-overview.md#3"",""selected_sentence_indices"":[0],""original_tokens"":41,""optimized_tokens"":8},{""source_id"":""datasets\\raw\\postgres-mvcc.md#2"",""selected_sentence_indices"":[0,1,2],""original_tokens"":93,""optimized_tokens"":31},{""source_id"":""datasets\\raw\\kafka-overview.md#2"",""selected_sentence_indices"":[0,4,5],""original_tokens"":90,""optimized_tokens"":42},{""source_id"":""datasets\\raw\\postgres-replication.md#0"",""selected_sentence_indices"":[1,3,4],""original_tokens"":83,""optimized_tokens"":42},{""source_id"":""datasets\\raw\\postgres-replication.md#3"",""selected_sentence_indices"":[1,2,3],""original_tokens"":92,""optimized_tokens"":56}]",neighbor_window,0
qt030,VAGUE,neighbor-0,Who actually starts the containers?,5,5,2,411,188,223,0.5425790754257908,1,4,2.127659574468085,0.29910829989239573,datasets\raw\kubernetes-scheduling.md|datasets\raw\kubernetes-scheduling.md|datasets\raw\kubernetes-scheduling.md|datasets\raw\kubernetes-scheduling.md|datasets\raw\kafka-overview.md,"[{""source_id"":""datasets\\raw\\kubernetes-scheduling.md#3"",""selected_sentence_indices"":[0],""original_tokens"":37,""optimized_tokens"":11},{""source_id"":""datasets\\raw\\kubernetes-scheduling.md#2"",""selected_sentence_indices"":[0,2,5,6],""original_tokens"":96,""optimized_tokens"":48},{""source_id"":""datasets\\raw\\kubernetes-scheduling.md#0"",""selected_sentence_indices"":[0,2,4],""original_tokens"":91,""optimized_tokens"":33},{""source_id"":""datasets\\raw\\kubernetes-scheduling.md#1"",""selected_sentence_indices"":[1,4,5,6],""original_tokens"":94,""optimized_tokens"":47},{""source_id"":""datasets\\raw\\kafka-overview.md#1"",""selected_sentence_indices"":[1,3,4,5],""original_tokens"":93,""optimized_tokens"":49}]",neighbor_window,0
qt031,EXACT_IDENTIFIER,neighbor-0,What does WAL do in PostgreSQL streaming replication?,5,5,2,381,265,116,0.30446194225721784,1,3,1.1320754716981132,0.25688420003280044,datasets\raw\postgres-replication.md|datasets\raw\postgres-replication.md|datasets\raw\postgres-replication.md|datasets\raw\postgres-mvcc.md|datasets\raw\postgres-mvcc.md,"[{""source_id"":""datasets\\raw\\postgres-replication.md#0"",""selected_sentence_indices"":[0,2,4],""original_tokens"":83,""optimized_tokens"":50},{""source_id"":""datasets\\raw\\postgres-replication.md#1"",""selected_sentence_indices"":[1,2,3],""original_tokens"":87,""optimized_tokens"":77},{""source_id"":""datasets\\raw\\postgres-replication.md#3"",""selected_sentence_indices"":[1,2,3],""original_tokens"":92,""optimized_tokens"":56},{""source_id"":""datasets\\raw\\postgres-mvcc.md#3"",""selected_sentence_indices"":[0],""original_tokens"":26,""optimized_tokens"":26},{""source_id"":""datasets\\raw\\postgres-mvcc.md#2"",""selected_sentence_indices"":[1,4,5],""original_tokens"":93,""optimized_tokens"":56}]",neighbor_window,0
qt032,EXACT_IDENTIFIER,neighbor-0,What does MVCC provide in PostgreSQL?,5,5,2,387,255,132,0.34108527131782945,1,4,1.5686274509803924,0.25855040014721453,datasets\raw\postgres-mvcc.md|datasets\raw\postgres-mvcc.md|datasets\raw\postgres-mvcc.md|datasets\raw\postgres-mvcc.md|datasets\raw\postgres-replication.md,"[{""source_id"":""datasets\\raw\\postgres-mvcc.md#3"",""selected_sentence_indices"":[0],""original_tokens"":26,""optimized_tokens"":26},{""source_id"":""datasets\\raw\\postgres-mvcc.md#0"",""selected_sentence_indices"":[0,3,4],""original_tokens"":91,""optimized_tokens"":58},{""source_id"":""datasets\\raw\\postgres-mvcc.md#1"",""selected_sentence_indices"":[2,3,5],""original_tokens"":94,""optimized_tokens"":57},{""source_id"":""datasets\\raw\\postgres-mvcc.md#2"",""selected_sentence_indices"":[1,4,5],""original_tokens"":93,""optimized_tokens"":56},{""source_id"":""datasets\\raw\\postgres-replication.md#0"",""selected_sentence_indices"":[0,1,2],""original_tokens"":83,""optimized_tokens"":58}]",neighbor_window,0
qt033,EXACT_IDENTIFIER,neighbor-0,What does VACUUM do with obsolete row versions?,5,5,2,404,189,215,0.5321782178217822,1,3,1.5873015873015874,0.29168309993110597,datasets\raw\postgres-mvcc.md|datasets\raw\postgres-mvcc.md|datasets\raw\postgres-mvcc.md|datasets\raw\postgres-replication.md|datasets\raw\postgres-replication.md,"[{""source_id"":""datasets\\raw\\postgres-mvcc.md#2"",""selected_sentence_indices"":[0,1,2],""original_tokens"":93,""optimized_tokens"":31},{""source_id"":""datasets\\raw\\postgres-mvcc.md#1"",""selected_sentence_indices"":[0,4,5],""original_tokens"":94,""optimized_tokens"":36},{""source_id"":""datasets\\raw\\postgres-mvcc.md#0"",""selected_sentence_indices"":[1,2,3],""original_tokens"":91,""optimized_tokens"":49},{""source_id"":""datasets\\raw\\postgres-replication.md#4"",""selected_sentence_indices"":[1],""original_tokens"":34,""optimized_tokens"":26},{""source_id"":""datasets\\raw\\postgres-replication.md#3"",""selected_sentence_indices"":[2,3,4],""original_tokens"":92,""optimized_tokens"":47}]",neighbor_window,0
qt034,EXACT_IDENTIFIER,neighbor-0,How does Read Committed choose snapshots?,5,5,3,445,270,175,0.39325842696629215,1,2,0.7407407407407407,0.30769750010222197,datasets\raw\postgres-mvcc.md|datasets\raw\postgres-mvcc.md|datasets\raw\postgres-replication.md|datasets\raw\kafka-overview.md|datasets\raw\postgres-replication.md,"[{""source_id"":""datasets\\raw\\postgres-mvcc.md#0"",""selected_sentence_indices"":[2,3,4],""original_tokens"":91,""optimized_tokens"":46},{""source_id"":""datasets\\raw\\postgres-mvcc.md#1"",""selected_sentence_indices"":[1,2,3],""original_tokens"":94,""optimized_tokens"":58},{""source_id"":""datasets\\raw\\postgres-replication.md#1"",""selected_sentence_indices"":[1,2,3],""original_tokens"":87,""optimized_tokens"":77},{""source_id"":""datasets\\raw\\kafka-overview.md#2"",""selected_sentence_indices"":[2,3,4],""original_tokens"":90,""optimized_tokens"":47},{""source_id"":""datasets\\raw\\postgres-replication.md#0"",""selected_sentence_indices"":[1,3,4],""original_tokens"":83,""optimized_tokens"":42}]",neighbor_window,0
qt035,EXACT_IDENTIFIER,neighbor-0,How does Repeatable Read use a snapshot?,5,5,3,450,243,207,0.46,1,2,0.8230452674897119,0.30994009994901717,datasets\raw\postgres-mvcc.md|datasets\raw\postgres-mvcc.md|datasets\raw\postgres-replication.md|datasets\raw\kafka-overview.md|datasets\raw\postgres-replication.md,"[{""source_id"":""datasets\\raw\\postgres-mvcc.md#1"",""selected_sentence_indices"":[1,2,3],""original_tokens"":94,""optimized_tokens"":58},{""source_id"":""datasets\\raw\\postgres-mvcc.md#0"",""selected_sentence_indices"":[2,3,4],""original_tokens"":91,""optimized_tokens"":46},{""source_id"":""datasets\\raw\\postgres-replication.md#0"",""selected_sentence_indices"":[1,3,4],""original_tokens"":83,""optimized_tokens"":42},{""source_id"":""datasets\\raw\\kafka-overview.md#2"",""selected_sentence_indices"":[1,2,3],""original_tokens"":90,""optimized_tokens"":48},{""source_id"":""datasets\\raw\\postgres-replication.md#3"",""selected_sentence_indices"":[1,3,4],""original_tokens"":92,""optimized_tokens"":49}]",neighbor_window,0
qt036,EXACT_IDENTIFIER,neighbor-0,What does node affinity do for a Pod?,5,5,2,411,237,174,0.4233576642335766,1,4,1.6877637130801686,0.3050174000672996,datasets\raw\kubernetes-scheduling.md|datasets\raw\kubernetes-scheduling.md|datasets\raw\kubernetes-scheduling.md|datasets\raw\kubernetes-scheduling.md|datasets\raw\kafka-overview.md,"[{""source_id"":""datasets\\raw\\kubernetes-scheduling.md#2"",""selected_sentence_indices"":[2,3,4,6],""original_tokens"":96,""optimized_tokens"":60},{""source_id"":""datasets\\raw\\kubernetes-scheduling.md#0"",""selected_sentence_indices"":[0,1,2],""original_tokens"":91,""optimized_tokens"":49},{""source_id"":""datasets\\raw\\kubernetes-scheduling.md#3"",""selected_sentence_indices"":[1],""original_tokens"":37,""optimized_tokens"":26},{""source_id"":""datasets\\raw\\kubernetes-scheduling.md#1"",""selected_sentence_indices"":[1,3,4,5],""original_tokens"":94,""optimized_tokens"":42},{""source_id"":""datasets\\raw\\kafka-overview.md#1"",""selected_sentence_indices"":[1,2,3,6],""original_tokens"":93,""optimized_tokens"":60}]",neighbor_window,0
qt037,EXACT_IDENTIFIER,neighbor-0,What does kubelet do after Pod binding?,5,5,2,355,187,168,0.4732394366197183,1,3,1.6042780748663101,0.29992500017397106,datasets\raw\kubernetes-scheduling.md|datasets\raw\kubernetes-scheduling.md|datasets\raw\kubernetes-scheduling.md|datasets\raw\kafka-overview.md|datasets\raw\kafka-overview.md,"[{""source_id"":""datasets\\raw\\kubernetes-scheduling.md#2"",""selected_sentence_indices"":[2,3,4,6],""original_tokens"":96,""optimized_tokens"":60},{""source_id"":""datasets\\raw\\kubernetes-scheduling.md#3"",""selected_sentence_indices"":[1],""original_tokens"":37,""optimized_tokens"":26},{""source_id"":""datasets\\raw\\kubernetes-scheduling.md#0"",""selected_sentence_indices"":[0,1,2],""original_tokens"":91,""optimized_tokens"":49},{""source_id"":""datasets\\raw\\kafka-overview.md#3"",""selected_sentence_indices"":[0],""original_tokens"":41,""optimized_tokens"":8},{""source_id"":""datasets\\raw\\kafka-overview.md#2"",""selected_sentence_indices"":[2,4,5],""original_tokens"":90,""optimized_tokens"":44}]",neighbor_window,0
qt038,EXACT_IDENTIFIER,neighbor-0,What is a Kafka topic partition?,5,5,2,345,168,177,0.5130434782608696,1,4,2.380952380952381,0.28345829993486404,datasets\raw\kafka-overview.md|datasets\raw\kafka-overview.md|datasets\raw\kafka-overview.md|datasets\raw\kafka-overview.md|datasets\raw\postgres-replication.md,"[{""source_id"":""datasets\\raw\\kafka-overview.md#0"",""selected_sentence_indices"":[2,4,5],""original_tokens"":87,""optimized_tokens"":34},{""source_id"":""datasets\\raw\\kafka-overview.md#1"",""selected_sentence_indices"":[1,2,3,6],""original_tokens"":93,""optimized_tokens"":60},{""source_id"":""datasets\\raw\\kafka-overview.md#2"",""selected_sentence_indices"":[0,2,4],""original_tokens"":90,""optimized_tokens"":58},{""source_id"":""datasets\\raw\\kafka-overview.md#3"",""selected_sentence_indices"":[0],""original_tokens"":41,""optimized_tokens"":8},{""source_id"":""datasets\\raw\\postgres-replication.md#4"",""selected_sentence_indices"":[0],""original_tokens"":34,""optimized_tokens"":8}]",neighbor_window,0
qt039,EXACT_IDENTIFIER,neighbor-0,What does a Kafka consumer group do?,5,5,2,404,222,182,0.4504950495049505,1,4,1.8018018018018016,0.30154859996400774,datasets\raw\kafka-overview.md|datasets\raw\kafka-overview.md|datasets\raw\kafka-overview.md|datasets\raw\kafka-overview.md|datasets\raw\postgres-mvcc.md,"[{""source_id"":""datasets\\raw\\kafka-overview.md#1"",""selected_sentence_indices"":[1,2,5,6],""original_tokens"":93,""optimized_tokens"":48},{""source_id"":""datasets\\raw\\kafka-overview.md#2"",""selected_sentence_indices"":[0,2,4],""original_tokens"":90,""optimized_tokens"":58},{""source_id"":""datasets\\raw\\kafka-overview.md#0"",""selected_sentence_indices"":[0,4,5],""original_tokens"":87,""optimized_tokens"":53},{""source_id"":""datasets\\raw\\kafka-overview.md#3"",""selected_sentence_indices"":[0],""original_tokens"":41,""optimized_tokens"":8},{""source_id"":""datasets\\raw\\postgres-mvcc.md#2"",""selected_sentence_indices"":[2,3,5],""original_tokens"":93,""optimized_tokens"":55}]",neighbor_window,0
qt040,EXACT_IDENTIFIER,neighbor-0,What is a replication slot?,5,5,2,386,240,146,0.37823834196891193,1,4,1.6666666666666667,0.2967683000024408,datasets\raw\postgres-replication.md|datasets\raw\postgres-replication.md|datasets\raw\postgres-replication.md|datasets\raw\postgres-replication.md|datasets\raw\kafka-overview.md,"[{""source_id"":""datasets\\raw\\postgres-replication.md#3"",""selected_sentence_indices"":[1,2,3],""original_tokens"":92,""optimized_tokens"":56},{""source_id"":""datasets\\raw\\postgres-replication.md#0"",""selected_sentence_indices"":[0,2,4],""original_tokens"":83,""optimized_tokens"":50},{""source_id"":""datasets\\raw\\postgres-replication.md#4"",""selected_sentence_indices"":[1],""original_tokens"":34,""optimized_tokens"":26},{""source_id"":""datasets\\raw\\postgres-replication.md#1"",""selected_sentence_indices"":[1,2,3],""original_tokens"":87,""optimized_tokens"":77},{""source_id"":""datasets\\raw\\kafka-overview.md#2"",""selected_sentence_indices"":[3,4,5],""original_tokens"":90,""optimized_tokens"":31}]",neighbor_window,0
qt041,MULTI_PART,neighbor-0,"How does streaming replication work, and what can happen if an asynchronous standby has not received the latest WAL?",5,5,2,379,267,112,0.2955145118733509,1,4,1.4981273408239701,0.27742729987949133,datasets\raw\postgres-replication.md|datasets\raw\postgres-replication.md|datasets\raw\postgres-replication.md|datasets\raw\postgres-mvcc.md|datasets\raw\postgres-replication.md,"[{""source_id"":""datasets\\raw\\postgres-replication.md#1"",""selected_sentence_indices"":[1,2,3],""original_tokens"":87,""optimized_tokens"":77},{""source_id"":""datasets\\raw\\postgres-replication.md#0"",""selected_sentence_indices"":[0,2,4],""original_tokens"":83,""optimized_tokens"":50},{""source_id"":""datasets\\raw\\postgres-replication.md#3"",""selected_sentence_indices"":[1,2,3],""original_tokens"":92,""optimized_tokens"":56},{""source_id"":""datasets\\raw\\postgres-mvcc.md#3"",""selected_sentence_indices"":[0],""original_tokens"":26,""optimized_tokens"":26},{""source_id"":""datasets\\raw\\postgres-replication.md#2"",""selected_sentence_indices"":[2,3,4],""original_tokens"":91,""optimized_tokens"":58}]",neighbor_window,0
qt042,MULTI_PART,neighbor-0,"How do snapshots provide MVCC visibility, and how does VACUUM reclaim obsolete versions?",5,5,2,396,195,201,0.5075757575757576,1,4,2.0512820512820515,0.27015169989317656,datasets\raw\postgres-mvcc.md|datasets\raw\postgres-mvcc.md|datasets\raw\postgres-mvcc.md|datasets\raw\postgres-mvcc.md|datasets\raw\postgres-replication.md,"[{""source_id"":""datasets\\raw\\postgres-mvcc.md#2"",""selected_sentence_indices"":[1,2,4],""original_tokens"":93,""optimized_tokens"":42},{""source_id"":""datasets\\raw\\postgres-mvcc.md#0"",""selected_sentence_indices"":[2,3,4],""original_tokens"":91,""optimized_tokens"":46},{""source_id"":""datasets\\raw\\postgres-mvcc.md#1"",""selected_sentence_indices"":[0,1,5],""original_tokens"":94,""optimized_tokens"":32},{""source_id"":""datasets\\raw\\postgres-mvcc.md#3"",""selected_sentence_indices"":[0],""original_tokens"":26,""optimized_tokens"":26},{""source_id"":""datasets\\raw\\postgres-replication.md#3"",""selected_sentence_indices"":[1,3,4],""original_tokens"":92,""optimized_tokens"":49}]",neighbor_window,0
qt043,MULTI_PART,neighbor-0,"How does Kubernetes filter and score nodes, and what happens after a Pod is bound?",5,5,2,411,250,161,0.39172749391727496,1,4,1.6,0.31390940002165735,datasets\raw\kubernetes-scheduling.md|datasets\raw\kubernetes-scheduling.md|datasets\raw\kubernetes-scheduling.md|datasets\raw\kubernetes-scheduling.md|datasets\raw\kafka-overview.md,"[{""source_id"":""datasets\\raw\\kubernetes-scheduling.md#0"",""selected_sentence_indices"":[0,1,2],""original_tokens"":91,""optimized_tokens"":49},{""source_id"":""datasets\\raw\\kubernetes-scheduling.md#2"",""selected_sentence_indices"":[2,3,4,6],""original_tokens"":96,""optimized_tokens"":60},{""source_id"":""datasets\\raw\\kubernetes-scheduling.md#3"",""selected_sentence_indices"":[1],""original_tokens"":37,""optimized_tokens"":26},{""source_id"":""datasets\\raw\\kubernetes-scheduling.md#1"",""selected_sentence_indices"":[1,2,3,4],""original_tokens"":94,""optimized_tokens"":55},{""source_id"":""datasets\\raw\\kafka-overview.md#1"",""selected_sentence_indices"":[1,2,3,6],""original_tokens"":93,""optimized_tokens"":60}]",neighbor_window,0
qt044,MULTI_PART,neighbor-0,"How do Kafka partitions enable parallelism, and how are they replicated across brokers?",5,5,2,345,205,140,0.4057971014492754,1,4,1.9512195121951221,0.2974582000169903,datasets\raw\kafka-overview.md|datasets\raw\kafka-overview.md|datasets\raw\kafka-overview.md|datasets\raw\kafka-overview.md|datasets\raw\postgres-replication.md,"[{""source_id"":""datasets\\raw\\kafka-overview.md#1"",""selected_sentence_indices"":[1,2,3,6],""original_tokens"":93,""optimized_tokens"":60},{""source_id"":""datasets\\raw\\kafka-overview.md#2"",""selected_sentence_indices"":[0,2,4],""original_tokens"":90,""optimized_tokens"":58},{""source_id"":""datasets\\raw\\kafka-overview.md#0"",""selected_sentence_indices"":[0,4,5],""original_tokens"":87,""optimized_tokens"":53},{""source_id"":""datasets\\raw\\kafka-overview.md#3"",""selected_sentence_indices"":[0],""original_tokens"":41,""optimized_tokens"":8},{""source_id"":""datasets\\raw\\postgres-replication.md#4"",""selected_sentence_indices"":[1],""original_tokens"":34,""optimized_tokens"":26}]",neighbor_window,0
qt045,MULTI_PART,neighbor-0,"What improves with synchronous replication, and why can commit latency increase?",5,5,2,386,233,153,0.3963730569948187,1,4,1.7167381974248928,0.308742200024426,datasets\raw\postgres-replication.md|datasets\raw\postgres-replication.md|datasets\raw\postgres-replication.md|datasets\raw\kafka-overview.md|datasets\raw\postgres-replication.md,"[{""source_id"":""datasets\\raw\\postgres-replication.md#1"",""selected_sentence_indices"":[1,2,3],""original_tokens"":87,""optimized_tokens"":77},{""source_id"":""datasets\\raw\\postgres-replication.md#3"",""selected_sentence_indices"":[1,3,4],""original_tokens"":92,""optimized_tokens"":49},{""source_id"":""datasets\\raw\\postgres-replication.md#0"",""selected_sentence_indices"":[0,2,4],""original_tokens"":83,""optimized_tokens"":50},{""source_id"":""datasets\\raw\\kafka-overview.md#2"",""selected_sentence_indices"":[3,4,5],""original_tokens"":90,""optimized_tokens"":31},{""source_id"":""datasets\\raw\\postgres-replication.md#4"",""selected_sentence_indices"":[1],""original_tokens"":34,""optimized_tokens"":26}]",neighbor_window,0
qt046,MULTI_PART,neighbor-0,"Why do readers usually avoid blocking writers, and when are row locks still used?",5,5,3,454,298,156,0.3436123348017621,1,2,0.6711409395973155,0.3137884000316262,datasets\raw\postgres-mvcc.md|datasets\raw\postgres-mvcc.md|datasets\raw\postgres-replication.md|datasets\raw\kafka-overview.md|datasets\raw\postgres-replication.md,"[{""source_id"":""datasets\\raw\\postgres-mvcc.md#1"",""selected_sentence_indices"":[2,3,4],""original_tokens"":94,""optimized_tokens"":62},{""source_id"":""datasets\\raw\\postgres-mvcc.md#0"",""selected_sentence_indices"":[0,1,4],""original_tokens"":91,""optimized_tokens"":59},{""source_id"":""datasets\\raw\\postgres-replication.md#3"",""selected_sentence_indices"":[1,2,4],""original_tokens"":92,""optimized_tokens"":52},{""source_id"":""datasets\\raw\\kafka-overview.md#2"",""selected_sentence_indices"":[1,2,3],""original_tokens"":90,""optimized_tokens"":48},{""source_id"":""datasets\\raw\\postgres-replication.md#1"",""selected_sentence_indices"":[1,2,3],""original_tokens"":87,""optimized_tokens"":77}]",neighbor_window,0
qt047,MULTI_PART,neighbor-0,"How do taints, tolerations, and node affinity jointly influence Pod placement?",5,5,2,408,252,156,0.38235294117647056,1,4,1.5873015873015872,0.32894759997725487,datasets\raw\kubernetes-scheduling.md|datasets\raw\kubernetes-scheduling.md|datasets\raw\kubernetes-scheduling.md|datasets\raw\kubernetes-scheduling.md|datasets\raw\kafka-overview.md,"[{""source_id"":""datasets\\raw\\kubernetes-scheduling.md#2"",""selected_sentence_indices"":[2,3,4,6],""original_tokens"":96,""optimized_tokens"":60},{""source_id"":""datasets\\raw\\kubernetes-scheduling.md#0"",""selected_sentence_indices"":[0,2,3],""original_tokens"":91,""optimized_tokens"":67},{""source_id"":""datasets\\raw\\kubernetes-scheduling.md#1"",""selected_sentence_indices"":[2,3,4,5],""original_tokens"":94,""optimized_tokens"":57},{""source_id"":""datasets\\raw\\kubernetes-scheduling.md#3"",""selected_sentence_indices"":[1],""original_tokens"":37,""optimized_tokens"":26},{""source_id"":""datasets\\raw\\kafka-overview.md#2"",""selected_sentence_indices"":[0,4,5],""original_tokens"":90,""optimized_tokens"":42}]",neighbor_window,0
qt048,MULTI_PART,neighbor-0,"How do consumer groups distribute partitions, and how can consumers replay old events?",5,5,2,403,221,182,0.45161290322580644,1,4,1.8099547511312217,0.32168349996209145,datasets\raw\kafka-overview.md|datasets\raw\kafka-overview.md|datasets\raw\kafka-overview.md|datasets\raw\kafka-overview.md|datasets\raw\postgres-replication.md,"[{""source_id"":""datasets\\raw\\kafka-overview.md#2"",""selected_sentence_indices"":[0,1,3],""original_tokens"":90,""optimized_tokens"":47},{""source_id"":""datasets\\raw\\kafka-overview.md#1"",""selected_sentence_indices"":[2,3,5,6],""original_tokens"":93,""optimized_tokens"":61},{""source_id"":""datasets\\raw\\kafka-overview.md#3"",""selected_sentence_indices"":[0],""original_tokens"":41,""optimized_tokens"":8},{""source_id"":""datasets\\raw\\kafka-overview.md#0"",""selected_sentence_indices"":[1,3,4],""original_tokens"":87,""optimized_tokens"":49},{""source_id"":""datasets\\raw\\postgres-replication.md#3"",""selected_sentence_indices"":[1,2,3],""original_tokens"":92,""optimized_tokens"":56}]",neighbor_window,0
qt049,MULTI_PART,neighbor-0,"How is a standby promoted, and why is external failover orchestration often used?",5,5,2,394,289,105,0.26649746192893403,1,4,1.3840830449826989,0.31299389991909266,datasets\raw\postgres-replication.md|datasets\raw\postgres-replication.md|datasets\raw\postgres-replication.md|datasets\raw\postgres-replication.md|datasets\raw\kafka-overview.md,"[{""source_id"":""datasets\\raw\\postgres-replication.md#2"",""selected_sentence_indices"":[2,3,4],""original_tokens"":91,""optimized_tokens"":58},{""source_id"":""datasets\\raw\\postgres-replication.md#3"",""selected_sentence_indices"":[0,1,2],""original_tokens"":92,""optimized_tokens"":64},{""source_id"":""datasets\\raw\\postgres-replication.md#1"",""selected_sentence_indices"":[1,2,3],""original_tokens"":87,""optimized_tokens"":77},{""source_id"":""datasets\\raw\\postgres-replication.md#0"",""selected_sentence_indices"":[0,2,3],""original_tokens"":83,""optimized_tokens"":57},{""source_id"":""datasets\\raw\\kafka-overview.md#3"",""selected_sentence_indices"":[1],""original_tokens"":41,""optimized_tokens"":33}]",neighbor_window,0
qt050,MULTI_PART,neighbor-0,"How do resource requests affect scheduling, and how are they different from limits?",5,5,2,408,217,191,0.4681372549019608,1,4,1.8433179723502304,0.3060457999818027,datasets\raw\kubernetes-scheduling.md|datasets\raw\kubernetes-scheduling.md|datasets\raw\kubernetes-scheduling.md|datasets\raw\kubernetes-scheduling.md|datasets\raw\kafka-overview.md,"[{""source_id"":""datasets\\raw\\kubernetes-scheduling.md#1"",""selected_sentence_indices"":[1,4,5,6],""original_tokens"":94,""optimized_tokens"":47},{""source_id"":""datasets\\raw\\kubernetes-scheduling.md#2"",""selected_sentence_indices"":[0,1,4,5],""original_tokens"":96,""optimized_tokens"":55},{""source_id"":""datasets\\raw\\kubernetes-scheduling.md#0"",""selected_sentence_indices"":[0,1,2],""original_tokens"":91,""optimized_tokens"":49},{""source_id"":""datasets\\raw\\kubernetes-scheduling.md#3"",""selected_sentence_indices"":[0],""original_tokens"":37,""optimized_tokens"":11},{""source_id"":""datasets\\raw\\kafka-overview.md#2"",""selected_sentence_indices"":[0,2,5],""original_tokens"":90,""optimized_tokens"":55}]",neighbor_window,0
qt001,DIRECT,neighbor-1,How does PostgreSQL streaming replication work?,5,5,2,389,389,0,0.0,1,4,1.0282776349614395,0.38208640017546713,datasets\raw\postgres-replication.md|datasets\raw\postgres-replication.md|datasets\raw\postgres-replication.md|datasets\raw\postgres-replication.md|datasets\raw\postgres-mvcc.md,"[{""source_id"":""datasets\\raw\\postgres-replication.md#0"",""selected_sentence_indices"":[0,1,2,3,4],""original_tokens"":83,""optimized_tokens"":83},{""source_id"":""datasets\\raw\\postgres-replication.md#1"",""selected_sentence_indices"":[0,1,2,3,4],""original_tokens"":87,""optimized_tokens"":87},{""source_id"":""datasets\\raw\\postgres-replication.md#3"",""selected_sentence_indices"":[0,1,2,3,4],""original_tokens"":92,""optimized_tokens"":92},{""source_id"":""datasets\\raw\\postgres-replication.md#4"",""selected_sentence_indices"":[0,1],""original_tokens"":34,""optimized_tokens"":34},{""source_id"":""datasets\\raw\\postgres-mvcc.md#2"",""selected_sentence_indices"":[0,1,2,3,4,5],""original_tokens"":93,""optimized_tokens"":93}]",neighbor_window,1
qt002,DIRECT,neighbor-1,How does PostgreSQL MVCC determine row visibility?,5,5,2,396,396,0,0.0,1,4,1.0101010101010102,0.26559319999068975,datasets\raw\postgres-mvcc.md|datasets\raw\postgres-mvcc.md|datasets\raw\postgres-mvcc.md|datasets\raw\postgres-mvcc.md|datasets\raw\postgres-replication.md,"[{""source_id"":""datasets\\raw\\postgres-mvcc.md#1"",""selected_sentence_indices"":[0,1,2,3,4,5],""original_tokens"":94,""optimized_tokens"":94},{""source_id"":""datasets\\raw\\postgres-mvcc.md#0"",""selected_sentence_indices"":[0,1,2,3,4],""original_tokens"":91,""optimized_tokens"":91},{""source_id"":""datasets\\raw\\postgres-mvcc.md#3"",""selected_sentence_indices"":[0],""original_tokens"":26,""optimized_tokens"":26},{""source_id"":""datasets\\raw\\postgres-mvcc.md#2"",""selected_sentence_indices"":[0,1,2,3,4,5],""original_tokens"":93,""optimized_tokens"":93},{""source_id"":""datasets\\raw\\postgres-replication.md#3"",""selected_sentence_indices"":[0,1,2,3,4],""original_tokens"":92,""optimized_tokens"":92}]",neighbor_window,1
qt003,DIRECT,neighbor-1,How does Kubernetes select a node for a Pod?,5,5,2,411,403,8,0.019464720194647202,1,4,0.9925558312655086,0.30870210006833076,datasets\raw\kubernetes-scheduling.md|datasets\raw\kubernetes-scheduling.md|datasets\raw\kubernetes-scheduling.md|datasets\raw\kubernetes-scheduling.md|datasets\raw\kafka-overview.md,"[{""source_id"":""datasets\\raw\\kubernetes-scheduling.md#0"",""selected_sentence_indices"":[0,1,2,3],""original_tokens"":91,""optimized_tokens"":87},{""source_id"":""datasets\\raw\\kubernetes-scheduling.md#2"",""selected_sentence_indices"":[1,2,3,4,5,6],""original_tokens"":96,""optimized_tokens"":92},{""source_id"":""datasets\\raw\\kubernetes-scheduling.md#3"",""selected_sentence_indices"":[0,1],""original_tokens"":37,""optimized_tokens"":37},{""source_id"":""datasets\\raw\\kubernetes-scheduling.md#1"",""selected_sentence_indices"":[0,1,2,3,4,5,6],""original_tokens"":94,""optimized_tokens"":94},{""source_id"":""datasets\\raw\\kafka-overview.md#1"",""selected_sentence_indices"":[0,1,2,3,4,5,6],""original_tokens"":93,""optimized_tokens"":93}]",neighbor_window,1
qt004,DIRECT,neighbor-1,What is Apache Kafka used for?,5,5,2,404,356,48,0.1188118811881188,1,4,1.1235955056179776,0.311944899847731,datasets\raw\kafka-overview.md|datasets\raw\kafka-overview.md|datasets\raw\kafka-overview.md|datasets\raw\kafka-overview.md|datasets\raw\postgres-mvcc.md,"[{""source_id"":""datasets\\raw\\kafka-overview.md#0"",""selected_sentence_indices"":[0,1,3,4,5],""original_tokens"":87,""optimized_tokens"":80},{""source_id"":""datasets\\raw\\kafka-overview.md#1"",""selected_sentence_indices"":[0,1,2,3,5,6],""original_tokens"":93,""optimized_tokens"":79},{""source_id"":""datasets\\raw\\kafka-overview.md#3"",""selected_sentence_indices"":[0,1],""original_tokens"":41,""optimized_tokens"":41},{""source_id"":""datasets\\raw\\kafka-overview.md#2"",""selected_sentence_indices"":[1,2,3,4,5],""original_tokens"":90,""optimized_tokens"":67},{""source_id"":""datasets\\raw\\postgres-mvcc.md#2"",""selected_sentence_indices"":[1,2,3,4,5],""original_tokens"":93,""optimized_tokens"":89}]",neighbor_window,1
qt005,DIRECT,neighbor-1,What trade-off does synchronous PostgreSQL replication make?,5,5,2,322,322,0,0.0,1,4,1.2422360248447204,0.26016669999808073,datasets\raw\postgres-replication.md|datasets\raw\postgres-replication.md|datasets\raw\postgres-replication.md|datasets\raw\postgres-replication.md|datasets\raw\postgres-mvcc.md,"[{""source_id"":""datasets\\raw\\postgres-replication.md#3"",""selected_sentence_indices"":[0,1,2,3,4],""original_tokens"":92,""optimized_tokens"":92},{""source_id"":""datasets\\raw\\postgres-replication.md#0"",""selected_sentence_indices"":[0,1,2,3,4],""original_tokens"":83,""optimized_tokens"":83},{""source_id"":""datasets\\raw\\postgres-replication.md#1"",""selected_sentence_indices"":[0,1,2,3,4],""original_tokens"":87,""optimized_tokens"":87},{""source_id"":""datasets\\raw\\postgres-replication.md#4"",""selected_sentence_indices"":[0,1],""original_tokens"":34,""optimized_tokens"":34},{""source_id"":""datasets\\raw\\postgres-mvcc.md#3"",""selected_sentence_indices"":[0],""original_tokens"":26,""optimized_tokens"":26}]",neighbor_window,1
qt006,DIRECT,neighbor-1,What does PostgreSQL VACUUM do?,5,5,2,385,354,31,0.08051948051948052,1,3,0.847457627118644,0.255616300040856,datasets\raw\postgres-mvcc.md|datasets\raw\postgres-mvcc.md|datasets\raw\postgres-replication.md|datasets\raw\postgres-replication.md|datasets\raw\postgres-mvcc.md,"[{""source_id"":""datasets\\raw\\postgres-mvcc.md#2"",""selected_sentence_indices"":[0,1,2,3,4],""original_tokens"":93,""optimized_tokens"":71},{""source_id"":""datasets\\raw\\postgres-mvcc.md#0"",""selected_sentence_indices"":[0,1,2,3,4],""original_tokens"":91,""optimized_tokens"":91},{""source_id"":""datasets\\raw\\postgres-replication.md#3"",""selected_sentence_indices"":[0,1,2,3,4],""original_tokens"":92,""optimized_tokens"":92},{""source_id"":""datasets\\raw\\postgres-replication.md#0"",""selected_sentence_indices"":[0,1,2,3],""original_tokens"":83,""optimized_tokens"":74},{""source_id"":""datasets\\raw\\postgres-mvcc.md#3"",""selected_sentence_indices"":[0],""original_tokens"":26,""optimized_tokens"":26}]",neighbor_window,1
qt007,DIRECT,neighbor-1,How do Kubernetes taints and tolerations affect scheduling?,5,5,2,408,381,27,0.0661764705882353,1,4,1.0498687664041995,0.29968809988349676,datasets\raw\kubernetes-scheduling.md|datasets\raw\kubernetes-scheduling.md|datasets\raw\kubernetes-scheduling.md|datasets\raw\kubernetes-scheduling.md|datasets\raw\kafka-overview.md,"[{""source_id"":""datasets\\raw\\kubernetes-scheduling.md#2"",""selected_sentence_indices"":[0,1,2,3,4,5,6],""original_tokens"":96,""optimized_tokens"":96},{""source_id"":""datasets\\raw\\kubernetes-scheduling.md#0"",""selected_sentence_indices"":[0,1,2,3],""original_tokens"":91,""optimized_tokens"":87},{""source_id"":""datasets\\raw\\kubernetes-scheduling.md#3"",""selected_sentence_indices"":[0,1],""original_tokens"":37,""optimized_tokens"":37},{""source_id"":""datasets\\raw\\kubernetes-scheduling.md#1"",""selected_sentence_indices"":[0,1,2,3,4,5,6],""original_tokens"":94,""optimized_tokens"":94},{""source_id"":""datasets\\raw\\kafka-overview.md#2"",""selected_sentence_indices"":[1,2,3,4,5],""original_tokens"":90,""optimized_tokens"":67}]",neighbor_window,1
qt008,DIRECT,neighbor-1,How do Kafka consumer groups divide work?,5,5,2,403,396,7,0.017369727047146403,1,4,1.0101010101010102,0.3292381998617202,datasets\raw\kafka-overview.md|datasets\raw\kafka-overview.md|datasets\raw\kafka-overview.md|datasets\raw\kafka-overview.md|datasets\raw\postgres-replication.md,"[{""source_id"":""datasets\\raw\\kafka-overview.md#1"",""selected_sentence_indices"":[0,1,2,3,4,5,6],""original_tokens"":93,""optimized_tokens"":93},{""source_id"":""datasets\\raw\\kafka-overview.md#2"",""selected_sentence_indices"":[0,1,2,3,4,5],""original_tokens"":90,""optimized_tokens"":90},{""source_id"":""datasets\\raw\\kafka-overview.md#0"",""selected_sentence_indices"":[0,1,3,4,5],""original_tokens"":87,""optimized_tokens"":80},{""source_id"":""datasets\\raw\\kafka-overview.md#3"",""selected_sentence_indices"":[0,1],""original_tokens"":41,""optimized_tokens"":41},{""source_id"":""datasets\\raw\\postgres-replication.md#3"",""selected_sentence_indices"":[0,1,2,3,4],""original_tokens"":92,""optimized_tokens"":92}]",neighbor_window,1
qt009,DIRECT,neighbor-1,Why can a PostgreSQL replication slot consume disk space?,5,5,2,389,389,0,0.0,1,4,1.0282776349614395,0.3148167999461293,datasets\raw\postgres-replication.md|datasets\raw\postgres-replication.md|datasets\raw\postgres-mvcc.md|datasets\raw\postgres-replication.md|datasets\raw\postgres-replication.md,"[{""source_id"":""datasets\\raw\\postgres-replication.md#3"",""selected_sentence_indices"":[0,1,2,3,4],""original_tokens"":92,""optimized_tokens"":92},{""source_id"":""datasets\\raw\\postgres-replication.md#4"",""selected_sentence_indices"":[0,1],""original_tokens"":34,""optimized_tokens"":34},{""source_id"":""datasets\\raw\\postgres-mvcc.md#2"",""selected_sentence_indices"":[0,1,2,3,4,5],""original_tokens"":93,""optimized_tokens"":93},{""source_id"":""datasets\\raw\\postgres-replication.md#0"",""selected_sentence_indices"":[0,1,2,3,4],""original_tokens"":83,""optimized_tokens"":83},{""source_id"":""datasets\\raw\\postgres-replication.md#1"",""selected_sentence_indices"":[0,1,2,3,4],""original_tokens"":87,""optimized_tokens"":87}]",neighbor_window,1
qt010,DIRECT,neighbor-1,How does logical replication differ from physical streaming replication?,5,5,2,386,351,35,0.09067357512953368,1,4,1.1396011396011396,0.2986582999583334,datasets\raw\postgres-replication.md|datasets\raw\postgres-replication.md|datasets\raw\postgres-replication.md|datasets\raw\postgres-replication.md|datasets\raw\kafka-overview.md,"[{""source_id"":""datasets\\raw\\postgres-replication.md#4"",""selected_sentence_indices"":[0,1],""original_tokens"":34,""optimized_tokens"":34},{""source_id"":""datasets\\raw\\postgres-replication.md#3"",""selected_sentence_indices"":[0,1,2,3,4],""original_tokens"":92,""optimized_tokens"":92},{""source_id"":""datasets\\raw\\postgres-replication.md#1"",""selected_sentence_indices"":[0,1,2,3,4],""original_tokens"":87,""optimized_tokens"":87},{""source_id"":""datasets\\raw\\postgres-replication.md#0"",""selected_sentence_indices"":[0,1,2,3,4],""original_tokens"":83,""optimized_tokens"":83},{""source_id"":""datasets\\raw\\kafka-overview.md#2"",""selected_sentence_indices"":[2,3,4,5],""original_tokens"":90,""optimized_tokens"":55}]",neighbor_window,1
qt011,PARAPHRASE,neighbor-1,How can database readers see stable data without making writers wait?,5,5,2,447,410,37,0.08277404921700224,1,2,0.48780487804878053,0.3306698000524193,datasets\raw\postgres-mvcc.md|datasets\raw\postgres-mvcc.md|datasets\raw\postgres-replication.md|datasets\raw\postgres-replication.md|datasets\raw\postgres-replication.md,"[{""source_id"":""datasets\\raw\\postgres-mvcc.md#1"",""selected_sentence_indices"":[0,1,2,3,4],""original_tokens"":94,""optimized_tokens"":81},{""source_id"":""datasets\\raw\\postgres-mvcc.md#0"",""selected_sentence_indices"":[0,1,2,3,4],""original_tokens"":91,""optimized_tokens"":91},{""source_id"":""datasets\\raw\\postgres-replication.md#0"",""selected_sentence_indices"":[0,1,2,3,4],""original_tokens"":83,""optimized_tokens"":83},{""source_id"":""datasets\\raw\\postgres-replication.md#1"",""selected_sentence_indices"":[0,1,2,3,4],""original_tokens"":87,""optimized_tokens"":87},{""source_id"":""datasets\\raw\\postgres-replication.md#3"",""selected_sentence_indices"":[1,2,3,4],""original_tokens"":92,""optimized_tokens"":68}]",neighbor_window,1
qt012,PARAPHRASE,neighbor-1,How are change records shipped and applied to a backup database?,5,5,2,385,385,0,0.0,1,2,0.5194805194805194,0.29252039990387857,datasets\raw\postgres-mvcc.md|datasets\raw\postgres-mvcc.md|datasets\raw\postgres-mvcc.md|datasets\raw\postgres-replication.md|datasets\raw\postgres-replication.md,"[{""source_id"":""datasets\\raw\\postgres-mvcc.md#0"",""selected_sentence_indices"":[0,1,2,3,4],""original_tokens"":91,""optimized_tokens"":91},{""source_id"":""datasets\\raw\\postgres-mvcc.md#3"",""selected_sentence_indices"":[0],""original_tokens"":26,""optimized_tokens"":26},{""source_id"":""datasets\\raw\\postgres-mvcc.md#2"",""selected_sentence_indices"":[0,1,2,3,4,5],""original_tokens"":93,""optimized_tokens"":93},{""source_id"":""datasets\\raw\\postgres-replication.md#0"",""selected_sentence_indices"":[0,1,2,3,4],""original_tokens"":83,""optimized_tokens"":83},{""source_id"":""datasets\\raw\\postgres-replication.md#3"",""selected_sentence_indices"":[0,1,2,3,4],""original_tokens"":92,""optimized_tokens"":92}]",neighbor_window,1
qt013,PARAPHRASE,neighbor-1,What decides where a newly requested workload runs in a cluster?,5,5,2,410,406,4,0.00975609756097561,1,4,0.9852216748768474,0.32298189983703196,datasets\raw\kubernetes-scheduling.md|datasets\raw\kubernetes-scheduling.md|datasets\raw\kubernetes-scheduling.md|datasets\raw\postgres-replication.md|datasets\raw\kubernetes-scheduling.md,"[{""source_id"":""datasets\\raw\\kubernetes-scheduling.md#2"",""selected_sentence_indices"":[0,1,2,3,4,5,6],""original_tokens"":96,""optimized_tokens"":96},{""source_id"":""datasets\\raw\\kubernetes-scheduling.md#1"",""selected_sentence_indices"":[0,1,2,3,4,5,6],""original_tokens"":94,""optimized_tokens"":94},{""source_id"":""datasets\\raw\\kubernetes-scheduling.md#0"",""selected_sentence_indices"":[0,1,2,3],""original_tokens"":91,""optimized_tokens"":87},{""source_id"":""datasets\\raw\\postgres-replication.md#3"",""selected_sentence_indices"":[0,1,2,3,4],""original_tokens"":92,""optimized_tokens"":92},{""source_id"":""datasets\\raw\\kubernetes-scheduling.md#3"",""selected_sentence_indices"":[0,1],""original_tokens"":37,""optimized_tokens"":37}]",neighbor_window,1
qt014,PARAPHRASE,neighbor-1,How can separate applications independently reread the same ordered events?,5,5,2,403,397,6,0.01488833746898263,1,4,1.0075566750629723,0.4681489998474717,datasets\raw\kafka-overview.md|datasets\raw\kafka-overview.md|datasets\raw\kafka-overview.md|datasets\raw\postgres-replication.md|datasets\raw\kafka-overview.md,"[{""source_id"":""datasets\\raw\\kafka-overview.md#2"",""selected_sentence_indices"":[0,1,2,3,4,5],""original_tokens"":90,""optimized_tokens"":90},{""source_id"":""datasets\\raw\\kafka-overview.md#3"",""selected_sentence_indices"":[0,1],""original_tokens"":41,""optimized_tokens"":41},{""source_id"":""datasets\\raw\\kafka-overview.md#0"",""selected_sentence_indices"":[0,1,2,3,4],""original_tokens"":87,""optimized_tokens"":81},{""source_id"":""datasets\\raw\\postgres-replication.md#3"",""selected_sentence_indices"":[0,1,2,3,4],""original_tokens"":92,""optimized_tokens"":92},{""source_id"":""datasets\\raw\\kafka-overview.md#1"",""selected_sentence_indices"":[0,1,2,3,4,5,6],""original_tokens"":93,""optimized_tokens"":93}]",neighbor_window,1
qt015,PARAPHRASE,neighbor-1,Why might old copies of updated rows remain on disk?,5,5,2,404,355,49,0.12128712871287128,1,3,0.8450704225352114,0.5900548999197781,datasets\raw\postgres-mvcc.md|datasets\raw\postgres-mvcc.md|datasets\raw\postgres-mvcc.md|datasets\raw\postgres-replication.md|datasets\raw\postgres-replication.md,"[{""source_id"":""datasets\\raw\\postgres-mvcc.md#0"",""selected_sentence_indices"":[0,1,2,3,4],""original_tokens"":91,""optimized_tokens"":91},{""source_id"":""datasets\\raw\\postgres-mvcc.md#1"",""selected_sentence_indices"":[0,1,2,3,4,5],""original_tokens"":94,""optimized_tokens"":94},{""source_id"":""datasets\\raw\\postgres-mvcc.md#2"",""selected_sentence_indices"":[0,1,2,4,5],""original_tokens"":93,""optimized_tokens"":68},{""source_id"":""datasets\\raw\\postgres-replication.md#3"",""selected_sentence_indices"":[1,2,3,4],""original_tokens"":92,""optimized_tokens"":68},{""source_id"":""datasets\\raw\\postgres-replication.md#4"",""selected_sentence_indices"":[0,1],""original_tokens"":34,""optimized_tokens"":34}]",neighbor_window,1
qt016,PARAPHRASE,neighbor-1,How does the cluster avoid placing a workload on an unsuitable machine?,5,5,3,466,425,41,0.08798283261802575,1,3,0.7058823529411765,0.3448005998507142,datasets\raw\kubernetes-scheduling.md|datasets\raw\kubernetes-scheduling.md|datasets\raw\kubernetes-scheduling.md|datasets\raw\postgres-replication.md|datasets\raw\kafka-overview.md,"[{""source_id"":""datasets\\raw\\kubernetes-scheduling.md#2"",""selected_sentence_indices"":[0,1,2,3,4,5,6],""original_tokens"":96,""optimized_tokens"":96},{""source_id"":""datasets\\raw\\kubernetes-scheduling.md#0"",""selected_sentence_indices"":[0,1,2,3,4],""original_tokens"":91,""optimized_tokens"":91},{""source_id"":""datasets\\raw\\kubernetes-scheduling.md#1"",""selected_sentence_indices"":[0,1,2,3,4,5,6],""original_tokens"":94,""optimized_tokens"":94},{""source_id"":""datasets\\raw\\postgres-replication.md#3"",""selected_sentence_indices"":[0,1,2,3],""original_tokens"":92,""optimized_tokens"":80},{""source_id"":""datasets\\raw\\kafka-overview.md#1"",""selected_sentence_indices"":[0,1,2,3,4],""original_tokens"":93,""optimized_tokens"":64}]",neighbor_window,1
qt017,PARAPHRASE,neighbor-1,How is an event log spread across servers for parallelism and resilience?,5,5,2,393,393,0,0.0,1,3,0.7633587786259541,0.31230430002324283,datasets\raw\kafka-overview.md|datasets\raw\kafka-overview.md|datasets\raw\kafka-overview.md|datasets\raw\postgres-replication.md|datasets\raw\postgres-replication.md,"[{""source_id"":""datasets\\raw\\kafka-overview.md#3"",""selected_sentence_indices"":[0,1],""original_tokens"":41,""optimized_tokens"":41},{""source_id"":""datasets\\raw\\kafka-overview.md#2"",""selected_sentence_indices"":[0,1,2,3,4,5],""original_tokens"":90,""optimized_tokens"":90},{""source_id"":""datasets\\raw\\kafka-overview.md#0"",""selected_sentence_indices"":[0,1,2,3,4,5],""original_tokens"":87,""optimized_tokens"":87},{""source_id"":""datasets\\raw\\postgres-replication.md#0"",""selected_sentence_indices"":[0,1,2,3,4],""original_tokens"":83,""optimized_tokens"":83},{""source_id"":""datasets\\raw\\postgres-replication.md#3"",""selected_sentence_indices"":[0,1,2,3,4],""original_tokens"":92,""optimized_tokens"":92}]",neighbor_window,1
qt018,PARAPHRASE,neighbor-1,What happens when the main database disappears and a copy must take writes?,5,5,2,450,425,25,0.05555555555555555,1,3,0.7058823529411765,0.3126549001317471,datasets\raw\postgres-replication.md|datasets\raw\postgres-replication.md|datasets\raw\postgres-mvcc.md|datasets\raw\postgres-mvcc.md|datasets\raw\postgres-replication.md,"[{""source_id"":""datasets\\raw\\postgres-replication.md#3"",""selected_sentence_indices"":[0,1,2,3,4],""original_tokens"":92,""optimized_tokens"":92},{""source_id"":""datasets\\raw\\postgres-replication.md#2"",""selected_sentence_indices"":[1,2,3,4],""original_tokens"":91,""optimized_tokens"":75},{""source_id"":""datasets\\raw\\postgres-mvcc.md#2"",""selected_sentence_indices"":[0,1,2,3,4,5],""original_tokens"":93,""optimized_tokens"":93},{""source_id"":""datasets\\raw\\postgres-mvcc.md#0"",""selected_sentence_indices"":[0,1,2,3,4],""original_tokens"":91,""optimized_tokens"":91},{""source_id"":""datasets\\raw\\postgres-replication.md#0"",""selected_sentence_indices"":[0,1,2,3],""original_tokens"":83,""optimized_tokens"":74}]",neighbor_window,1
qt019,PARAPHRASE,neighbor-1,Why do declared resources matter more than momentary usage for workload placement?,5,5,3,466,447,19,0.0407725321888412,1,3,0.6711409395973155,0.31236229999922216,datasets\raw\kubernetes-scheduling.md|datasets\raw\kubernetes-scheduling.md|datasets\raw\kubernetes-scheduling.md|datasets\raw\postgres-mvcc.md|datasets\raw\postgres-replication.md,"[{""source_id"":""datasets\\raw\\kubernetes-scheduling.md#1"",""selected_sentence_indices"":[1,2,3,4,5,6],""original_tokens"":94,""optimized_tokens"":79},{""source_id"":""datasets\\raw\\kubernetes-scheduling.md#2"",""selected_sentence_indices"":[0,1,2,3,4,5,6],""original_tokens"":96,""optimized_tokens"":96},{""source_id"":""datasets\\raw\\kubernetes-scheduling.md#0"",""selected_sentence_indices"":[0,1,2,3,4],""original_tokens"":91,""optimized_tokens"":91},{""source_id"":""datasets\\raw\\postgres-mvcc.md#2"",""selected_sentence_indices"":[1,2,3,4,5],""original_tokens"":93,""optimized_tokens"":89},{""source_id"":""datasets\\raw\\postgres-replication.md#3"",""selected_sentence_indices"":[0,1,2,3,4],""original_tokens"":92,""optimized_tokens"":92}]",neighbor_window,1
qt020,PARAPHRASE,neighbor-1,How can a stream reader go back and process earlier records again?,5,5,3,445,437,8,0.017977528089887642,1,1,0.22883295194508008,0.3063764001708478,datasets\raw\postgres-replication.md|datasets\raw\postgres-replication.md|datasets\raw\postgres-mvcc.md|datasets\raw\postgres-replication.md|datasets\raw\kafka-overview.md,"[{""source_id"":""datasets\\raw\\postgres-replication.md#1"",""selected_sentence_indices"":[0,1,2,3,4],""original_tokens"":87,""optimized_tokens"":87},{""source_id"":""datasets\\raw\\postgres-replication.md#0"",""selected_sentence_indices"":[0,1,2,3,4],""original_tokens"":83,""optimized_tokens"":83},{""source_id"":""datasets\\raw\\postgres-mvcc.md#2"",""selected_sentence_indices"":[0,1,2,3,4,5],""original_tokens"":93,""optimized_tokens"":93},{""source_id"":""datasets\\raw\\postgres-replication.md#3"",""selected_sentence_indices"":[0,1,2,3,4],""original_tokens"":92,""optimized_tokens"":92},{""source_id"":""datasets\\raw\\kafka-overview.md#2"",""selected_sentence_indices"":[0,1,2,3,4],""original_tokens"":90,""optimized_tokens"":82}]",neighbor_window,1
qt021,VAGUE,neighbor-1,Why are old versions not getting cleaned up?,5,5,2,404,324,80,0.19801980198019803,1,3,0.9259259259259258,0.3024573000147939,datasets\raw\postgres-mvcc.md|datasets\raw\postgres-mvcc.md|datasets\raw\postgres-mvcc.md|datasets\raw\postgres-replication.md|datasets\raw\postgres-replication.md,"[{""source_id"":""datasets\\raw\\postgres-mvcc.md#2"",""selected_sentence_indices"":[0,1,2,3],""original_tokens"":93,""optimized_tokens"":56},{""source_id"":""datasets\\raw\\postgres-mvcc.md#1"",""selected_sentence_indices"":[0,1,2,4,5],""original_tokens"":94,""optimized_tokens"":75},{""source_id"":""datasets\\raw\\postgres-mvcc.md#0"",""selected_sentence_indices"":[0,1,2,3,4],""original_tokens"":91,""optimized_tokens"":91},{""source_id"":""datasets\\raw\\postgres-replication.md#4"",""selected_sentence_indices"":[0,1],""original_tokens"":34,""optimized_tokens"":34},{""source_id"":""datasets\\raw\\postgres-replication.md#3"",""selected_sentence_indices"":[1,2,3,4],""original_tokens"":92,""optimized_tokens"":68}]",neighbor_window,1
qt022,VAGUE,neighbor-1,Why is the replica falling behind?,5,5,2,386,351,35,0.09067357512953368,1,4,1.1396011396011396,0.3060783001128584,datasets\raw\postgres-replication.md|datasets\raw\postgres-replication.md|datasets\raw\postgres-replication.md|datasets\raw\postgres-replication.md|datasets\raw\kafka-overview.md,"[{""source_id"":""datasets\\raw\\postgres-replication.md#1"",""selected_sentence_indices"":[0,1,2,3,4],""original_tokens"":87,""optimized_tokens"":87},{""source_id"":""datasets\\raw\\postgres-replication.md#3"",""selected_sentence_indices"":[0,1,2,3,4],""original_tokens"":92,""optimized_tokens"":92},{""source_id"":""datasets\\raw\\postgres-replication.md#0"",""selected_sentence_indices"":[0,1,2,3,4],""original_tokens"":83,""optimized_tokens"":83},{""source_id"":""datasets\\raw\\postgres-replication.md#4"",""selected_sentence_indices"":[0,1],""original_tokens"":34,""optimized_tokens"":34},{""source_id"":""datasets\\raw\\kafka-overview.md#2"",""selected_sentence_indices"":[2,3,4,5],""original_tokens"":90,""optimized_tokens"":55}]",neighbor_window,1
qt023,VAGUE,neighbor-1,Why is my workload still pending?,5,5,2,405,398,7,0.01728395061728395,1,4,1.0050251256281406,0.3200379000045359,datasets\raw\kubernetes-scheduling.md|datasets\raw\kubernetes-scheduling.md|datasets\raw\kubernetes-scheduling.md|datasets\raw\postgres-replication.md|datasets\raw\kubernetes-scheduling.md,"[{""source_id"":""datasets\\raw\\kubernetes-scheduling.md#0"",""selected_sentence_indices"":[0,1,2,3],""original_tokens"":91,""optimized_tokens"":87},{""source_id"":""datasets\\raw\\kubernetes-scheduling.md#1"",""selected_sentence_indices"":[0,1,2,3,4,5,6],""original_tokens"":94,""optimized_tokens"":94},{""source_id"":""datasets\\raw\\kubernetes-scheduling.md#2"",""selected_sentence_indices"":[0,1,2,3,4,5,6],""original_tokens"":96,""optimized_tokens"":96},{""source_id"":""datasets\\raw\\postgres-replication.md#1"",""selected_sentence_indices"":[0,1,2,3],""original_tokens"":87,""optimized_tokens"":84},{""source_id"":""datasets\\raw\\kubernetes-scheduling.md#3"",""selected_sentence_indices"":[0,1],""original_tokens"":37,""optimized_tokens"":37}]",neighbor_window,1
qt024,VAGUE,neighbor-1,How can I read the same messages again?,5,5,3,399,378,21,0.05263157894736842,1,2,0.5291005291005292,0.30526209995150566,datasets\raw\kafka-overview.md|datasets\raw\postgres-mvcc.md|datasets\raw\kafka-overview.md|datasets\raw\postgres-mvcc.md|datasets\raw\postgres-replication.md,"[{""source_id"":""datasets\\raw\\kafka-overview.md#2"",""selected_sentence_indices"":[0,1,2,3,4],""original_tokens"":90,""optimized_tokens"":82},{""source_id"":""datasets\\raw\\postgres-mvcc.md#1"",""selected_sentence_indices"":[0,1,2,3,4],""original_tokens"":94,""optimized_tokens"":81},{""source_id"":""datasets\\raw\\kafka-overview.md#3"",""selected_sentence_indices"":[0,1],""original_tokens"":41,""optimized_tokens"":41},{""source_id"":""datasets\\raw\\postgres-mvcc.md#0"",""selected_sentence_indices"":[0,1,2,3,4],""original_tokens"":91,""optimized_tokens"":91},{""source_id"":""datasets\\raw\\postgres-replication.md#0"",""selected_sentence_indices"":[0,1,2,3,4],""original_tokens"":83,""optimized_tokens"":83}]",neighbor_window,1
qt025,VAGUE,neighbor-1,Why is commit slower now?,5,5,2,389,389,0,0.0,1,2,0.5141388174807198,0.2701443999540061,datasets\raw\postgres-mvcc.md|datasets\raw\postgres-mvcc.md|datasets\raw\postgres-replication.md|datasets\raw\postgres-mvcc.md|datasets\raw\postgres-replication.md,"[{""source_id"":""datasets\\raw\\postgres-mvcc.md#1"",""selected_sentence_indices"":[0,1,2,3,4,5],""original_tokens"":94,""optimized_tokens"":94},{""source_id"":""datasets\\raw\\postgres-mvcc.md#0"",""selected_sentence_indices"":[0,1,2,3,4],""original_tokens"":91,""optimized_tokens"":91},{""source_id"":""datasets\\raw\\postgres-replication.md#1"",""selected_sentence_indices"":[0,1,2,3,4],""original_tokens"":87,""optimized_tokens"":87},{""source_id"":""datasets\\raw\\postgres-mvcc.md#3"",""selected_sentence_indices"":[0],""original_tokens"":26,""optimized_tokens"":26},{""source_id"":""datasets\\raw\\postgres-replication.md#2"",""selected_sentence_indices"":[0,1,2,3,4],""original_tokens"":91,""optimized_tokens"":91}]",neighbor_window,1
qt026,VAGUE,neighbor-1,Why do reads keep changing between statements?,5,5,2,386,349,37,0.09585492227979274,1,3,0.8595988538681948,0.25762880011461675,datasets\raw\postgres-mvcc.md|datasets\raw\postgres-mvcc.md|datasets\raw\postgres-mvcc.md|datasets\raw\postgres-replication.md|datasets\raw\postgres-replication.md,"[{""source_id"":""datasets\\raw\\postgres-mvcc.md#1"",""selected_sentence_indices"":[0,1,2,3,4],""original_tokens"":94,""optimized_tokens"":81},{""source_id"":""datasets\\raw\\postgres-mvcc.md#0"",""selected_sentence_indices"":[0,1,2,3,4],""original_tokens"":91,""optimized_tokens"":91},{""source_id"":""datasets\\raw\\postgres-mvcc.md#3"",""selected_sentence_indices"":[0],""original_tokens"":26,""optimized_tokens"":26},{""source_id"":""datasets\\raw\\postgres-replication.md#3"",""selected_sentence_indices"":[1,2,3,4],""original_tokens"":92,""optimized_tokens"":68},{""source_id"":""datasets\\raw\\postgres-replication.md#0"",""selected_sentence_indices"":[0,1,2,3,4],""original_tokens"":83,""optimized_tokens"":83}]",neighbor_window,1
qt027,VAGUE,neighbor-1,Why won't this workload run on that machine?,5,5,2,405,402,3,0.007407407407407408,1,4,0.9950248756218907,0.3097320001106709,datasets\raw\kubernetes-scheduling.md|datasets\raw\kubernetes-scheduling.md|datasets\raw\kubernetes-scheduling.md|datasets\raw\kubernetes-scheduling.md|datasets\raw\postgres-replication.md,"[{""source_id"":""datasets\\raw\\kubernetes-scheduling.md#0"",""selected_sentence_indices"":[0,1,2,3,4],""original_tokens"":91,""optimized_tokens"":91},{""source_id"":""datasets\\raw\\kubernetes-scheduling.md#3"",""selected_sentence_indices"":[0,1],""original_tokens"":37,""optimized_tokens"":37},{""source_id"":""datasets\\raw\\kubernetes-scheduling.md#1"",""selected_sentence_indices"":[0,1,2,3,4,5,6],""original_tokens"":94,""optimized_tokens"":94},{""source_id"":""datasets\\raw\\kubernetes-scheduling.md#2"",""selected_sentence_indices"":[0,1,2,3,4,5,6],""original_tokens"":96,""optimized_tokens"":96},{""source_id"":""datasets\\raw\\postgres-replication.md#1"",""selected_sentence_indices"":[0,1,2,3],""original_tokens"":87,""optimized_tokens"":84}]",neighbor_window,1
qt028,VAGUE,neighbor-1,Why isn't one reader handling every partition?,5,5,2,405,348,57,0.14074074074074075,1,4,1.1494252873563218,0.30292150005698204,datasets\raw\kafka-overview.md|datasets\raw\kafka-overview.md|datasets\raw\postgres-mvcc.md|datasets\raw\kafka-overview.md|datasets\raw\kafka-overview.md,"[{""source_id"":""datasets\\raw\\kafka-overview.md#2"",""selected_sentence_indices"":[0,1,2,3],""original_tokens"":90,""optimized_tokens"":71},{""source_id"":""datasets\\raw\\kafka-overview.md#1"",""selected_sentence_indices"":[0,1,2,3,4,5,6],""original_tokens"":93,""optimized_tokens"":93},{""source_id"":""datasets\\raw\\postgres-mvcc.md#1"",""selected_sentence_indices"":[0,1,2,3,4],""original_tokens"":94,""optimized_tokens"":81},{""source_id"":""datasets\\raw\\kafka-overview.md#3"",""selected_sentence_indices"":[0,1],""original_tokens"":41,""optimized_tokens"":41},{""source_id"":""datasets\\raw\\kafka-overview.md#0"",""selected_sentence_indices"":[1,2,3,4,5],""original_tokens"":87,""optimized_tokens"":62}]",neighbor_window,1
qt029,VAGUE,neighbor-1,Why is the log filling the disk?,5,5,3,399,338,61,0.15288220551378445,1,2,0.591715976331361,0.2948509000707418,datasets\raw\kafka-overview.md|datasets\raw\postgres-mvcc.md|datasets\raw\kafka-overview.md|datasets\raw\postgres-replication.md|datasets\raw\postgres-replication.md,"[{""source_id"":""datasets\\raw\\kafka-overview.md#3"",""selected_sentence_indices"":[0,1],""original_tokens"":41,""optimized_tokens"":41},{""source_id"":""datasets\\raw\\postgres-mvcc.md#2"",""selected_sentence_indices"":[0,1,2,3],""original_tokens"":93,""optimized_tokens"":56},{""source_id"":""datasets\\raw\\kafka-overview.md#2"",""selected_sentence_indices"":[0,1,3,4,5],""original_tokens"":90,""optimized_tokens"":66},{""source_id"":""datasets\\raw\\postgres-replication.md#0"",""selected_sentence_indices"":[0,1,2,3,4],""original_tokens"":83,""optimized_tokens"":83},{""source_id"":""datasets\\raw\\postgres-replication.md#3"",""selected_sentence_indices"":[0,1,2,3,4],""original_tokens"":92,""optimized_tokens"":92}]",neighbor_window,1
qt030,VAGUE,neighbor-1,Who actually starts the containers?,5,5,2,411,411,0,0.0,1,4,0.97323600973236,0.2938634001184255,datasets\raw\kubernetes-scheduling.md|datasets\raw\kubernetes-scheduling.md|datasets\raw\kubernetes-scheduling.md|datasets\raw\kubernetes-scheduling.md|datasets\raw\kafka-overview.md,"[{""source_id"":""datasets\\raw\\kubernetes-scheduling.md#3"",""selected_sentence_indices"":[0,1],""original_tokens"":37,""optimized_tokens"":37},{""source_id"":""datasets\\raw\\kubernetes-scheduling.md#2"",""selected_sentence_indices"":[0,1,2,3,4,5,6],""original_tokens"":96,""optimized_tokens"":96},{""source_id"":""datasets\\raw\\kubernetes-scheduling.md#0"",""selected_sentence_indices"":[0,1,2,3,4],""original_tokens"":91,""optimized_tokens"":91},{""source_id"":""datasets\\raw\\kubernetes-scheduling.md#1"",""selected_sentence_indices"":[0,1,2,3,4,5,6],""original_tokens"":94,""optimized_tokens"":94},{""source_id"":""datasets\\raw\\kafka-overview.md#1"",""selected_sentence_indices"":[0,1,2,3,4,5,6],""original_tokens"":93,""optimized_tokens"":93}]",neighbor_window,1
qt031,EXACT_IDENTIFIER,neighbor-1,What does WAL do in PostgreSQL streaming replication?,5,5,2,381,381,0,0.0,1,3,0.7874015748031495,0.2693524002097547,datasets\raw\postgres-replication.md|datasets\raw\postgres-replication.md|datasets\raw\postgres-replication.md|datasets\raw\postgres-mvcc.md|datasets\raw\postgres-mvcc.md,"[{""source_id"":""datasets\\raw\\postgres-replication.md#0"",""selected_sentence_indices"":[0,1,2,3,4],""original_tokens"":83,""optimized_tokens"":83},{""source_id"":""datasets\\raw\\postgres-replication.md#1"",""selected_sentence_indices"":[0,1,2,3,4],""original_tokens"":87,""optimized_tokens"":87},{""source_id"":""datasets\\raw\\postgres-replication.md#3"",""selected_sentence_indices"":[0,1,2,3,4],""original_tokens"":92,""optimized_tokens"":92},{""source_id"":""datasets\\raw\\postgres-mvcc.md#3"",""selected_sentence_indices"":[0],""original_tokens"":26,""optimized_tokens"":26},{""source_id"":""datasets\\raw\\postgres-mvcc.md#2"",""selected_sentence_indices"":[0,1,2,3,4,5],""original_tokens"":93,""optimized_tokens"":93}]",neighbor_window,1
qt032,EXACT_IDENTIFIER,neighbor-1,What does MVCC provide in PostgreSQL?,5,5,2,387,373,14,0.03617571059431524,1,4,1.0723860589812333,0.32341539999470115,datasets\raw\postgres-mvcc.md|datasets\raw\postgres-mvcc.md|datasets\raw\postgres-mvcc.md|datasets\raw\postgres-mvcc.md|datasets\raw\postgres-replication.md,"[{""source_id"":""datasets\\raw\\postgres-mvcc.md#3"",""selected_sentence_indices"":[0],""original_tokens"":26,""optimized_tokens"":26},{""source_id"":""datasets\\raw\\postgres-mvcc.md#0"",""selected_sentence_indices"":[0,1,2,3,4],""original_tokens"":91,""optimized_tokens"":91},{""source_id"":""datasets\\raw\\postgres-mvcc.md#1"",""selected_sentence_indices"":[1,2,3,4,5],""original_tokens"":94,""optimized_tokens"":89},{""source_id"":""datasets\\raw\\postgres-mvcc.md#2"",""selected_sentence_indices"":[0,1,2,3,4,5],""original_tokens"":93,""optimized_tokens"":93},{""source_id"":""datasets\\raw\\postgres-replication.md#0"",""selected_sentence_indices"":[0,1,2,3],""original_tokens"":83,""optimized_tokens"":74}]",neighbor_window,1
qt033,EXACT_IDENTIFIER,neighbor-1,What does VACUUM do with obsolete row versions?,5,5,2,404,318,86,0.21287128712871287,1,3,0.9433962264150942,0.3400388997979462,datasets\raw\postgres-mvcc.md|datasets\raw\postgres-mvcc.md|datasets\raw\postgres-mvcc.md|datasets\raw\postgres-replication.md|datasets\raw\postgres-replication.md,"[{""source_id"":""datasets\\raw\\postgres-mvcc.md#2"",""selected_sentence_indices"":[0,1,2,3],""original_tokens"":93,""optimized_tokens"":56},{""source_id"":""datasets\\raw\\postgres-mvcc.md#1"",""selected_sentence_indices"":[0,1,3,4,5],""original_tokens"":94,""optimized_tokens"":69},{""source_id"":""datasets\\raw\\postgres-mvcc.md#0"",""selected_sentence_indices"":[0,1,2,3,4],""original_tokens"":91,""optimized_tokens"":91},{""source_id"":""datasets\\raw\\postgres-replication.md#4"",""selected_sentence_indices"":[0,1],""original_tokens"":34,""optimized_tokens"":34},{""source_id"":""datasets\\raw\\postgres-replication.md#3"",""selected_sentence_indices"":[1,2,3,4],""original_tokens"":92,""optimized_tokens"":68}]",neighbor_window,1
qt034,EXACT_IDENTIFIER,neighbor-1,How does Read Committed choose snapshots?,5,5,3,445,381,64,0.14382022471910114,1,2,0.5249343832020997,0.31282390002161264,datasets\raw\postgres-mvcc.md|datasets\raw\postgres-mvcc.md|datasets\raw\postgres-replication.md|datasets\raw\kafka-overview.md|datasets\raw\postgres-replication.md,"[{""source_id"":""datasets\\raw\\postgres-mvcc.md#0"",""selected_sentence_indices"":[1,2,3,4],""original_tokens"":91,""optimized_tokens"":63},{""source_id"":""datasets\\raw\\postgres-mvcc.md#1"",""selected_sentence_indices"":[0,1,2,3,4],""original_tokens"":94,""optimized_tokens"":81},{""source_id"":""datasets\\raw\\postgres-replication.md#1"",""selected_sentence_indices"":[0,1,2,3,4],""original_tokens"":87,""optimized_tokens"":87},{""source_id"":""datasets\\raw\\kafka-overview.md#2"",""selected_sentence_indices"":[1,2,3,4,5],""original_tokens"":90,""optimized_tokens"":67},{""source_id"":""datasets\\raw\\postgres-replication.md#0"",""selected_sentence_indices"":[0,1,2,3,4],""original_tokens"":83,""optimized_tokens"":83}]",neighbor_window,1
qt035,EXACT_IDENTIFIER,neighbor-1,How does Repeatable Read use a snapshot?,5,5,3,450,401,49,0.10888888888888888,1,2,0.49875311720698257,0.32780410000123084,datasets\raw\postgres-mvcc.md|datasets\raw\postgres-mvcc.md|datasets\raw\postgres-replication.md|datasets\raw\kafka-overview.md|datasets\raw\postgres-replication.md,"[{""source_id"":""datasets\\raw\\postgres-mvcc.md#1"",""selected_sentence_indices"":[0,1,2,3,4],""original_tokens"":94,""optimized_tokens"":81},{""source_id"":""datasets\\raw\\postgres-mvcc.md#0"",""selected_sentence_indices"":[1,2,3,4],""original_tokens"":91,""optimized_tokens"":63},{""source_id"":""datasets\\raw\\postgres-replication.md#0"",""selected_sentence_indices"":[0,1,2,3,4],""original_tokens"":83,""optimized_tokens"":83},{""source_id"":""datasets\\raw\\kafka-overview.md#2"",""selected_sentence_indices"":[0,1,2,3,4],""original_tokens"":90,""optimized_tokens"":82},{""source_id"":""datasets\\raw\\postgres-replication.md#3"",""selected_sentence_indices"":[0,1,2,3,4],""original_tokens"":92,""optimized_tokens"":92}]",neighbor_window,1
qt036,EXACT_IDENTIFIER,neighbor-1,What does node affinity do for a Pod?,5,5,2,411,403,8,0.019464720194647202,1,4,0.9925558312655086,0.32294850004836917,datasets\raw\kubernetes-scheduling.md|datasets\raw\kubernetes-scheduling.md|datasets\raw\kubernetes-scheduling.md|datasets\raw\kubernetes-scheduling.md|datasets\raw\kafka-overview.md,"[{""source_id"":""datasets\\raw\\kubernetes-scheduling.md#2"",""selected_sentence_indices"":[1,2,3,4,5,6],""original_tokens"":96,""optimized_tokens"":92},{""source_id"":""datasets\\raw\\kubernetes-scheduling.md#0"",""selected_sentence_indices"":[0,1,2,3],""original_tokens"":91,""optimized_tokens"":87},{""source_id"":""datasets\\raw\\kubernetes-scheduling.md#3"",""selected_sentence_indices"":[0,1],""original_tokens"":37,""optimized_tokens"":37},{""source_id"":""datasets\\raw\\kubernetes-scheduling.md#1"",""selected_sentence_indices"":[0,1,2,3,4,5,6],""original_tokens"":94,""optimized_tokens"":94},{""source_id"":""datasets\\raw\\kafka-overview.md#1"",""selected_sentence_indices"":[0,1,2,3,4,5,6],""original_tokens"":93,""optimized_tokens"":93}]",neighbor_window,1
qt037,EXACT_IDENTIFIER,neighbor-1,What does kubelet do after Pod binding?,5,5,2,355,324,31,0.08732394366197183,1,3,0.9259259259259258,0.28746879985556006,datasets\raw\kubernetes-scheduling.md|datasets\raw\kubernetes-scheduling.md|datasets\raw\kubernetes-scheduling.md|datasets\raw\kafka-overview.md|datasets\raw\kafka-overview.md,"[{""source_id"":""datasets\\raw\\kubernetes-scheduling.md#2"",""selected_sentence_indices"":[1,2,3,4,5,6],""original_tokens"":96,""optimized_tokens"":92},{""source_id"":""datasets\\raw\\kubernetes-scheduling.md#3"",""selected_sentence_indices"":[0,1],""original_tokens"":37,""optimized_tokens"":37},{""source_id"":""datasets\\raw\\kubernetes-scheduling.md#0"",""selected_sentence_indices"":[0,1,2,3],""original_tokens"":91,""optimized_tokens"":87},{""source_id"":""datasets\\raw\\kafka-overview.md#3"",""selected_sentence_indices"":[0,1],""original_tokens"":41,""optimized_tokens"":41},{""source_id"":""datasets\\raw\\kafka-overview.md#2"",""selected_sentence_indices"":[1,2,3,4,5],""original_tokens"":90,""optimized_tokens"":67}]",neighbor_window,1
qt038,EXACT_IDENTIFIER,neighbor-1,What is a Kafka topic partition?,5,5,2,345,320,25,0.07246376811594203,1,4,1.25,0.2804362999740988,datasets\raw\kafka-overview.md|datasets\raw\kafka-overview.md|datasets\raw\kafka-overview.md|datasets\raw\kafka-overview.md|datasets\raw\postgres-replication.md,"[{""source_id"":""datasets\\raw\\kafka-overview.md#0"",""selected_sentence_indices"":[1,2,3,4,5],""original_tokens"":87,""optimized_tokens"":62},{""source_id"":""datasets\\raw\\kafka-overview.md#1"",""selected_sentence_indices"":[0,1,2,3,4,5,6],""original_tokens"":93,""optimized_tokens"":93},{""source_id"":""datasets\\raw\\kafka-overview.md#2"",""selected_sentence_indices"":[0,1,2,3,4,5],""original_tokens"":90,""optimized_tokens"":90},{""source_id"":""datasets\\raw\\kafka-overview.md#3"",""selected_sentence_indices"":[0,1],""original_tokens"":41,""optimized_tokens"":41},{""source_id"":""datasets\\raw\\postgres-replication.md#4"",""selected_sentence_indices"":[0,1],""original_tokens"":34,""optimized_tokens"":34}]",neighbor_window,1
qt039,EXACT_IDENTIFIER,neighbor-1,What does a Kafka consumer group do?,5,5,2,404,393,11,0.027227722772277228,1,4,1.0178117048346056,0.33476419979706407,datasets\raw\kafka-overview.md|datasets\raw\kafka-overview.md|datasets\raw\kafka-overview.md|datasets\raw\kafka-overview.md|datasets\raw\postgres-mvcc.md,"[{""source_id"":""datasets\\raw\\kafka-overview.md#1"",""selected_sentence_indices"":[0,1,2,3,4,5,6],""original_tokens"":93,""optimized_tokens"":93},{""source_id"":""datasets\\raw\\kafka-overview.md#2"",""selected_sentence_indices"":[0,1,2,3,4,5],""original_tokens"":90,""optimized_tokens"":90},{""source_id"":""datasets\\raw\\kafka-overview.md#0"",""selected_sentence_indices"":[0,1,3,4,5],""original_tokens"":87,""optimized_tokens"":80},{""source_id"":""datasets\\raw\\kafka-overview.md#3"",""selected_sentence_indices"":[0,1],""original_tokens"":41,""optimized_tokens"":41},{""source_id"":""datasets\\raw\\postgres-mvcc.md#2"",""selected_sentence_indices"":[1,2,3,4,5],""original_tokens"":93,""optimized_tokens"":89}]",neighbor_window,1
qt040,EXACT_IDENTIFIER,neighbor-1,What is a replication slot?,5,5,2,386,351,35,0.09067357512953368,1,4,1.1396011396011396,0.2982544000260532,datasets\raw\postgres-replication.md|datasets\raw\postgres-replication.md|datasets\raw\postgres-replication.md|datasets\raw\postgres-replication.md|datasets\raw\kafka-overview.md,"[{""source_id"":""datasets\\raw\\postgres-replication.md#3"",""selected_sentence_indices"":[0,1,2,3,4],""original_tokens"":92,""optimized_tokens"":92},{""source_id"":""datasets\\raw\\postgres-replication.md#0"",""selected_sentence_indices"":[0,1,2,3,4],""original_tokens"":83,""optimized_tokens"":83},{""source_id"":""datasets\\raw\\postgres-replication.md#4"",""selected_sentence_indices"":[0,1],""original_tokens"":34,""optimized_tokens"":34},{""source_id"":""datasets\\raw\\postgres-replication.md#1"",""selected_sentence_indices"":[0,1,2,3,4],""original_tokens"":87,""optimized_tokens"":87},{""source_id"":""datasets\\raw\\kafka-overview.md#2"",""selected_sentence_indices"":[2,3,4,5],""original_tokens"":90,""optimized_tokens"":55}]",neighbor_window,1
qt041,MULTI_PART,neighbor-1,"How does streaming replication work, and what can happen if an asynchronous standby has not received the latest WAL?",5,5,2,379,363,16,0.04221635883905013,1,4,1.1019283746556474,0.29954339982941747,datasets\raw\postgres-replication.md|datasets\raw\postgres-replication.md|datasets\raw\postgres-replication.md|datasets\raw\postgres-mvcc.md|datasets\raw\postgres-replication.md,"[{""source_id"":""datasets\\raw\\postgres-replication.md#1"",""selected_sentence_indices"":[0,1,2,3,4],""original_tokens"":87,""optimized_tokens"":87},{""source_id"":""datasets\\raw\\postgres-replication.md#0"",""selected_sentence_indices"":[0,1,2,3,4],""original_tokens"":83,""optimized_tokens"":83},{""source_id"":""datasets\\raw\\postgres-replication.md#3"",""selected_sentence_indices"":[0,1,2,3,4],""original_tokens"":92,""optimized_tokens"":92},{""source_id"":""datasets\\raw\\postgres-mvcc.md#3"",""selected_sentence_indices"":[0],""original_tokens"":26,""optimized_tokens"":26},{""source_id"":""datasets\\raw\\postgres-replication.md#2"",""selected_sentence_indices"":[1,2,3,4],""original_tokens"":91,""optimized_tokens"":75}]",neighbor_window,1
qt042,MULTI_PART,neighbor-1,"How do snapshots provide MVCC visibility, and how does VACUUM reclaim obsolete versions?",5,5,2,396,349,47,0.11868686868686869,1,4,1.146131805157593,0.3152017001993954,datasets\raw\postgres-mvcc.md|datasets\raw\postgres-mvcc.md|datasets\raw\postgres-mvcc.md|datasets\raw\postgres-mvcc.md|datasets\raw\postgres-replication.md,"[{""source_id"":""datasets\\raw\\postgres-mvcc.md#2"",""selected_sentence_indices"":[0,1,2,3,4,5],""original_tokens"":93,""optimized_tokens"":93},{""source_id"":""datasets\\raw\\postgres-mvcc.md#0"",""selected_sentence_indices"":[1,2,3,4],""original_tokens"":91,""optimized_tokens"":63},{""source_id"":""datasets\\raw\\postgres-mvcc.md#1"",""selected_sentence_indices"":[0,1,2,4,5],""original_tokens"":94,""optimized_tokens"":75},{""source_id"":""datasets\\raw\\postgres-mvcc.md#3"",""selected_sentence_indices"":[0],""original_tokens"":26,""optimized_tokens"":26},{""source_id"":""datasets\\raw\\postgres-replication.md#3"",""selected_sentence_indices"":[0,1,2,3,4],""original_tokens"":92,""optimized_tokens"":92}]",neighbor_window,1
qt043,MULTI_PART,neighbor-1,"How does Kubernetes filter and score nodes, and what happens after a Pod is bound?",5,5,2,411,389,22,0.0535279805352798,1,4,1.0282776349614395,0.3738158999476582,datasets\raw\kubernetes-scheduling.md|datasets\raw\kubernetes-scheduling.md|datasets\raw\kubernetes-scheduling.md|datasets\raw\kubernetes-scheduling.md|datasets\raw\kafka-overview.md,"[{""source_id"":""datasets\\raw\\kubernetes-scheduling.md#0"",""selected_sentence_indices"":[0,1,2,3],""original_tokens"":91,""optimized_tokens"":87},{""source_id"":""datasets\\raw\\kubernetes-scheduling.md#2"",""selected_sentence_indices"":[1,2,3,4,5,6],""original_tokens"":96,""optimized_tokens"":92},{""source_id"":""datasets\\raw\\kubernetes-scheduling.md#3"",""selected_sentence_indices"":[0,1],""original_tokens"":37,""optimized_tokens"":37},{""source_id"":""datasets\\raw\\kubernetes-scheduling.md#1"",""selected_sentence_indices"":[0,1,2,3,4,5],""original_tokens"":94,""optimized_tokens"":80},{""source_id"":""datasets\\raw\\kafka-overview.md#1"",""selected_sentence_indices"":[0,1,2,3,4,5,6],""original_tokens"":93,""optimized_tokens"":93}]",neighbor_window,1
qt044,MULTI_PART,neighbor-1,"How do Kafka partitions enable parallelism, and how are they replicated across brokers?",5,5,2,345,338,7,0.020289855072463767,1,4,1.183431952662722,0.32601409987546504,datasets\raw\kafka-overview.md|datasets\raw\kafka-overview.md|datasets\raw\kafka-overview.md|datasets\raw\kafka-overview.md|datasets\raw\postgres-replication.md,"[{""source_id"":""datasets\\raw\\kafka-overview.md#1"",""selected_sentence_indices"":[0,1,2,3,4,5,6],""original_tokens"":93,""optimized_tokens"":93},{""source_id"":""datasets\\raw\\kafka-overview.md#2"",""selected_sentence_indices"":[0,1,2,3,4,5],""original_tokens"":90,""optimized_tokens"":90},{""source_id"":""datasets\\raw\\kafka-overview.md#0"",""selected_sentence_indices"":[0,1,3,4,5],""original_tokens"":87,""optimized_tokens"":80},{""source_id"":""datasets\\raw\\kafka-overview.md#3"",""selected_sentence_indices"":[0,1],""original_tokens"":41,""optimized_tokens"":41},{""source_id"":""datasets\\raw\\postgres-replication.md#4"",""selected_sentence_indices"":[0,1],""original_tokens"":34,""optimized_tokens"":34}]",neighbor_window,1
qt045,MULTI_PART,neighbor-1,"What improves with synchronous replication, and why can commit latency increase?",5,5,2,386,351,35,0.09067357512953368,1,4,1.1396011396011396,0.32497120019979775,datasets\raw\postgres-replication.md|datasets\raw\postgres-replication.md|datasets\raw\postgres-replication.md|datasets\raw\kafka-overview.md|datasets\raw\postgres-replication.md,"[{""source_id"":""datasets\\raw\\postgres-replication.md#1"",""selected_sentence_indices"":[0,1,2,3,4],""original_tokens"":87,""optimized_tokens"":87},{""source_id"":""datasets\\raw\\postgres-replication.md#3"",""selected_sentence_indices"":[0,1,2,3,4],""original_tokens"":92,""optimized_tokens"":92},{""source_id"":""datasets\\raw\\postgres-replication.md#0"",""selected_sentence_indices"":[0,1,2,3,4],""original_tokens"":83,""optimized_tokens"":83},{""source_id"":""datasets\\raw\\kafka-overview.md#2"",""selected_sentence_indices"":[2,3,4,5],""original_tokens"":90,""optimized_tokens"":55},{""source_id"":""datasets\\raw\\postgres-replication.md#4"",""selected_sentence_indices"":[0,1],""original_tokens"":34,""optimized_tokens"":34}]",neighbor_window,1
qt046,MULTI_PART,neighbor-1,"Why do readers usually avoid blocking writers, and when are row locks still used?",5,5,3,454,441,13,0.028634361233480177,1,2,0.4535147392290249,0.3529671998694539,datasets\raw\postgres-mvcc.md|datasets\raw\postgres-mvcc.md|datasets\raw\postgres-replication.md|datasets\raw\kafka-overview.md|datasets\raw\postgres-replication.md,"[{""source_id"":""datasets\\raw\\postgres-mvcc.md#1"",""selected_sentence_indices"":[1,2,3,4,5],""original_tokens"":94,""optimized_tokens"":89},{""source_id"":""datasets\\raw\\postgres-mvcc.md#0"",""selected_sentence_indices"":[0,1,2,3,4],""original_tokens"":91,""optimized_tokens"":91},{""source_id"":""datasets\\raw\\postgres-replication.md#3"",""selected_sentence_indices"":[0,1,2,3,4],""original_tokens"":92,""optimized_tokens"":92},{""source_id"":""datasets\\raw\\kafka-overview.md#2"",""selected_sentence_indices"":[0,1,2,3,4],""original_tokens"":90,""optimized_tokens"":82},{""source_id"":""datasets\\raw\\postgres-replication.md#1"",""selected_sentence_indices"":[0,1,2,3,4],""original_tokens"":87,""optimized_tokens"":87}]",neighbor_window,1
qt047,MULTI_PART,neighbor-1,"How do taints, tolerations, and node affinity jointly influence Pod placement?",5,5,2,408,365,43,0.1053921568627451,1,4,1.095890410958904,0.3682107999920845,datasets\raw\kubernetes-scheduling.md|datasets\raw\kubernetes-scheduling.md|datasets\raw\kubernetes-scheduling.md|datasets\raw\kubernetes-scheduling.md|datasets\raw\kafka-overview.md,"[{""source_id"":""datasets\\raw\\kubernetes-scheduling.md#2"",""selected_sentence_indices"":[1,2,3,4,5,6],""original_tokens"":96,""optimized_tokens"":92},{""source_id"":""datasets\\raw\\kubernetes-scheduling.md#0"",""selected_sentence_indices"":[0,1,2,3,4],""original_tokens"":91,""optimized_tokens"":91},{""source_id"":""datasets\\raw\\kubernetes-scheduling.md#1"",""selected_sentence_indices"":[1,2,3,4,5,6],""original_tokens"":94,""optimized_tokens"":79},{""source_id"":""datasets\\raw\\kubernetes-scheduling.md#3"",""selected_sentence_indices"":[0,1],""original_tokens"":37,""optimized_tokens"":37},{""source_id"":""datasets\\raw\\kafka-overview.md#2"",""selected_sentence_indices"":[0,1,3,4,5],""original_tokens"":90,""optimized_tokens"":66}]",neighbor_window,1
qt048,MULTI_PART,neighbor-1,"How do consumer groups distribute partitions, and how can consumers replay old events?",5,5,2,403,384,19,0.04714640198511166,1,4,1.0416666666666667,0.3494278001599014,datasets\raw\kafka-overview.md|datasets\raw\kafka-overview.md|datasets\raw\kafka-overview.md|datasets\raw\kafka-overview.md|datasets\raw\postgres-replication.md,"[{""source_id"":""datasets\\raw\\kafka-overview.md#2"",""selected_sentence_indices"":[0,1,2,3,4],""original_tokens"":90,""optimized_tokens"":82},{""source_id"":""datasets\\raw\\kafka-overview.md#1"",""selected_sentence_indices"":[1,2,3,4,5,6],""original_tokens"":93,""optimized_tokens"":82},{""source_id"":""datasets\\raw\\kafka-overview.md#3"",""selected_sentence_indices"":[0,1],""original_tokens"":41,""optimized_tokens"":41},{""source_id"":""datasets\\raw\\kafka-overview.md#0"",""selected_sentence_indices"":[0,1,2,3,4,5],""original_tokens"":87,""optimized_tokens"":87},{""source_id"":""datasets\\raw\\postgres-replication.md#3"",""selected_sentence_indices"":[0,1,2,3,4],""original_tokens"":92,""optimized_tokens"":92}]",neighbor_window,1
qt049,MULTI_PART,neighbor-1,"How is a standby promoted, and why is external failover orchestration often used?",5,5,2,394,366,28,0.07106598984771574,1,4,1.0928961748633879,0.3362371998373419,datasets\raw\postgres-replication.md|datasets\raw\postgres-replication.md|datasets\raw\postgres-replication.md|datasets\raw\postgres-replication.md|datasets\raw\kafka-overview.md,"[{""source_id"":""datasets\\raw\\postgres-replication.md#2"",""selected_sentence_indices"":[1,2,3,4],""original_tokens"":91,""optimized_tokens"":75},{""source_id"":""datasets\\raw\\postgres-replication.md#3"",""selected_sentence_indices"":[0,1,2,3],""original_tokens"":92,""optimized_tokens"":80},{""source_id"":""datasets\\raw\\postgres-replication.md#1"",""selected_sentence_indices"":[0,1,2,3,4],""original_tokens"":87,""optimized_tokens"":87},{""source_id"":""datasets\\raw\\postgres-replication.md#0"",""selected_sentence_indices"":[0,1,2,3,4],""original_tokens"":83,""optimized_tokens"":83},{""source_id"":""datasets\\raw\\kafka-overview.md#3"",""selected_sentence_indices"":[0,1],""original_tokens"":41,""optimized_tokens"":41}]",neighbor_window,1
qt050,MULTI_PART,neighbor-1,"How do resource requests affect scheduling, and how are they different from limits?",5,5,2,408,404,4,0.00980392156862745,1,4,0.9900990099009901,0.31825529993511736,datasets\raw\kubernetes-scheduling.md|datasets\raw\kubernetes-scheduling.md|datasets\raw\kubernetes-scheduling.md|datasets\raw\kubernetes-scheduling.md|datasets\raw\kafka-overview.md,"[{""source_id"":""datasets\\raw\\kubernetes-scheduling.md#1"",""selected_sentence_indices"":[0,1,2,3,4,5,6],""original_tokens"":94,""optimized_tokens"":94},{""source_id"":""datasets\\raw\\kubernetes-scheduling.md#2"",""selected_sentence_indices"":[0,1,2,3,4,5,6],""original_tokens"":96,""optimized_tokens"":96},{""source_id"":""datasets\\raw\\kubernetes-scheduling.md#0"",""selected_sentence_indices"":[0,1,2,3],""original_tokens"":91,""optimized_tokens"":87},{""source_id"":""datasets\\raw\\kubernetes-scheduling.md#3"",""selected_sentence_indices"":[0,1],""original_tokens"":37,""optimized_tokens"":37},{""source_id"":""datasets\\raw\\kafka-overview.md#2"",""selected_sentence_indices"":[0,1,2,3,4,5],""original_tokens"":90,""optimized_tokens"":90}]",neighbor_window,1
